timestamp,property_id,property_name,unit,floor,floorplan,plan_cat,bed_label,beds,baths,sqft,rent_min,rent_max,rent_all_in,status,available_date,unit_id,fp_id
2026-08-22T23:03:24.506Z,825-south-hill,825 South Hill,201,2,A2,2-bed-den,2 Bed + Den,2,,1090,3909,5010,,available,,29417540,2413008
2026-08-22T23:03:24.506Z,825-south-hill,825 South Hill,301,3,A2,2-bed-den,2 Bed + Den,2,,1090,3924,5030,,available,,29417543,2413008
2026-08-22T23:03:24.506Z,825-south-hill,825 South Hill,302,3,B,2-bed,2 Bed,2,,993,3727,4785,,available,,29417544,2413011
2026-08-22T23:03:24.506Z,825-south-hill,825 South Hill,607,6,TH2,townhomes,Townhomes,,,1385,5578,7507,,available,,29417562,2413022
2026-08-22T23:03:24.506Z,825-south-hill,825 South Hill,1505,15,J,2-bed,2 Bed,2,,991,3896,4996,,available_on,2026-09-19,29417141,2413023
2026-08-22T23:03:24.506Z,825-south-hill,825 South Hill,1211,12,J1,2-bed,2 Bed,2,,988,4042,5190,,available,,29417109,2413026
2026-08-22T23:03:24.506Z,825-south-hill,825 South Hill,4211,42,J1,2-bed,2 Bed,2,,988,4586,5881,,available_on,2026-09-05,29417134,2413026
2026-08-22T23:03:24.506Z,825-south-hill,825 South Hill,3012,30,K,1-bed,1 Bed,1,,670,3499,4457,,available_on,2026-10-12,29417188,2413027
2026-08-22T23:03:24.506Z,825-south-hill,825 South Hill,3412,34,K,1-bed,1 Bed,1,,670,3514,4496,,available_on,2026-08-29,29417189,2413027
2026-08-22T23:03:24.506Z,825-south-hill,825 South Hill,4312,43,K,1-bed,1 Bed,1,,670,3511,4492,,available,,29417198,2413027
2026-08-22T23:03:24.506Z,825-south-hill,825 South Hill,2901,29,K1,1-bed,1 Bed,1,,716,3514,4489,,available_on,2026-09-09,29417218,2413028
2026-08-22T23:03:24.506Z,825-south-hill,825 South Hill,3603,36,M,2-bed-den,2 Bed + Den,2,,1099,4514,5803,,available_on,2026-09-07,29417253,2413032
2026-08-22T23:03:24.506Z,825-south-hill,825 South Hill,3809,38,M1,2-bed-den,2 Bed + Den,2,,1109,4458,5714,,available,,29417286,2413033
2026-08-22T23:03:24.506Z,825-south-hill,825 South Hill,1504,15,N,jr-2-bed,Jr. 2 Bed,2,,792,3272,4207,,available,,29417296,2413034
2026-08-22T23:03:24.506Z,825-south-hill,825 South Hill,2204,22,N,jr-2-bed,Jr. 2 Bed,2,,792,3357,4312,,available_on,2026-09-28,29417302,2413034
2026-08-22T23:03:24.506Z,825-south-hill,825 South Hill,3704,37,N,jr-2-bed,Jr. 2 Bed,2,,792,3597,4621,,available_on,2026-09-07,29417313,2413034
2026-08-22T23:03:24.506Z,825-south-hill,825 South Hill,4204,42,N,jr-2-bed,Jr. 2 Bed,2,,792,3717,4780,,available,,29417317,2413034
2026-08-22T23:03:24.506Z,825-south-hill,825 South Hill,3610,36,N1,jr-2-bed,Jr. 2 Bed,2,,807,3482,4473,,available_on,2026-08-29,29417341,2413035
2026-08-22T23:03:24.506Z,825-south-hill,825 South Hill,4110,41,N1,jr-2-bed,Jr. 2 Bed,2,,807,3545,4559,,available,,29417346,2413035
2026-08-22T23:03:24.506Z,825-south-hill,825 South Hill,4310,43,N1,jr-2-bed,Jr. 2 Bed,2,,807,3667,4700,,available_on,2026-10-07,29417348,2413035
2026-08-22T23:03:24.506Z,825-south-hill,825 South Hill,3902,39,O,1-bed,1 Bed,1,,538,3397,4302,,available_on,2026-10-10,29417415,2413037
2026-08-22T23:03:24.506Z,825-south-hill,825 South Hill,4602,46,O,1-bed,1 Bed,1,,538,3542,4471,,available_on,2026-11-07,29417390,2413037
2026-08-22T23:03:24.506Z,825-south-hill,825 South Hill,1107,11,O1,1-bed,1 Bed,1,,560,3052,3879,,available_on,2026-09-28,29417419,2413039
2026-08-22T23:03:24.506Z,825-south-hill,825 South Hill,4906,49,SKY3,skyhomes,Skyhomes,,,1364,5320,6862,,available,,29417489,2413047
2026-08-22T23:03:24.506Z,825-south-hill,825 South Hill,4703,47,SKY6,skyhomes,Skyhomes,,,1125,5126,6611,,available,,38097680,2413050
2026-08-22T23:03:24.506Z,atelier,Atelier,0614,6,,studio,Studio,0,1,473,2100,2100,2117,available_on,2026-10-24,,
2026-08-22T23:03:24.506Z,atelier,Atelier,0707,7,,1-bed,1 Bed,1,1,778,3556,3556,3573,available_on,2026-10-22,,
2026-08-22T23:03:24.506Z,atelier,Atelier,0806,8,,1-bed,1 Bed,1,1,829,4036,4036,4053,available_on,2026-10-02,,
2026-08-22T23:03:24.506Z,atelier,Atelier,0902,9,,1-bed,1 Bed,1,1,622,3526,3526,3543,available_on,2026-09-15,,
2026-08-22T23:03:24.506Z,atelier,Atelier,1012,10,,1-bed,1 Bed,1,1,685,3816,3816,3833,available_on,2026-09-09,,
2026-08-22T23:03:24.506Z,atelier,Atelier,1402,14,,1-bed,1 Bed,1,1,622,3606,3606,3623,available_on,2026-11-07,,
2026-08-22T23:03:24.506Z,atelier,Atelier,1407,14,,1-bed,1 Bed,1,1,778,3706,3706,3723,available_on,2026-10-07,,
2026-08-22T23:03:24.506Z,atelier,Atelier,1508,15,,1-bed,1 Bed,1,1,778,3721,3721,3738,available_on,2026-10-18,,
2026-08-22T23:03:24.506Z,atelier,Atelier,1905,19,,1-bed,1 Bed,1,1,778,4066,4066,4083,available_on,2026-09-15,,
2026-08-22T23:03:24.506Z,atelier,Atelier,2312,23,,1-bed,1 Bed,1,1,685,4131,4131,4148,available_on,2026-10-08,,
2026-08-22T23:03:24.506Z,atelier,Atelier,2401,24,,2-bed,2 Bed,2,2.5,1377,6380,6380,6397,available_on,2026-08-22,,
2026-08-22T23:03:24.506Z,atelier,Atelier,2404,24,,1-bed,1 Bed,1,1,829,4426,4426,4443,available_on,2026-08-22,,
2026-08-22T23:03:24.506Z,atelier,Atelier,2414,24,,2-bed,2 Bed,2,2,975,4633,4633,4650,available_on,2026-09-07,,
2026-08-22T23:03:24.506Z,atelier,Atelier,2501,25,,2-bed,2 Bed,2,2.5,1377,6400,6400,6417,available_on,2026-08-31,,
2026-08-22T23:03:24.506Z,atelier,Atelier,2504,25,,1-bed,1 Bed,1,1,829,4446,4446,4459,available_on,2026-10-28,,
2026-08-22T23:03:24.506Z,atelier,Atelier,2602,26,,2-bed,2 Bed,2,2.5,1514,7465,7465,7478,available_on,2026-08-27,,
2026-08-22T23:03:24.506Z,atelier,Atelier,2901,29,,2-bed,2 Bed,2,2.5,1377,6480,6480,6497,available_on,2026-08-22,,
2026-08-22T23:03:24.506Z,atelier,Atelier,3106,31,,1-bed,1 Bed,1,1,778,4381,4381,4398,available_on,2026-08-22,,
2026-08-22T23:03:24.506Z,atelier,Atelier,3108,31,,1-bed,1 Bed,1,1,685,4471,4471,4488,available_on,2026-08-22,,
2026-08-22T23:03:24.506Z,atelier,Atelier,3110,31,,1-bed,1 Bed,1,1,685,4556,4556,4573,available_on,2026-08-22,,
2026-08-22T23:03:24.506Z,atelier,Atelier,3210,32,,1-bed,1 Bed,1,1,685,4626,4626,4643,available_on,2026-08-22,,
2026-08-22T23:03:24.506Z,atelier,Atelier,PH01,,,2-bed,2 Bed,2,2.5,1470,8872,8872,8889,available_on,2026-08-22,,
2026-08-22T23:03:24.506Z,atelier,Atelier,PH08,,,3-bed,3 Bed,3,3,1731,9148,9148,9165,available_on,2026-08-22,,
2026-08-22T23:03:24.506Z,eighth-and-grand,Eighth & Grand,0-2017,,,1-bed,1 Bed,1,1,762,2507,2507,2526,available_on,2026-09-10,,
2026-08-22T23:03:24.506Z,eighth-and-grand,Eighth & Grand,0-2037,,,1-bed,1 Bed,1,1,762,2507,2507,2526,available_on,2026-09-15,,
2026-08-22T23:03:24.506Z,eighth-and-grand,Eighth & Grand,0-2041,,,1-bed,1 Bed,1,1,762,2507,2507,2526,available_on,2026-09-05,,
2026-08-22T23:03:24.506Z,eighth-and-grand,Eighth & Grand,0-2051,,,2-bed,2 Bed,2,2.5,1094,3805,3805,3824,available_on,2026-08-22,,
2026-08-22T23:03:24.506Z,eighth-and-grand,Eighth & Grand,0-2077,,,1-bed,1 Bed,1,1,578,2221,2221,2240,available_on,2026-09-26,,
2026-08-22T23:03:24.506Z,eighth-and-grand,Eighth & Grand,0-2102,,,studio,Studio,0,1,527,2139,2139,2158,available_on,2026-10-17,,
2026-08-22T23:03:24.506Z,eighth-and-grand,Eighth & Grand,0-2152,,,studio,Studio,0,1,540,2144,2144,2163,available_on,2026-10-16,,
2026-08-22T23:03:24.506Z,eighth-and-grand,Eighth & Grand,0-2153,,,2-bed,2 Bed,2,2,1168,3560,3560,3579,available_on,2026-08-23,,
2026-08-22T23:03:24.506Z,eighth-and-grand,Eighth & Grand,0-2161,,,2-bed,2 Bed,2,2,1109,3355,3355,3374,available_on,2026-10-10,,
2026-08-22T23:03:24.506Z,eighth-and-grand,Eighth & Grand,0-3028,,,1-bed,1 Bed,1,1,779,2827,2827,2846,available_on,2026-08-22,,
2026-08-22T23:03:24.506Z,eighth-and-grand,Eighth & Grand,0-3104,,,1-bed,1 Bed,1,1,802,2692,2692,2711,available_on,2026-09-28,,
2026-08-22T23:03:24.506Z,eighth-and-grand,Eighth & Grand,0-3136,,,1-bed,1 Bed,1,1,777,2367,2367,2386,available_on,2026-10-12,,
2026-08-22T23:03:24.506Z,eighth-and-grand,Eighth & Grand,0-4003,,,1-bed,1 Bed,1,1,880,2852,2852,2871,available_on,2026-08-22,,
2026-08-22T23:03:24.506Z,eighth-and-grand,Eighth & Grand,0-4028,,,1-bed,1 Bed,1,1,779,2847,2847,2866,available_on,2026-10-09,,
2026-08-22T23:03:24.506Z,eighth-and-grand,Eighth & Grand,0-4071,,,1-bed,1 Bed,1,1,840,2472,2472,2491,available_on,2026-10-23,,
2026-08-22T23:03:24.506Z,eighth-and-grand,Eighth & Grand,0-4080,,,1-bed,1 Bed,1,1,777,2362,2362,2377,available_on,2026-09-29,,
2026-08-22T23:03:24.506Z,eighth-and-grand,Eighth & Grand,0-4108,,,studio,Studio,0,1,540,2269,2269,2284,available_on,2026-08-28,,
2026-08-22T23:03:24.506Z,eighth-and-grand,Eighth & Grand,0-4114,,,studio,Studio,0,1,520,2224,2224,2243,available_on,2026-10-15,,
2026-08-22T23:03:24.506Z,eighth-and-grand,Eighth & Grand,0-4139,,,1-bed,1 Bed,1,1,578,2396,2396,2415,available_on,2026-08-22,,
2026-08-22T23:03:24.506Z,eighth-and-grand,Eighth & Grand,0-5026,,,1-bed,1 Bed,1,1,779,2907,2907,2926,available_on,2026-08-22,,
2026-08-22T23:03:24.506Z,eighth-and-grand,Eighth & Grand,0-5029,,,1-bed,1 Bed,1,1,880,2992,2992,3011,available_on,2026-08-22,,
2026-08-22T23:03:24.506Z,eighth-and-grand,Eighth & Grand,0-5034,,,2-bed,2 Bed,2,2,1046,3365,3365,3384,available_on,2026-08-22,,
2026-08-22T23:03:24.506Z,eighth-and-grand,Eighth & Grand,0-5035,,,1-bed,1 Bed,1,1,880,2917,2917,2936,available_on,2026-08-22,,
2026-08-22T23:03:24.506Z,eighth-and-grand,Eighth & Grand,0-5046,,,1-bed,1 Bed,1,1,578,2441,2441,2460,available_on,2026-09-20,,
2026-08-22T23:03:24.506Z,eighth-and-grand,Eighth & Grand,0-5049,,,2-bed,2 Bed,2,2,1016,3635,3635,3654,available_on,2026-08-22,,
2026-08-22T23:03:24.506Z,eighth-and-grand,Eighth & Grand,0-5086,,,1-bed,1 Bed,1,1,777,2507,2507,2522,available_on,2026-10-06,,
2026-08-22T23:03:24.506Z,eighth-and-grand,Eighth & Grand,0-5094,,,1-bed,1 Bed,1,1,715,2757,2757,2776,available_on,2026-08-22,,
2026-08-22T23:03:24.506Z,eighth-and-grand,Eighth & Grand,0-5096,,,1-bed,1 Bed,1,1,584,2592,2592,2611,available_on,2026-08-30,,
2026-08-22T23:03:24.506Z,eighth-and-grand,Eighth & Grand,0-5153,,,2-bed,2 Bed,2,2,1278,4010,4010,4029,available_on,2026-09-23,,
2026-08-22T23:03:24.506Z,eighth-and-grand,Eighth & Grand,0-5162,,,studio,Studio,0,1,520,2234,2234,2253,available_on,2026-10-30,,
2026-08-22T23:03:24.506Z,eighth-and-grand,Eighth & Grand,0-6002,,,1-bed,1 Bed,1,1,639,2557,2557,2576,available_on,2026-08-22,,
2026-08-22T23:03:24.506Z,eighth-and-grand,Eighth & Grand,0-6011,,,1-bed,1 Bed,1,1,880,2967,2967,2986,available_on,2026-08-22,,
2026-08-22T23:03:24.506Z,eighth-and-grand,Eighth & Grand,0-6017,,,1-bed,1 Bed,1,1,880,3017,3017,3036,available_on,2026-08-22,,
2026-08-22T23:03:24.506Z,eighth-and-grand,Eighth & Grand,0-6035,,,1-bed,1 Bed,1,1,762,2837,2837,2856,available_on,2026-09-02,,
2026-08-22T23:03:24.506Z,eighth-and-grand,Eighth & Grand,0-6037,,,1-bed,1 Bed,1,1,762,2932,2932,2951,available_on,2026-08-22,,
2026-08-22T23:03:24.506Z,eighth-and-grand,Eighth & Grand,0-6057,,,2-bed,2 Bed,2,2,1211,3685,3685,3704,available_on,2026-09-06,,
2026-08-22T23:03:24.506Z,eighth-and-grand,Eighth & Grand,0-6066,,,1-bed,1 Bed,1,1,762,2832,2832,2851,available_on,2026-08-22,,
2026-08-22T23:03:24.506Z,eighth-and-grand,Eighth & Grand,0-6068,,,1-bed,1 Bed,1,1,579,2402,2402,2421,available_on,2026-09-18,,
2026-08-22T23:03:24.506Z,eighth-and-grand,Eighth & Grand,0-6071,,,1-bed,1 Bed,1,1,840,2572,2572,2591,available_on,2026-09-09,,
2026-08-22T23:03:24.506Z,eighth-and-grand,Eighth & Grand,0-6094,,,1-bed,1 Bed,1,1,715,2882,2882,2901,available_on,2026-08-22,,
2026-08-22T23:03:24.506Z,eighth-and-grand,Eighth & Grand,0-6137,,,1-bed,1 Bed,1,1,578,2446,2446,2465,available_on,2026-09-10,,
2026-08-22T23:03:24.506Z,eighth-and-grand,Eighth & Grand,0-6149,,,studio,Studio,0,1,558,2364,2364,2383,available_on,2026-08-25,,
2026-08-22T23:03:24.506Z,eighth-and-grand,Eighth & Grand,0-6152,,,studio,Studio,0,1,540,2369,2369,2388,available_on,2026-11-01,,
2026-08-22T23:03:24.506Z,eighth-and-grand,Eighth & Grand,0-6154,,,studio,Studio,0,1,520,2284,2284,2303,available_on,2026-11-07,,
2026-08-22T23:03:24.506Z,eighth-and-grand,Eighth & Grand,0-6166,,,1-bed,1 Bed,1,1,822,2882,2882,2901,available_on,2026-09-28,,
2026-08-22T23:03:24.506Z,eighth-and-grand,Eighth & Grand,0-7024,,,1-bed,1 Bed,1,1,791,2837,2837,2856,available_on,2026-08-22,,
2026-08-22T23:03:24.506Z,eighth-and-grand,Eighth & Grand,0-7042,,,1-bed,1 Bed,1,1,578,2366,2366,2385,available_on,2026-08-24,,
2026-08-22T23:03:24.506Z,eighth-and-grand,Eighth & Grand,0-7066,,,1-bed,1 Bed,1,1,762,2882,2882,2901,available_on,2026-08-22,,
2026-08-22T23:03:24.506Z,eighth-and-grand,Eighth & Grand,0-7071,,,1-bed,1 Bed,1,1,840,2897,2897,2916,available_on,2026-09-07,,
2026-08-22T23:03:24.506Z,eighth-and-grand,Eighth & Grand,0-7090,,,2-bed,2 Bed,2,1,976,3290,3290,3309,available_on,2026-08-22,,
2026-08-22T23:03:24.506Z,eighth-and-grand,Eighth & Grand,0-7145,,,2-bed,2 Bed,2,2,1099,4130,4130,4149,available_on,2026-10-01,,
2026-08-22T23:03:24.506Z,beaudry,Beaudry,B-1007,,,studio,Studio,0,1,550,2660,2660,2676,available_on,2026-10-22,,
2026-08-22T23:03:24.506Z,beaudry,Beaudry,B-1101,,,1-bed,1 Bed,1,1.5,818,4648,4648,4664,available_on,2026-09-13,,
2026-08-22T23:03:24.506Z,beaudry,Beaudry,B-1104,,,1-bed,1 Bed,1,1.5,875,3998,3998,4011,available_on,2026-10-27,,
2026-08-22T23:03:24.506Z,beaudry,Beaudry,B-1204,,,1-bed,1 Bed,1,1.5,875,4063,4063,4079,available_on,2026-10-01,,
2026-08-22T23:03:24.506Z,beaudry,Beaudry,B-1401,,,1-bed,1 Bed,1,1.5,818,4723,4723,4739,available_on,2026-09-29,,
2026-08-22T23:03:24.506Z,beaudry,Beaudry,B-1409,,,1-bed,1 Bed,1,1,860,4940,4940,4956,available_on,2026-09-10,,
2026-08-22T23:03:24.506Z,beaudry,Beaudry,B-1416,,,2-bed,2 Bed,2,2,1192,6294,6294,6310,available_on,2026-09-06,,
2026-08-22T23:03:24.506Z,beaudry,Beaudry,B-1602,,,studio,Studio,0,1,539,2705,2705,2721,available_on,2026-10-09,,
2026-08-22T23:03:24.506Z,beaudry,Beaudry,B-1714,,,1-bed,1 Bed,1,1,802,4145,4145,4161,available_on,2026-09-16,,
2026-08-22T23:03:24.506Z,beaudry,Beaudry,B-1804,,,1-bed,1 Bed,1,1.5,875,4113,4113,4129,available_on,2026-09-21,,
2026-08-22T23:03:24.506Z,beaudry,Beaudry,B-1904,,,1-bed,1 Bed,1,1.5,891,4088,4088,4104,available_on,2026-09-18,,
2026-08-22T23:03:24.506Z,beaudry,Beaudry,B-2008,,,2-bed,2 Bed,2,2,1200,6709,6709,6725,available_on,2026-08-22,,
2026-08-22T23:03:24.506Z,beaudry,Beaudry,B-2013,,,2-bed,2 Bed,2,2,1192,6029,6029,6045,available_on,2026-09-16,,
2026-08-22T23:03:24.506Z,beaudry,Beaudry,B-2014,,,1-bed,1 Bed,1,1,817,4275,4275,4291,available_on,2026-10-23,,
2026-08-22T23:03:24.506Z,beaudry,Beaudry,B-2101,,,1-bed,1 Bed,1,1.5,818,4793,4793,4809,available_on,2026-09-18,,
2026-08-22T23:03:24.506Z,beaudry,Beaudry,B-2111,,,studio,Studio,0,1,514,2585,2585,2601,available_on,2026-10-20,,
2026-08-22T23:03:24.506Z,beaudry,Beaudry,B-2114,,,1-bed,1 Bed,1,1,817,4285,4285,4301,available_on,2026-09-21,,
2026-08-22T23:03:24.506Z,beaudry,Beaudry,B-2204,,,1-bed,1 Bed,1,1.5,891,4118,4118,4134,available_on,2026-09-29,,
2026-08-22T23:03:24.506Z,beaudry,Beaudry,B-2313,,,2-bed,2 Bed,2,2,1192,6059,6059,6075,available_on,2026-08-22,,
2026-08-22T23:03:24.506Z,beaudry,Beaudry,B-2413,,,2-bed,2 Bed,2,2,1192,6069,6069,6085,available_on,2026-09-12,,
2026-08-22T23:03:24.506Z,beaudry,Beaudry,B-2415,,,1-bed,1 Bed,1,1,568,3094,3094,3110,available_on,2026-10-08,,
2026-08-22T23:03:24.506Z,beaudry,Beaudry,B-2514,,,1-bed,1 Bed,1,1,817,4325,4325,4341,available_on,2026-09-16,,
2026-08-22T23:03:24.506Z,beaudry,Beaudry,B-2805,,,1-bed,1 Bed,1,1,939,4560,4560,4576,available_on,2026-10-01,,
2026-08-22T23:03:24.506Z,beaudry,Beaudry,B-3005,,,1-bed,1 Bed,1,1,939,4580,4580,4596,available_on,2026-09-27,,
2026-08-22T23:03:24.506Z,beaudry,Beaudry,B-3008,,,2-bed,2 Bed,2,2,1200,6899,6899,6915,available_on,2026-09-01,,
2026-08-22T23:03:24.506Z,beaudry,Beaudry,B-3201,,,1-bed,1 Bed,1,1.5,818,4903,4903,4919,available_on,2026-09-11,,
2026-08-22T23:03:24.506Z,beaudry,Beaudry,B-3205,,,1-bed,1 Bed,1,1,939,4600,4600,4616,available_on,2026-10-14,,
2026-08-22T23:03:24.506Z,beaudry,Beaudry,B-3310,,,1-bed,1 Bed,1,1,594,3119,3119,3135,available_on,2026-10-08,,
2026-08-22T23:03:24.506Z,beaudry,Beaudry,B-3401,,,1-bed,1 Bed,1,1.5,818,4923,4923,4936,available_on,2026-10-02,,
2026-08-22T23:03:24.506Z,beaudry,Beaudry,B-3406,,,1-bed,1 Bed,1,1,882,4505,4505,4521,available_on,2026-10-16,,
2026-08-22T23:03:24.506Z,beaudry,Beaudry,B-3709,,,1-bed,1 Bed,1,1,860,5345,5345,5361,available_on,2026-10-24,,
2026-08-22T23:03:24.506Z,beaudry,Beaudry,B-3713,,,2-bed,2 Bed,2,2,1192,6224,6224,6240,available_on,2026-08-24,,
2026-08-22T23:03:24.506Z,beaudry,Beaudry,B-3814,,,1-bed,1 Bed,1,1,817,4480,4480,4496,available_on,2026-08-27,,
2026-08-22T23:03:24.506Z,beaudry,Beaudry,B-4002,,,studio,Studio,0,1,539,2970,2970,2986,available_on,2026-10-22,,
2026-08-22T23:03:24.506Z,beaudry,Beaudry,B-4011,,,studio,Studio,0,1,514,2800,2800,2816,available_on,2026-10-01,,
2026-08-22T23:03:24.506Z,beaudry,Beaudry,B-4105,,,1-bed,1 Bed,1,1.5,1044,4628,4628,4644,available_on,2026-09-30,,
2026-08-22T23:03:24.506Z,beaudry,Beaudry,B-4303,,,1-bed,1 Bed,1,1,627,3384,3384,3400,available_on,2026-10-11,,
2026-08-22T23:03:24.506Z,beaudry,Beaudry,B-4413,,,2-bed,2 Bed,2,2,1192,6294,6294,6307,available_on,2026-08-26,,
2026-08-22T23:03:24.506Z,beaudry,Beaudry,B-4504,,,1-bed,1 Bed,1,1.5,1134,4988,4988,5004,available_on,2026-09-05,,
2026-08-22T23:03:24.506Z,beaudry,Beaudry,B-4507,,,studio,Studio,0,1,550,3180,3180,3196,available_on,2026-10-08,,
2026-08-22T23:03:24.506Z,beaudry,Beaudry,B-4704,,,1-bed,1 Bed,1,1.5,1134,5008,5008,5024,available_on,2026-09-24,,
2026-08-22T23:03:24.506Z,beaudry,Beaudry,B-4707,,,studio,Studio,0,1,550,3200,3200,3216,available_on,2026-10-17,,
2026-08-22T23:03:24.506Z,beaudry,Beaudry,B-4713,,,2-bed,2 Bed,2,2,1192,6324,6324,6340,available_on,2026-11-03,,
2026-08-22T23:03:24.506Z,beaudry,Beaudry,B-4910,,,1-bed,1 Bed,1,1.5,926,4355,4355,4371,available_on,2026-10-10,,
2026-08-22T23:03:24.506Z,beaudry,Beaudry,B-5209,,,2-bed,2 Bed,2,2,1230,6295,6295,6311,available_on,2026-09-15,,
2026-08-22T23:03:24.506Z,beaudry,Beaudry,B-5405,,,3-bed,3 Bed,3,2.5,1734,9050,9050,9066,available_on,2026-10-05,,
2026-08-22T23:03:24.506Z,beaudry,Beaudry,B-5607,,,1-bed,1 Bed,1,1,1006,5610,5610,5623,available_on,2026-08-22,,
2026-08-22T23:03:24.506Z,circa-la,Circa LA,W3206,,,1-bed,1 Bed,1,1,745,3358,3358,3408,available_on,2026-08-22,,
2026-08-22T23:03:24.506Z,circa-la,Circa LA,W3208,,,1-bed,1 Bed,1,1,770,3636,3636,3686,available_on,2026-08-22,,
2026-08-22T23:03:24.506Z,circa-la,Circa LA,W2708,,,1-bed,1 Bed,1,1,770,3485,3485,3535,available_on,2026-08-22,,
2026-08-22T23:03:24.506Z,circa-la,Circa LA,W2618,,,1-bed,1 Bed,1,1,923,4069,4069,4119,available_on,2026-08-27,,
2026-08-22T23:03:24.506Z,circa-la,Circa LA,W2518,,,1-bed,1 Bed,1,1,923,3930,3930,3980,available_on,2026-08-22,,
2026-08-22T23:03:24.506Z,circa-la,Circa LA,W2006,,,1-bed,1 Bed,1,1,745,3388,3388,3438,available_on,2026-09-14,,
2026-08-22T23:03:24.506Z,circa-la,Circa LA,W1708,,,1-bed,1 Bed,1,1,770,3327,3327,3377,available_on,2026-08-22,,
2026-08-22T23:03:24.506Z,circa-la,Circa LA,W1724,,,2-bed,2 Bed,2,2,1463,4755,4755,4805,available_on,2026-10-28,,
2026-08-22T23:03:24.506Z,circa-la,Circa LA,W1624,,,2-bed,2 Bed,2,2,1463,4747,4747,4797,available_on,2026-09-03,,
2026-08-22T23:03:24.506Z,circa-la,Circa LA,W1412,,,2-bed,2 Bed,2,2.5,1762,5527,5527,5577,available_on,2026-09-26,,
2026-08-22T23:03:24.506Z,circa-la,Circa LA,W1120,,,1-bed,1 Bed,1,1,927,3335,3335,3385,available_on,2026-09-18,,
2026-08-22T23:03:24.506Z,circa-la,Circa LA,W924,,,2-bed,2 Bed,2,2,1463,4601,4601,4651,available_on,2026-08-22,,
2026-08-22T23:03:24.506Z,circa-la,Circa LA,W926,,,2-bed,2 Bed,2,2,1285,4292,4292,4342,available_on,2026-08-22,,
2026-08-22T23:03:24.506Z,circa-la,Circa LA,W820,,,1-bed,1 Bed,1,1,927,4111,4111,4161,available_on,2026-08-22,,
2026-08-22T23:03:24.506Z,circa-la,Circa LA,E3201,,,1-bed,1 Bed,1,1,627,3114,3114,3164,available_on,2026-08-22,,
2026-08-22T23:03:24.506Z,circa-la,Circa LA,E3221,,,1-bed,1 Bed,1,1,871,3737,3737,3787,available_on,2026-08-22,,
2026-08-22T23:03:24.506Z,circa-la,Circa LA,E2911,,,2-bed,2 Bed,2,2.5,1762,5690,5690,5740,available_on,2026-08-26,,
2026-08-22T23:03:24.506Z,circa-la,Circa LA,E2917,,,1-bed,1 Bed,1,1,923,3872,3872,3922,available_on,2026-09-05,,
2026-08-22T23:03:24.506Z,circa-la,Circa LA,E2921,,,1-bed,1 Bed,1,1,871,3644,3644,3694,available_on,2026-10-04,,
2026-08-22T23:03:24.506Z,circa-la,Circa LA,E2501,,,1-bed,1 Bed,1,1,627,2876,2876,2926,available_on,2026-09-17,,
2026-08-22T23:03:24.506Z,circa-la,Circa LA,E2411,,,2-bed,2 Bed,2,2.5,1762,5576,5576,5626,available_on,2026-09-05,,
2026-08-22T23:03:24.506Z,circa-la,Circa LA,E2419,,,1-bed,1 Bed,1,1,927,3530,3530,3580,available_on,2026-09-21,,
2026-08-22T23:03:24.506Z,circa-la,Circa LA,E1813,,,2-bed,2 Bed,2,2.5,1898,5978,5978,6028,available_on,2026-08-22,,
2026-08-22T23:03:24.506Z,circa-la,Circa LA,E1601,,,1-bed,1 Bed,1,1,627,2742,2742,2792,available_on,2026-09-11,,
2026-08-22T23:03:24.506Z,circa-la,Circa LA,E1115,,,1-bed,1 Bed,1,1,868,3269,3269,3319,available_on,2026-10-04,,
2026-08-22T23:03:24.506Z,circa-la,Circa LA,E825,,,2-bed,2 Bed,2,2,1285,4472,4472,4522,available_on,2026-08-22,,
2026-08-22T23:03:24.506Z,circa-la,Circa LA,E3301,,,3-bed,3 Bed,3,4.5,3984,19486,19486,19536,available_on,2026-08-22,,
2026-08-22T23:03:24.506Z,circa-la,Circa LA,E3305,,,2-bed,2 Bed,2,2,1338,5973,5973,6023,available_on,2026-09-02,,
2026-08-22T23:03:24.506Z,circa-la,Circa LA,W3302,,,3-bed,3 Bed,3,4.5,3842,22551,22551,22601,available_on,2026-08-22,,
2026-08-22T23:03:24.506Z,circa-la,Circa LA,W3312,,,3-bed,3 Bed,3,3.5,2900,17028,17028,17078,available_on,2026-08-22,,
2026-08-22T23:03:24.506Z,circa-la,Circa LA,E3411,,,3-bed,3 Bed,3,3.5,2878,13125,13125,13175,available_on,2026-08-22,,
2026-08-22T23:03:24.506Z,circa-la,Circa LA,W3402,,,3-bed,3 Bed,3,4.5,3842,22643,22643,22693,available_on,2026-08-22,,
2026-08-22T23:03:24.506Z,circa-la,Circa LA,W3406,,,2-bed,2 Bed,2,2,1338,7315,7315,7365,available_on,2026-09-01,,
2026-08-22T23:03:24.506Z,circa-la,Circa LA,E3501,,,3-bed,3 Bed,3,4.5,3984,22435,22435,22485,available_on,2026-08-22,,
2026-08-22T23:03:24.506Z,circa-la,Circa LA,E3505,,,2-bed,2 Bed,2,2,1338,6188,6188,6238,available_on,2026-08-22,,
2026-08-22T23:03:24.506Z,circa-la,Circa LA,E3511,,,3-bed,3 Bed,3,3.5,2878,14850,14850,14900,available_on,2026-08-22,,
2026-08-22T23:03:24.506Z,circa-la,Circa LA,W3502,,,3-bed,3 Bed,3,4.5,3842,23359,23359,23409,available_on,2026-08-22,,
2026-08-22T23:03:24.506Z,circa-la,Circa LA,W3508,,,2-bed,2 Bed,2,2,1524,8045,8045,8095,available_on,2026-10-31,,
2026-08-22T23:03:24.506Z,circa-la,Circa LA,W3512,,,3-bed,3 Bed,3,3.5,2900,17398,17398,17448,available_on,2026-08-22,,
2026-08-22T23:10:56.437Z,825-south-hill,825 South Hill,201,2,A2,2-bed-den,2 Bed + Den,2,,1090,3909,5010,,available,,29417540,2413008
2026-08-22T23:10:56.437Z,825-south-hill,825 South Hill,301,3,A2,2-bed-den,2 Bed + Den,2,,1090,3924,5030,,available,,29417543,2413008
2026-08-22T23:10:56.437Z,825-south-hill,825 South Hill,302,3,B,2-bed,2 Bed,2,,993,3727,4785,,available,,29417544,2413011
2026-08-22T23:10:56.437Z,825-south-hill,825 South Hill,607,6,TH2,townhomes,Townhomes,,,1385,5578,7507,,available,,29417562,2413022
2026-08-22T23:10:56.437Z,825-south-hill,825 South Hill,1505,15,J,2-bed,2 Bed,2,,991,3896,4996,,available_on,2026-09-19,29417141,2413023
2026-08-22T23:10:56.437Z,825-south-hill,825 South Hill,1211,12,J1,2-bed,2 Bed,2,,988,4042,5190,,available,,29417109,2413026
2026-08-22T23:10:56.437Z,825-south-hill,825 South Hill,4211,42,J1,2-bed,2 Bed,2,,988,4586,5881,,available_on,2026-09-05,29417134,2413026
2026-08-22T23:10:56.437Z,825-south-hill,825 South Hill,3012,30,K,1-bed,1 Bed,1,,670,3499,4457,,available_on,2026-10-12,29417188,2413027
2026-08-22T23:10:56.437Z,825-south-hill,825 South Hill,3412,34,K,1-bed,1 Bed,1,,670,3514,4496,,available_on,2026-08-29,29417189,2413027
2026-08-22T23:10:56.437Z,825-south-hill,825 South Hill,4312,43,K,1-bed,1 Bed,1,,670,3511,4492,,available,,29417198,2413027
2026-08-22T23:10:56.437Z,825-south-hill,825 South Hill,2901,29,K1,1-bed,1 Bed,1,,716,3514,4489,,available_on,2026-09-09,29417218,2413028
2026-08-22T23:10:56.437Z,825-south-hill,825 South Hill,3603,36,M,2-bed-den,2 Bed + Den,2,,1099,4514,5803,,available_on,2026-09-07,29417253,2413032
2026-08-22T23:10:56.437Z,825-south-hill,825 South Hill,3809,38,M1,2-bed-den,2 Bed + Den,2,,1109,4458,5714,,available,,29417286,2413033
2026-08-22T23:10:56.437Z,825-south-hill,825 South Hill,1504,15,N,jr-2-bed,Jr. 2 Bed,2,,792,3272,4207,,available,,29417296,2413034
2026-08-22T23:10:56.437Z,825-south-hill,825 South Hill,2204,22,N,jr-2-bed,Jr. 2 Bed,2,,792,3357,4312,,available_on,2026-09-28,29417302,2413034
2026-08-22T23:10:56.437Z,825-south-hill,825 South Hill,3704,37,N,jr-2-bed,Jr. 2 Bed,2,,792,3597,4621,,available_on,2026-09-07,29417313,2413034
2026-08-22T23:10:56.437Z,825-south-hill,825 South Hill,4204,42,N,jr-2-bed,Jr. 2 Bed,2,,792,3717,4780,,available,,29417317,2413034
2026-08-22T23:10:56.437Z,825-south-hill,825 South Hill,3610,36,N1,jr-2-bed,Jr. 2 Bed,2,,807,3482,4473,,available_on,2026-08-29,29417341,2413035
2026-08-22T23:10:56.437Z,825-south-hill,825 South Hill,4110,41,N1,jr-2-bed,Jr. 2 Bed,2,,807,3545,4559,,available,,29417346,2413035
2026-08-22T23:10:56.437Z,825-south-hill,825 South Hill,4310,43,N1,jr-2-bed,Jr. 2 Bed,2,,807,3667,4700,,available_on,2026-10-07,29417348,2413035
2026-08-22T23:10:56.437Z,825-south-hill,825 South Hill,3902,39,O,1-bed,1 Bed,1,,538,3397,4302,,available_on,2026-10-10,29417415,2413037
2026-08-22T23:10:56.437Z,825-south-hill,825 South Hill,4602,46,O,1-bed,1 Bed,1,,538,3542,4471,,available_on,2026-11-07,29417390,2413037
2026-08-22T23:10:56.437Z,825-south-hill,825 South Hill,1107,11,O1,1-bed,1 Bed,1,,560,3052,3879,,available_on,2026-09-28,29417419,2413039
2026-08-22T23:10:56.437Z,825-south-hill,825 South Hill,4906,49,SKY3,skyhomes,Skyhomes,,,1364,5320,6862,,available,,29417489,2413047
2026-08-22T23:10:56.437Z,825-south-hill,825 South Hill,4703,47,SKY6,skyhomes,Skyhomes,,,1125,5126,6611,,available,,38097680,2413050
2026-08-22T23:10:56.437Z,atelier,Atelier,0614,6,,studio,Studio,0,1,473,2100,2100,2117,available_on,2026-10-24,,
2026-08-22T23:10:56.437Z,atelier,Atelier,0707,7,,1-bed,1 Bed,1,1,778,3556,3556,3573,available_on,2026-10-22,,
2026-08-22T23:10:56.437Z,atelier,Atelier,0806,8,,1-bed,1 Bed,1,1,829,4036,4036,4053,available_on,2026-10-02,,
2026-08-22T23:10:56.437Z,atelier,Atelier,0902,9,,1-bed,1 Bed,1,1,622,3526,3526,3543,available_on,2026-09-15,,
2026-08-22T23:10:56.437Z,atelier,Atelier,1012,10,,1-bed,1 Bed,1,1,685,3816,3816,3833,available_on,2026-09-09,,
2026-08-22T23:10:56.437Z,atelier,Atelier,1402,14,,1-bed,1 Bed,1,1,622,3606,3606,3623,available_on,2026-11-07,,
2026-08-22T23:10:56.437Z,atelier,Atelier,1407,14,,1-bed,1 Bed,1,1,778,3706,3706,3723,available_on,2026-10-07,,
2026-08-22T23:10:56.437Z,atelier,Atelier,1508,15,,1-bed,1 Bed,1,1,778,3721,3721,3738,available_on,2026-10-18,,
2026-08-22T23:10:56.437Z,atelier,Atelier,1905,19,,1-bed,1 Bed,1,1,778,4066,4066,4083,available_on,2026-09-15,,
2026-08-22T23:10:56.437Z,atelier,Atelier,2312,23,,1-bed,1 Bed,1,1,685,4131,4131,4148,available_on,2026-10-08,,
2026-08-22T23:10:56.437Z,atelier,Atelier,2401,24,,2-bed,2 Bed,2,2.5,1377,6380,6380,6397,available_on,2026-08-22,,
2026-08-22T23:10:56.437Z,atelier,Atelier,2404,24,,1-bed,1 Bed,1,1,829,4426,4426,4443,available_on,2026-08-22,,
2026-08-22T23:10:56.437Z,atelier,Atelier,2414,24,,2-bed,2 Bed,2,2,975,4633,4633,4650,available_on,2026-09-07,,
2026-08-22T23:10:56.437Z,atelier,Atelier,2501,25,,2-bed,2 Bed,2,2.5,1377,6400,6400,6417,available_on,2026-08-31,,
2026-08-22T23:10:56.437Z,atelier,Atelier,2504,25,,1-bed,1 Bed,1,1,829,4446,4446,4459,available_on,2026-10-28,,
2026-08-22T23:10:56.437Z,atelier,Atelier,2602,26,,2-bed,2 Bed,2,2.5,1514,7465,7465,7478,available_on,2026-08-27,,
2026-08-22T23:10:56.437Z,atelier,Atelier,2901,29,,2-bed,2 Bed,2,2.5,1377,6480,6480,6497,available_on,2026-08-22,,
2026-08-22T23:10:56.437Z,atelier,Atelier,3106,31,,1-bed,1 Bed,1,1,778,4381,4381,4398,available_on,2026-08-22,,
2026-08-22T23:10:56.437Z,atelier,Atelier,3108,31,,1-bed,1 Bed,1,1,685,4471,4471,4488,available_on,2026-08-22,,
2026-08-22T23:10:56.437Z,atelier,Atelier,3110,31,,1-bed,1 Bed,1,1,685,4556,4556,4573,available_on,2026-08-22,,
2026-08-22T23:10:56.437Z,atelier,Atelier,3210,32,,1-bed,1 Bed,1,1,685,4626,4626,4643,available_on,2026-08-22,,
2026-08-22T23:10:56.437Z,atelier,Atelier,PH01,,,2-bed,2 Bed,2,2.5,1470,8872,8872,8889,available_on,2026-08-22,,
2026-08-22T23:10:56.437Z,atelier,Atelier,PH08,,,3-bed,3 Bed,3,3,1731,9148,9148,9165,available_on,2026-08-22,,
2026-08-22T23:10:56.437Z,eighth-and-grand,Eighth & Grand,0-2017,,,1-bed,1 Bed,1,1,762,2507,2507,2526,available_on,2026-09-10,,
2026-08-22T23:10:56.437Z,eighth-and-grand,Eighth & Grand,0-2037,,,1-bed,1 Bed,1,1,762,2507,2507,2526,available_on,2026-09-15,,
2026-08-22T23:10:56.437Z,eighth-and-grand,Eighth & Grand,0-2041,,,1-bed,1 Bed,1,1,762,2507,2507,2526,available_on,2026-09-05,,
2026-08-22T23:10:56.437Z,eighth-and-grand,Eighth & Grand,0-2051,,,2-bed,2 Bed,2,2.5,1094,3805,3805,3824,available_on,2026-08-22,,
2026-08-22T23:10:56.437Z,eighth-and-grand,Eighth & Grand,0-2077,,,1-bed,1 Bed,1,1,578,2221,2221,2240,available_on,2026-09-26,,
2026-08-22T23:10:56.437Z,eighth-and-grand,Eighth & Grand,0-2102,,,studio,Studio,0,1,527,2139,2139,2158,available_on,2026-10-17,,
2026-08-22T23:10:56.437Z,eighth-and-grand,Eighth & Grand,0-2152,,,studio,Studio,0,1,540,2144,2144,2163,available_on,2026-10-16,,
2026-08-22T23:10:56.437Z,eighth-and-grand,Eighth & Grand,0-2153,,,2-bed,2 Bed,2,2,1168,3560,3560,3579,available_on,2026-08-23,,
2026-08-22T23:10:56.437Z,eighth-and-grand,Eighth & Grand,0-2161,,,2-bed,2 Bed,2,2,1109,3355,3355,3374,available_on,2026-10-10,,
2026-08-22T23:10:56.437Z,eighth-and-grand,Eighth & Grand,0-3028,,,1-bed,1 Bed,1,1,779,2827,2827,2846,available_on,2026-08-22,,
2026-08-22T23:10:56.437Z,eighth-and-grand,Eighth & Grand,0-3104,,,1-bed,1 Bed,1,1,802,2692,2692,2711,available_on,2026-09-28,,
2026-08-22T23:10:56.437Z,eighth-and-grand,Eighth & Grand,0-3136,,,1-bed,1 Bed,1,1,777,2367,2367,2386,available_on,2026-10-12,,
2026-08-22T23:10:56.437Z,eighth-and-grand,Eighth & Grand,0-4003,,,1-bed,1 Bed,1,1,880,2852,2852,2871,available_on,2026-08-22,,
2026-08-22T23:10:56.437Z,eighth-and-grand,Eighth & Grand,0-4028,,,1-bed,1 Bed,1,1,779,2847,2847,2866,available_on,2026-10-09,,
2026-08-22T23:10:56.437Z,eighth-and-grand,Eighth & Grand,0-4071,,,1-bed,1 Bed,1,1,840,2472,2472,2491,available_on,2026-10-23,,
2026-08-22T23:10:56.437Z,eighth-and-grand,Eighth & Grand,0-4080,,,1-bed,1 Bed,1,1,777,2362,2362,2377,available_on,2026-09-29,,
2026-08-22T23:10:56.437Z,eighth-and-grand,Eighth & Grand,0-4108,,,studio,Studio,0,1,540,2269,2269,2284,available_on,2026-08-28,,
2026-08-22T23:10:56.437Z,eighth-and-grand,Eighth & Grand,0-4114,,,studio,Studio,0,1,520,2224,2224,2243,available_on,2026-10-15,,
2026-08-22T23:10:56.437Z,eighth-and-grand,Eighth & Grand,0-4139,,,1-bed,1 Bed,1,1,578,2396,2396,2415,available_on,2026-08-22,,
2026-08-22T23:10:56.437Z,eighth-and-grand,Eighth & Grand,0-5026,,,1-bed,1 Bed,1,1,779,2907,2907,2926,available_on,2026-08-22,,
2026-08-22T23:10:56.437Z,eighth-and-grand,Eighth & Grand,0-5029,,,1-bed,1 Bed,1,1,880,2992,2992,3011,available_on,2026-08-22,,
2026-08-22T23:10:56.437Z,eighth-and-grand,Eighth & Grand,0-5034,,,2-bed,2 Bed,2,2,1046,3365,3365,3384,available_on,2026-08-22,,
2026-08-22T23:10:56.437Z,eighth-and-grand,Eighth & Grand,0-5035,,,1-bed,1 Bed,1,1,880,2917,2917,2936,available_on,2026-08-22,,
2026-08-22T23:10:56.437Z,eighth-and-grand,Eighth & Grand,0-5046,,,1-bed,1 Bed,1,1,578,2441,2441,2460,available_on,2026-09-20,,
2026-08-22T23:10:56.437Z,eighth-and-grand,Eighth & Grand,0-5049,,,2-bed,2 Bed,2,2,1016,3635,3635,3654,available_on,2026-08-22,,
2026-08-22T23:10:56.437Z,eighth-and-grand,Eighth & Grand,0-5086,,,1-bed,1 Bed,1,1,777,2507,2507,2522,available_on,2026-10-06,,
2026-08-22T23:10:56.437Z,eighth-and-grand,Eighth & Grand,0-5094,,,1-bed,1 Bed,1,1,715,2757,2757,2776,available_on,2026-08-22,,
2026-08-22T23:10:56.437Z,eighth-and-grand,Eighth & Grand,0-5096,,,1-bed,1 Bed,1,1,584,2592,2592,2611,available_on,2026-08-30,,
2026-08-22T23:10:56.437Z,eighth-and-grand,Eighth & Grand,0-5153,,,2-bed,2 Bed,2,2,1278,4010,4010,4029,available_on,2026-09-23,,
2026-08-22T23:10:56.437Z,eighth-and-grand,Eighth & Grand,0-5162,,,studio,Studio,0,1,520,2234,2234,2253,available_on,2026-10-30,,
2026-08-22T23:10:56.437Z,eighth-and-grand,Eighth & Grand,0-6002,,,1-bed,1 Bed,1,1,639,2557,2557,2576,available_on,2026-08-22,,
2026-08-22T23:10:56.437Z,eighth-and-grand,Eighth & Grand,0-6011,,,1-bed,1 Bed,1,1,880,2967,2967,2986,available_on,2026-08-22,,
2026-08-22T23:10:56.437Z,eighth-and-grand,Eighth & Grand,0-6017,,,1-bed,1 Bed,1,1,880,3017,3017,3036,available_on,2026-08-22,,
2026-08-22T23:10:56.437Z,eighth-and-grand,Eighth & Grand,0-6035,,,1-bed,1 Bed,1,1,762,2837,2837,2856,available_on,2026-09-02,,
2026-08-22T23:10:56.437Z,eighth-and-grand,Eighth & Grand,0-6037,,,1-bed,1 Bed,1,1,762,2932,2932,2951,available_on,2026-08-22,,
2026-08-22T23:10:56.437Z,eighth-and-grand,Eighth & Grand,0-6057,,,2-bed,2 Bed,2,2,1211,3685,3685,3704,available_on,2026-09-06,,
2026-08-22T23:10:56.437Z,eighth-and-grand,Eighth & Grand,0-6066,,,1-bed,1 Bed,1,1,762,2832,2832,2851,available_on,2026-08-22,,
2026-08-22T23:10:56.437Z,eighth-and-grand,Eighth & Grand,0-6068,,,1-bed,1 Bed,1,1,579,2402,2402,2421,available_on,2026-09-18,,
2026-08-22T23:10:56.437Z,eighth-and-grand,Eighth & Grand,0-6071,,,1-bed,1 Bed,1,1,840,2572,2572,2591,available_on,2026-09-09,,
2026-08-22T23:10:56.437Z,eighth-and-grand,Eighth & Grand,0-6094,,,1-bed,1 Bed,1,1,715,2882,2882,2901,available_on,2026-08-22,,
2026-08-22T23:10:56.437Z,eighth-and-grand,Eighth & Grand,0-6137,,,1-bed,1 Bed,1,1,578,2446,2446,2465,available_on,2026-09-10,,
2026-08-22T23:10:56.437Z,eighth-and-grand,Eighth & Grand,0-6149,,,studio,Studio,0,1,558,2364,2364,2383,available_on,2026-08-25,,
2026-08-22T23:10:56.437Z,eighth-and-grand,Eighth & Grand,0-6152,,,studio,Studio,0,1,540,2369,2369,2388,available_on,2026-11-01,,
2026-08-22T23:10:56.437Z,eighth-and-grand,Eighth & Grand,0-6154,,,studio,Studio,0,1,520,2284,2284,2303,available_on,2026-11-07,,
2026-08-22T23:10:56.437Z,eighth-and-grand,Eighth & Grand,0-6166,,,1-bed,1 Bed,1,1,822,2882,2882,2901,available_on,2026-09-28,,
2026-08-22T23:10:56.437Z,eighth-and-grand,Eighth & Grand,0-7024,,,1-bed,1 Bed,1,1,791,2837,2837,2856,available_on,2026-08-22,,
2026-08-22T23:10:56.437Z,eighth-and-grand,Eighth & Grand,0-7042,,,1-bed,1 Bed,1,1,578,2366,2366,2385,available_on,2026-08-24,,
2026-08-22T23:10:56.437Z,eighth-and-grand,Eighth & Grand,0-7066,,,1-bed,1 Bed,1,1,762,2882,2882,2901,available_on,2026-08-22,,
2026-08-22T23:10:56.437Z,eighth-and-grand,Eighth & Grand,0-7071,,,1-bed,1 Bed,1,1,840,2897,2897,2916,available_on,2026-09-07,,
2026-08-22T23:10:56.437Z,eighth-and-grand,Eighth & Grand,0-7090,,,2-bed,2 Bed,2,1,976,3290,3290,3309,available_on,2026-08-22,,
2026-08-22T23:10:56.437Z,eighth-and-grand,Eighth & Grand,0-7145,,,2-bed,2 Bed,2,2,1099,4130,4130,4149,available_on,2026-10-01,,
2026-08-22T23:10:56.437Z,beaudry,Beaudry,B-1007,10,,studio,Studio,0,1,550,2660,2660,2676,available_on,2026-10-22,,
2026-08-22T23:10:56.437Z,beaudry,Beaudry,B-1101,11,,1-bed,1 Bed,1,1.5,818,4648,4648,4664,available_on,2026-09-13,,
2026-08-22T23:10:56.437Z,beaudry,Beaudry,B-1104,11,,1-bed,1 Bed,1,1.5,875,3998,3998,4011,available_on,2026-10-27,,
2026-08-22T23:10:56.437Z,beaudry,Beaudry,B-1204,12,,1-bed,1 Bed,1,1.5,875,4063,4063,4079,available_on,2026-10-01,,
2026-08-22T23:10:56.437Z,beaudry,Beaudry,B-1401,14,,1-bed,1 Bed,1,1.5,818,4723,4723,4739,available_on,2026-09-29,,
2026-08-22T23:10:56.437Z,beaudry,Beaudry,B-1409,14,,1-bed,1 Bed,1,1,860,4940,4940,4956,available_on,2026-09-10,,
2026-08-22T23:10:56.437Z,beaudry,Beaudry,B-1416,14,,2-bed,2 Bed,2,2,1192,6294,6294,6310,available_on,2026-09-06,,
2026-08-22T23:10:56.437Z,beaudry,Beaudry,B-1602,16,,studio,Studio,0,1,539,2705,2705,2721,available_on,2026-10-09,,
2026-08-22T23:10:56.437Z,beaudry,Beaudry,B-1714,17,,1-bed,1 Bed,1,1,802,4145,4145,4161,available_on,2026-09-16,,
2026-08-22T23:10:56.437Z,beaudry,Beaudry,B-1804,18,,1-bed,1 Bed,1,1.5,875,4113,4113,4129,available_on,2026-09-21,,
2026-08-22T23:10:56.437Z,beaudry,Beaudry,B-1904,19,,1-bed,1 Bed,1,1.5,891,4088,4088,4104,available_on,2026-09-18,,
2026-08-22T23:10:56.437Z,beaudry,Beaudry,B-2008,20,,2-bed,2 Bed,2,2,1200,6709,6709,6725,available_on,2026-08-22,,
2026-08-22T23:10:56.437Z,beaudry,Beaudry,B-2013,20,,2-bed,2 Bed,2,2,1192,6029,6029,6045,available_on,2026-09-16,,
2026-08-22T23:10:56.437Z,beaudry,Beaudry,B-2014,20,,1-bed,1 Bed,1,1,817,4275,4275,4291,available_on,2026-10-23,,
2026-08-22T23:10:56.437Z,beaudry,Beaudry,B-2101,21,,1-bed,1 Bed,1,1.5,818,4793,4793,4809,available_on,2026-09-18,,
2026-08-22T23:10:56.437Z,beaudry,Beaudry,B-2111,21,,studio,Studio,0,1,514,2585,2585,2601,available_on,2026-10-20,,
2026-08-22T23:10:56.437Z,beaudry,Beaudry,B-2114,21,,1-bed,1 Bed,1,1,817,4285,4285,4301,available_on,2026-09-21,,
2026-08-22T23:10:56.437Z,beaudry,Beaudry,B-2204,22,,1-bed,1 Bed,1,1.5,891,4118,4118,4134,available_on,2026-09-29,,
2026-08-22T23:10:56.437Z,beaudry,Beaudry,B-2313,23,,2-bed,2 Bed,2,2,1192,6059,6059,6075,available_on,2026-08-22,,
2026-08-22T23:10:56.437Z,beaudry,Beaudry,B-2413,24,,2-bed,2 Bed,2,2,1192,6069,6069,6085,available_on,2026-09-12,,
2026-08-22T23:10:56.437Z,beaudry,Beaudry,B-2415,24,,1-bed,1 Bed,1,1,568,3094,3094,3110,available_on,2026-10-08,,
2026-08-22T23:10:56.437Z,beaudry,Beaudry,B-2514,25,,1-bed,1 Bed,1,1,817,4325,4325,4341,available_on,2026-09-16,,
2026-08-22T23:10:56.437Z,beaudry,Beaudry,B-2805,28,,1-bed,1 Bed,1,1,939,4560,4560,4576,available_on,2026-10-01,,
2026-08-22T23:10:56.437Z,beaudry,Beaudry,B-3005,30,,1-bed,1 Bed,1,1,939,4580,4580,4596,available_on,2026-09-27,,
2026-08-22T23:10:56.437Z,beaudry,Beaudry,B-3008,30,,2-bed,2 Bed,2,2,1200,6899,6899,6915,available_on,2026-09-01,,
2026-08-22T23:10:56.437Z,beaudry,Beaudry,B-3201,32,,1-bed,1 Bed,1,1.5,818,4903,4903,4919,available_on,2026-09-11,,
2026-08-22T23:10:56.437Z,beaudry,Beaudry,B-3205,32,,1-bed,1 Bed,1,1,939,4600,4600,4616,available_on,2026-10-14,,
2026-08-22T23:10:56.437Z,beaudry,Beaudry,B-3310,33,,1-bed,1 Bed,1,1,594,3119,3119,3135,available_on,2026-10-08,,
2026-08-22T23:10:56.437Z,beaudry,Beaudry,B-3401,34,,1-bed,1 Bed,1,1.5,818,4923,4923,4936,available_on,2026-10-02,,
2026-08-22T23:10:56.437Z,beaudry,Beaudry,B-3406,34,,1-bed,1 Bed,1,1,882,4505,4505,4521,available_on,2026-10-16,,
2026-08-22T23:10:56.437Z,beaudry,Beaudry,B-3709,37,,1-bed,1 Bed,1,1,860,5345,5345,5361,available_on,2026-10-24,,
2026-08-22T23:10:56.437Z,beaudry,Beaudry,B-3713,37,,2-bed,2 Bed,2,2,1192,6224,6224,6240,available_on,2026-08-24,,
2026-08-22T23:10:56.437Z,beaudry,Beaudry,B-3814,38,,1-bed,1 Bed,1,1,817,4480,4480,4496,available_on,2026-08-27,,
2026-08-22T23:10:56.437Z,beaudry,Beaudry,B-4002,40,,studio,Studio,0,1,539,2970,2970,2986,available_on,2026-10-22,,
2026-08-22T23:10:56.437Z,beaudry,Beaudry,B-4011,40,,studio,Studio,0,1,514,2800,2800,2816,available_on,2026-10-01,,
2026-08-22T23:10:56.437Z,beaudry,Beaudry,B-4105,41,,1-bed,1 Bed,1,1.5,1044,4628,4628,4644,available_on,2026-09-30,,
2026-08-22T23:10:56.437Z,beaudry,Beaudry,B-4303,43,,1-bed,1 Bed,1,1,627,3384,3384,3400,available_on,2026-10-11,,
2026-08-22T23:10:56.437Z,beaudry,Beaudry,B-4413,44,,2-bed,2 Bed,2,2,1192,6294,6294,6307,available_on,2026-08-26,,
2026-08-22T23:10:56.437Z,beaudry,Beaudry,B-4504,45,,1-bed,1 Bed,1,1.5,1134,4988,4988,5004,available_on,2026-09-05,,
2026-08-22T23:10:56.437Z,beaudry,Beaudry,B-4507,45,,studio,Studio,0,1,550,3180,3180,3196,available_on,2026-10-08,,
2026-08-22T23:10:56.437Z,beaudry,Beaudry,B-4704,47,,1-bed,1 Bed,1,1.5,1134,5008,5008,5024,available_on,2026-09-24,,
2026-08-22T23:10:56.437Z,beaudry,Beaudry,B-4707,47,,studio,Studio,0,1,550,3200,3200,3216,available_on,2026-10-17,,
2026-08-22T23:10:56.437Z,beaudry,Beaudry,B-4713,47,,2-bed,2 Bed,2,2,1192,6324,6324,6340,available_on,2026-11-03,,
2026-08-22T23:10:56.437Z,beaudry,Beaudry,B-4910,49,,1-bed,1 Bed,1,1.5,926,4355,4355,4371,available_on,2026-10-10,,
2026-08-22T23:10:56.437Z,beaudry,Beaudry,B-5209,52,,2-bed,2 Bed,2,2,1230,6295,6295,6311,available_on,2026-09-15,,
2026-08-22T23:10:56.437Z,beaudry,Beaudry,B-5405,54,,3-bed,3 Bed,3,2.5,1734,9050,9050,9066,available_on,2026-10-05,,
2026-08-22T23:10:56.437Z,beaudry,Beaudry,B-5607,56,,1-bed,1 Bed,1,1,1006,5610,5610,5623,available_on,2026-08-22,,
2026-08-22T23:10:56.437Z,circa-la,Circa LA,W3206,32,,1-bed,1 Bed,1,1,745,3358,3358,3408,available_on,2026-08-22,,
2026-08-22T23:10:56.437Z,circa-la,Circa LA,W3208,32,,1-bed,1 Bed,1,1,770,3636,3636,3686,available_on,2026-08-22,,
2026-08-22T23:10:56.437Z,circa-la,Circa LA,W2708,27,,1-bed,1 Bed,1,1,770,3485,3485,3535,available_on,2026-08-22,,
2026-08-22T23:10:56.437Z,circa-la,Circa LA,W2618,26,,1-bed,1 Bed,1,1,923,4069,4069,4119,available_on,2026-08-27,,
2026-08-22T23:10:56.437Z,circa-la,Circa LA,W2518,25,,1-bed,1 Bed,1,1,923,3930,3930,3980,available_on,2026-08-22,,
2026-08-22T23:10:56.437Z,circa-la,Circa LA,W2006,20,,1-bed,1 Bed,1,1,745,3388,3388,3438,available_on,2026-09-14,,
2026-08-22T23:10:56.437Z,circa-la,Circa LA,W1708,17,,1-bed,1 Bed,1,1,770,3327,3327,3377,available_on,2026-08-22,,
2026-08-22T23:10:56.437Z,circa-la,Circa LA,W1724,17,,2-bed,2 Bed,2,2,1463,4755,4755,4805,available_on,2026-10-28,,
2026-08-22T23:10:56.437Z,circa-la,Circa LA,W1624,16,,2-bed,2 Bed,2,2,1463,4747,4747,4797,available_on,2026-09-03,,
2026-08-22T23:10:56.437Z,circa-la,Circa LA,W1412,14,,2-bed,2 Bed,2,2.5,1762,5527,5527,5577,available_on,2026-09-26,,
2026-08-22T23:10:56.437Z,circa-la,Circa LA,W1120,11,,1-bed,1 Bed,1,1,927,3335,3335,3385,available_on,2026-09-18,,
2026-08-22T23:10:56.437Z,circa-la,Circa LA,W924,9,,2-bed,2 Bed,2,2,1463,4601,4601,4651,available_on,2026-08-22,,
2026-08-22T23:10:56.437Z,circa-la,Circa LA,W926,9,,2-bed,2 Bed,2,2,1285,4292,4292,4342,available_on,2026-08-22,,
2026-08-22T23:10:56.437Z,circa-la,Circa LA,W820,8,,1-bed,1 Bed,1,1,927,4111,4111,4161,available_on,2026-08-22,,
2026-08-22T23:10:56.437Z,circa-la,Circa LA,E3201,32,,1-bed,1 Bed,1,1,627,3114,3114,3164,available_on,2026-08-22,,
2026-08-22T23:10:56.437Z,circa-la,Circa LA,E3221,32,,1-bed,1 Bed,1,1,871,3737,3737,3787,available_on,2026-08-22,,
2026-08-22T23:10:56.437Z,circa-la,Circa LA,E2911,29,,2-bed,2 Bed,2,2.5,1762,5690,5690,5740,available_on,2026-08-26,,
2026-08-22T23:10:56.437Z,circa-la,Circa LA,E2917,29,,1-bed,1 Bed,1,1,923,3872,3872,3922,available_on,2026-09-05,,
2026-08-22T23:10:56.437Z,circa-la,Circa LA,E2921,29,,1-bed,1 Bed,1,1,871,3644,3644,3694,available_on,2026-10-04,,
2026-08-22T23:10:56.437Z,circa-la,Circa LA,E2501,25,,1-bed,1 Bed,1,1,627,2876,2876,2926,available_on,2026-09-17,,
2026-08-22T23:10:56.437Z,circa-la,Circa LA,E2411,24,,2-bed,2 Bed,2,2.5,1762,5576,5576,5626,available_on,2026-09-05,,
2026-08-22T23:10:56.437Z,circa-la,Circa LA,E2419,24,,1-bed,1 Bed,1,1,927,3530,3530,3580,available_on,2026-09-21,,
2026-08-22T23:10:56.437Z,circa-la,Circa LA,E1813,18,,2-bed,2 Bed,2,2.5,1898,5978,5978,6028,available_on,2026-08-22,,
2026-08-22T23:10:56.437Z,circa-la,Circa LA,E1601,16,,1-bed,1 Bed,1,1,627,2742,2742,2792,available_on,2026-09-11,,
2026-08-22T23:10:56.437Z,circa-la,Circa LA,E1115,11,,1-bed,1 Bed,1,1,868,3269,3269,3319,available_on,2026-10-04,,
2026-08-22T23:10:56.437Z,circa-la,Circa LA,E825,8,,2-bed,2 Bed,2,2,1285,4472,4472,4522,available_on,2026-08-22,,
2026-08-22T23:10:56.437Z,circa-la,Circa LA,E3301,33,,3-bed,3 Bed,3,4.5,3984,19486,19486,19536,available_on,2026-08-22,,
2026-08-22T23:10:56.437Z,circa-la,Circa LA,E3305,33,,2-bed,2 Bed,2,2,1338,5973,5973,6023,available_on,2026-09-02,,
2026-08-22T23:10:56.437Z,circa-la,Circa LA,W3302,33,,3-bed,3 Bed,3,4.5,3842,22551,22551,22601,available_on,2026-08-22,,
2026-08-22T23:10:56.437Z,circa-la,Circa LA,W3312,33,,3-bed,3 Bed,3,3.5,2900,17028,17028,17078,available_on,2026-08-22,,
2026-08-22T23:10:56.437Z,circa-la,Circa LA,E3411,34,,3-bed,3 Bed,3,3.5,2878,13125,13125,13175,available_on,2026-08-22,,
2026-08-22T23:10:56.437Z,circa-la,Circa LA,W3402,34,,3-bed,3 Bed,3,4.5,3842,22643,22643,22693,available_on,2026-08-22,,
2026-08-22T23:10:56.437Z,circa-la,Circa LA,W3406,34,,2-bed,2 Bed,2,2,1338,7315,7315,7365,available_on,2026-09-01,,
2026-08-22T23:10:56.437Z,circa-la,Circa LA,E3501,35,,3-bed,3 Bed,3,4.5,3984,22435,22435,22485,available_on,2026-08-22,,
2026-08-22T23:10:56.437Z,circa-la,Circa LA,E3505,35,,2-bed,2 Bed,2,2,1338,6188,6188,6238,available_on,2026-08-22,,
2026-08-22T23:10:56.437Z,circa-la,Circa LA,E3511,35,,3-bed,3 Bed,3,3.5,2878,14850,14850,14900,available_on,2026-08-22,,
2026-08-22T23:10:56.437Z,circa-la,Circa LA,W3502,35,,3-bed,3 Bed,3,4.5,3842,23359,23359,23409,available_on,2026-08-22,,
2026-08-22T23:10:56.437Z,circa-la,Circa LA,W3508,35,,2-bed,2 Bed,2,2,1524,8045,8045,8095,available_on,2026-10-31,,
2026-08-22T23:10:56.437Z,circa-la,Circa LA,W3512,35,,3-bed,3 Bed,3,3.5,2900,17398,17398,17448,available_on,2026-08-22,,
2026-08-22T23:46:44.508Z,825-south-hill,825 South Hill,201,2,A2,2-bed-den,2 Bed + Den,2,,1090,3909,5010,,available,,29417540,2413008
2026-08-22T23:46:44.508Z,825-south-hill,825 South Hill,301,3,A2,2-bed-den,2 Bed + Den,2,,1090,3924,5030,,available,,29417543,2413008
2026-08-22T23:46:44.508Z,825-south-hill,825 South Hill,302,3,B,2-bed,2 Bed,2,,993,3727,4785,,available,,29417544,2413011
2026-08-22T23:46:44.508Z,825-south-hill,825 South Hill,607,6,TH2,townhomes,Townhomes,,,1385,5578,7507,,available,,29417562,2413022
2026-08-22T23:46:44.508Z,825-south-hill,825 South Hill,1505,15,J,2-bed,2 Bed,2,,991,3896,4996,,available_on,2026-09-19,29417141,2413023
2026-08-22T23:46:44.508Z,825-south-hill,825 South Hill,1211,12,J1,2-bed,2 Bed,2,,988,4042,5190,,available,,29417109,2413026
2026-08-22T23:46:44.508Z,825-south-hill,825 South Hill,4211,42,J1,2-bed,2 Bed,2,,988,4586,5881,,available_on,2026-09-05,29417134,2413026
2026-08-22T23:46:44.508Z,825-south-hill,825 South Hill,3012,30,K,1-bed,1 Bed,1,,670,3499,4457,,available_on,2026-10-12,29417188,2413027
2026-08-22T23:46:44.508Z,825-south-hill,825 South Hill,3412,34,K,1-bed,1 Bed,1,,670,3514,4496,,available_on,2026-08-29,29417189,2413027
2026-08-22T23:46:44.508Z,825-south-hill,825 South Hill,4312,43,K,1-bed,1 Bed,1,,670,3511,4492,,available,,29417198,2413027
2026-08-22T23:46:44.508Z,825-south-hill,825 South Hill,2901,29,K1,1-bed,1 Bed,1,,716,3514,4489,,available_on,2026-09-09,29417218,2413028
2026-08-22T23:46:44.508Z,825-south-hill,825 South Hill,3603,36,M,2-bed-den,2 Bed + Den,2,,1099,4514,5803,,available_on,2026-09-07,29417253,2413032
2026-08-22T23:46:44.508Z,825-south-hill,825 South Hill,3809,38,M1,2-bed-den,2 Bed + Den,2,,1109,4458,5714,,available,,29417286,2413033
2026-08-22T23:46:44.508Z,825-south-hill,825 South Hill,1504,15,N,jr-2-bed,Jr. 2 Bed,2,,792,3272,4207,,available,,29417296,2413034
2026-08-22T23:46:44.508Z,825-south-hill,825 South Hill,2204,22,N,jr-2-bed,Jr. 2 Bed,2,,792,3357,4312,,available_on,2026-09-28,29417302,2413034
2026-08-22T23:46:44.508Z,825-south-hill,825 South Hill,3704,37,N,jr-2-bed,Jr. 2 Bed,2,,792,3597,4621,,available_on,2026-09-07,29417313,2413034
2026-08-22T23:46:44.508Z,825-south-hill,825 South Hill,4204,42,N,jr-2-bed,Jr. 2 Bed,2,,792,3717,4780,,available,,29417317,2413034
2026-08-22T23:46:44.508Z,825-south-hill,825 South Hill,3610,36,N1,jr-2-bed,Jr. 2 Bed,2,,807,3482,4473,,available_on,2026-08-29,29417341,2413035
2026-08-22T23:46:44.508Z,825-south-hill,825 South Hill,4110,41,N1,jr-2-bed,Jr. 2 Bed,2,,807,3545,4559,,available,,29417346,2413035
2026-08-22T23:46:44.508Z,825-south-hill,825 South Hill,4310,43,N1,jr-2-bed,Jr. 2 Bed,2,,807,3667,4700,,available_on,2026-10-07,29417348,2413035
2026-08-22T23:46:44.508Z,825-south-hill,825 South Hill,3902,39,O,1-bed,1 Bed,1,,538,3397,4302,,available_on,2026-10-10,29417415,2413037
2026-08-22T23:46:44.508Z,825-south-hill,825 South Hill,4602,46,O,1-bed,1 Bed,1,,538,3542,4471,,available_on,2026-11-07,29417390,2413037
2026-08-22T23:46:44.508Z,825-south-hill,825 South Hill,1107,11,O1,1-bed,1 Bed,1,,560,3052,3879,,available_on,2026-09-28,29417419,2413039
2026-08-22T23:46:44.508Z,825-south-hill,825 South Hill,4906,49,SKY3,skyhomes,Skyhomes,,,1364,5320,6862,,available,,29417489,2413047
2026-08-22T23:46:44.508Z,825-south-hill,825 South Hill,4703,47,SKY6,skyhomes,Skyhomes,,,1125,5126,6611,,available,,38097680,2413050
2026-08-22T23:46:44.508Z,atelier,Atelier,0614,6,,studio,Studio,0,1,473,2100,2100,2117,available_on,2026-10-24,,
2026-08-22T23:46:44.508Z,atelier,Atelier,0707,7,,1-bed,1 Bed,1,1,778,3556,3556,3573,available_on,2026-10-22,,
2026-08-22T23:46:44.508Z,atelier,Atelier,0806,8,,1-bed,1 Bed,1,1,829,4036,4036,4053,available_on,2026-10-02,,
2026-08-22T23:46:44.508Z,atelier,Atelier,0902,9,,1-bed,1 Bed,1,1,622,3526,3526,3543,available_on,2026-09-15,,
2026-08-22T23:46:44.508Z,atelier,Atelier,1012,10,,1-bed,1 Bed,1,1,685,3816,3816,3833,available_on,2026-09-09,,
2026-08-22T23:46:44.508Z,atelier,Atelier,1402,14,,1-bed,1 Bed,1,1,622,3606,3606,3623,available_on,2026-11-07,,
2026-08-22T23:46:44.508Z,atelier,Atelier,1407,14,,1-bed,1 Bed,1,1,778,3706,3706,3723,available_on,2026-10-07,,
2026-08-22T23:46:44.508Z,atelier,Atelier,1508,15,,1-bed,1 Bed,1,1,778,3721,3721,3738,available_on,2026-10-18,,
2026-08-22T23:46:44.508Z,atelier,Atelier,1905,19,,1-bed,1 Bed,1,1,778,4066,4066,4083,available_on,2026-09-15,,
2026-08-22T23:46:44.508Z,atelier,Atelier,2312,23,,1-bed,1 Bed,1,1,685,4131,4131,4148,available_on,2026-10-08,,
2026-08-22T23:46:44.508Z,atelier,Atelier,2401,24,,2-bed,2 Bed,2,2.5,1377,6380,6380,6397,available_on,2026-08-22,,
2026-08-22T23:46:44.508Z,atelier,Atelier,2404,24,,1-bed,1 Bed,1,1,829,4426,4426,4443,available_on,2026-08-22,,
2026-08-22T23:46:44.508Z,atelier,Atelier,2414,24,,2-bed,2 Bed,2,2,975,4633,4633,4650,available_on,2026-09-07,,
2026-08-22T23:46:44.508Z,atelier,Atelier,2501,25,,2-bed,2 Bed,2,2.5,1377,6400,6400,6417,available_on,2026-08-31,,
2026-08-22T23:46:44.508Z,atelier,Atelier,2504,25,,1-bed,1 Bed,1,1,829,4446,4446,4459,available_on,2026-10-28,,
2026-08-22T23:46:44.508Z,atelier,Atelier,2602,26,,2-bed,2 Bed,2,2.5,1514,7465,7465,7478,available_on,2026-08-27,,
2026-08-22T23:46:44.508Z,atelier,Atelier,2901,29,,2-bed,2 Bed,2,2.5,1377,6480,6480,6497,available_on,2026-08-22,,
2026-08-22T23:46:44.508Z,atelier,Atelier,3106,31,,1-bed,1 Bed,1,1,778,4381,4381,4398,available_on,2026-08-22,,
2026-08-22T23:46:44.508Z,atelier,Atelier,3108,31,,1-bed,1 Bed,1,1,685,4471,4471,4488,available_on,2026-08-22,,
2026-08-22T23:46:44.508Z,atelier,Atelier,3110,31,,1-bed,1 Bed,1,1,685,4556,4556,4573,available_on,2026-08-22,,
2026-08-22T23:46:44.508Z,atelier,Atelier,3210,32,,1-bed,1 Bed,1,1,685,4626,4626,4643,available_on,2026-08-22,,
2026-08-22T23:46:44.508Z,atelier,Atelier,PH01,,,2-bed,2 Bed,2,2.5,1470,8872,8872,8889,available_on,2026-08-22,,
2026-08-22T23:46:44.508Z,atelier,Atelier,PH08,,,3-bed,3 Bed,3,3,1731,9148,9148,9165,available_on,2026-08-22,,
2026-08-22T23:46:44.508Z,eighth-and-grand,Eighth & Grand,0-2017,,,1-bed,1 Bed,1,1,762,2507,2507,2526,available_on,2026-09-10,,
2026-08-22T23:46:44.508Z,eighth-and-grand,Eighth & Grand,0-2037,,,1-bed,1 Bed,1,1,762,2507,2507,2526,available_on,2026-09-15,,
2026-08-22T23:46:44.508Z,eighth-and-grand,Eighth & Grand,0-2041,,,1-bed,1 Bed,1,1,762,2507,2507,2526,available_on,2026-09-05,,
2026-08-22T23:46:44.508Z,eighth-and-grand,Eighth & Grand,0-2051,,,2-bed,2 Bed,2,2.5,1094,3805,3805,3824,available_on,2026-08-22,,
2026-08-22T23:46:44.508Z,eighth-and-grand,Eighth & Grand,0-2077,,,1-bed,1 Bed,1,1,578,2221,2221,2240,available_on,2026-09-26,,
2026-08-22T23:46:44.508Z,eighth-and-grand,Eighth & Grand,0-2102,,,studio,Studio,0,1,527,2139,2139,2158,available_on,2026-10-17,,
2026-08-22T23:46:44.508Z,eighth-and-grand,Eighth & Grand,0-2152,,,studio,Studio,0,1,540,2144,2144,2163,available_on,2026-10-16,,
2026-08-22T23:46:44.508Z,eighth-and-grand,Eighth & Grand,0-2153,,,2-bed,2 Bed,2,2,1168,3560,3560,3579,available_on,2026-08-23,,
2026-08-22T23:46:44.508Z,eighth-and-grand,Eighth & Grand,0-2161,,,2-bed,2 Bed,2,2,1109,3355,3355,3374,available_on,2026-10-10,,
2026-08-22T23:46:44.508Z,eighth-and-grand,Eighth & Grand,0-3028,,,1-bed,1 Bed,1,1,779,2827,2827,2846,available_on,2026-08-22,,
2026-08-22T23:46:44.508Z,eighth-and-grand,Eighth & Grand,0-3104,,,1-bed,1 Bed,1,1,802,2692,2692,2711,available_on,2026-09-28,,
2026-08-22T23:46:44.508Z,eighth-and-grand,Eighth & Grand,0-3136,,,1-bed,1 Bed,1,1,777,2367,2367,2386,available_on,2026-10-12,,
2026-08-22T23:46:44.508Z,eighth-and-grand,Eighth & Grand,0-4003,,,1-bed,1 Bed,1,1,880,2852,2852,2871,available_on,2026-08-22,,
2026-08-22T23:46:44.508Z,eighth-and-grand,Eighth & Grand,0-4028,,,1-bed,1 Bed,1,1,779,2847,2847,2866,available_on,2026-10-09,,
2026-08-22T23:46:44.508Z,eighth-and-grand,Eighth & Grand,0-4071,,,1-bed,1 Bed,1,1,840,2472,2472,2491,available_on,2026-10-23,,
2026-08-22T23:46:44.508Z,eighth-and-grand,Eighth & Grand,0-4080,,,1-bed,1 Bed,1,1,777,2362,2362,2377,available_on,2026-09-29,,
2026-08-22T23:46:44.508Z,eighth-and-grand,Eighth & Grand,0-4108,,,studio,Studio,0,1,540,2269,2269,2284,available_on,2026-08-28,,
2026-08-22T23:46:44.508Z,eighth-and-grand,Eighth & Grand,0-4114,,,studio,Studio,0,1,520,2224,2224,2243,available_on,2026-10-15,,
2026-08-22T23:46:44.508Z,eighth-and-grand,Eighth & Grand,0-4139,,,1-bed,1 Bed,1,1,578,2396,2396,2415,available_on,2026-08-22,,
2026-08-22T23:46:44.508Z,eighth-and-grand,Eighth & Grand,0-5026,,,1-bed,1 Bed,1,1,779,2907,2907,2926,available_on,2026-08-22,,
2026-08-22T23:46:44.508Z,eighth-and-grand,Eighth & Grand,0-5029,,,1-bed,1 Bed,1,1,880,2992,2992,3011,available_on,2026-08-22,,
2026-08-22T23:46:44.508Z,eighth-and-grand,Eighth & Grand,0-5034,,,2-bed,2 Bed,2,2,1046,3365,3365,3384,available_on,2026-08-22,,
2026-08-22T23:46:44.508Z,eighth-and-grand,Eighth & Grand,0-5035,,,1-bed,1 Bed,1,1,880,2917,2917,2936,available_on,2026-08-22,,
2026-08-22T23:46:44.508Z,eighth-and-grand,Eighth & Grand,0-5046,,,1-bed,1 Bed,1,1,578,2441,2441,2460,available_on,2026-09-20,,
2026-08-22T23:46:44.508Z,eighth-and-grand,Eighth & Grand,0-5049,,,2-bed,2 Bed,2,2,1016,3635,3635,3654,available_on,2026-08-22,,
2026-08-22T23:46:44.508Z,eighth-and-grand,Eighth & Grand,0-5086,,,1-bed,1 Bed,1,1,777,2507,2507,2522,available_on,2026-10-06,,
2026-08-22T23:46:44.508Z,eighth-and-grand,Eighth & Grand,0-5094,,,1-bed,1 Bed,1,1,715,2757,2757,2776,available_on,2026-08-22,,
2026-08-22T23:46:44.508Z,eighth-and-grand,Eighth & Grand,0-5096,,,1-bed,1 Bed,1,1,584,2592,2592,2611,available_on,2026-08-30,,
2026-08-22T23:46:44.508Z,eighth-and-grand,Eighth & Grand,0-5153,,,2-bed,2 Bed,2,2,1278,4010,4010,4029,available_on,2026-09-23,,
2026-08-22T23:46:44.508Z,eighth-and-grand,Eighth & Grand,0-5162,,,studio,Studio,0,1,520,2234,2234,2253,available_on,2026-10-30,,
2026-08-22T23:46:44.508Z,eighth-and-grand,Eighth & Grand,0-6002,,,1-bed,1 Bed,1,1,639,2557,2557,2576,available_on,2026-08-22,,
2026-08-22T23:46:44.508Z,eighth-and-grand,Eighth & Grand,0-6011,,,1-bed,1 Bed,1,1,880,2967,2967,2986,available_on,2026-08-22,,
2026-08-22T23:46:44.508Z,eighth-and-grand,Eighth & Grand,0-6017,,,1-bed,1 Bed,1,1,880,3017,3017,3036,available_on,2026-08-22,,
2026-08-22T23:46:44.508Z,eighth-and-grand,Eighth & Grand,0-6035,,,1-bed,1 Bed,1,1,762,2837,2837,2856,available_on,2026-09-02,,
2026-08-22T23:46:44.508Z,eighth-and-grand,Eighth & Grand,0-6037,,,1-bed,1 Bed,1,1,762,2932,2932,2951,available_on,2026-08-22,,
2026-08-22T23:46:44.508Z,eighth-and-grand,Eighth & Grand,0-6057,,,2-bed,2 Bed,2,2,1211,3685,3685,3704,available_on,2026-09-06,,
2026-08-22T23:46:44.508Z,eighth-and-grand,Eighth & Grand,0-6066,,,1-bed,1 Bed,1,1,762,2832,2832,2851,available_on,2026-08-22,,
2026-08-22T23:46:44.508Z,eighth-and-grand,Eighth & Grand,0-6068,,,1-bed,1 Bed,1,1,579,2402,2402,2421,available_on,2026-09-18,,
2026-08-22T23:46:44.508Z,eighth-and-grand,Eighth & Grand,0-6071,,,1-bed,1 Bed,1,1,840,2572,2572,2591,available_on,2026-09-09,,
2026-08-22T23:46:44.508Z,eighth-and-grand,Eighth & Grand,0-6094,,,1-bed,1 Bed,1,1,715,2882,2882,2901,available_on,2026-08-22,,
2026-08-22T23:46:44.508Z,eighth-and-grand,Eighth & Grand,0-6137,,,1-bed,1 Bed,1,1,578,2446,2446,2465,available_on,2026-09-10,,
2026-08-22T23:46:44.508Z,eighth-and-grand,Eighth & Grand,0-6149,,,studio,Studio,0,1,558,2364,2364,2383,available_on,2026-08-25,,
2026-08-22T23:46:44.508Z,eighth-and-grand,Eighth & Grand,0-6152,,,studio,Studio,0,1,540,2369,2369,2388,available_on,2026-11-01,,
2026-08-22T23:46:44.508Z,eighth-and-grand,Eighth & Grand,0-6154,,,studio,Studio,0,1,520,2284,2284,2303,available_on,2026-11-07,,
2026-08-22T23:46:44.508Z,eighth-and-grand,Eighth & Grand,0-6166,,,1-bed,1 Bed,1,1,822,2882,2882,2901,available_on,2026-09-28,,
2026-08-22T23:46:44.508Z,eighth-and-grand,Eighth & Grand,0-7024,,,1-bed,1 Bed,1,1,791,2837,2837,2856,available_on,2026-08-22,,
2026-08-22T23:46:44.508Z,eighth-and-grand,Eighth & Grand,0-7042,,,1-bed,1 Bed,1,1,578,2366,2366,2385,available_on,2026-08-24,,
2026-08-22T23:46:44.508Z,eighth-and-grand,Eighth & Grand,0-7066,,,1-bed,1 Bed,1,1,762,2882,2882,2901,available_on,2026-08-22,,
2026-08-22T23:46:44.508Z,eighth-and-grand,Eighth & Grand,0-7071,,,1-bed,1 Bed,1,1,840,2897,2897,2916,available_on,2026-09-07,,
2026-08-22T23:46:44.508Z,eighth-and-grand,Eighth & Grand,0-7090,,,2-bed,2 Bed,2,1,976,3290,3290,3309,available_on,2026-08-22,,
2026-08-22T23:46:44.508Z,eighth-and-grand,Eighth & Grand,0-7145,,,2-bed,2 Bed,2,2,1099,4130,4130,4149,available_on,2026-10-01,,
2026-08-22T23:46:44.508Z,beaudry,Beaudry,B-1007,10,,studio,Studio,0,1,550,2660,2660,2676,available_on,2026-10-22,,
2026-08-22T23:46:44.508Z,beaudry,Beaudry,B-1101,11,,1-bed,1 Bed,1,1.5,818,4648,4648,4664,available_on,2026-09-13,,
2026-08-22T23:46:44.508Z,beaudry,Beaudry,B-1104,11,,1-bed,1 Bed,1,1.5,875,3998,3998,4011,available_on,2026-10-27,,
2026-08-22T23:46:44.508Z,beaudry,Beaudry,B-1204,12,,1-bed,1 Bed,1,1.5,875,4063,4063,4079,available_on,2026-10-01,,
2026-08-22T23:46:44.508Z,beaudry,Beaudry,B-1401,14,,1-bed,1 Bed,1,1.5,818,4723,4723,4739,available_on,2026-09-29,,
2026-08-22T23:46:44.508Z,beaudry,Beaudry,B-1409,14,,1-bed,1 Bed,1,1,860,4940,4940,4956,available_on,2026-09-10,,
2026-08-22T23:46:44.508Z,beaudry,Beaudry,B-1416,14,,2-bed,2 Bed,2,2,1192,6294,6294,6310,available_on,2026-09-06,,
2026-08-22T23:46:44.508Z,beaudry,Beaudry,B-1602,16,,studio,Studio,0,1,539,2705,2705,2721,available_on,2026-10-09,,
2026-08-22T23:46:44.508Z,beaudry,Beaudry,B-1714,17,,1-bed,1 Bed,1,1,802,4145,4145,4161,available_on,2026-09-16,,
2026-08-22T23:46:44.508Z,beaudry,Beaudry,B-1804,18,,1-bed,1 Bed,1,1.5,875,4113,4113,4129,available_on,2026-09-21,,
2026-08-22T23:46:44.508Z,beaudry,Beaudry,B-1904,19,,1-bed,1 Bed,1,1.5,891,4088,4088,4104,available_on,2026-09-18,,
2026-08-22T23:46:44.508Z,beaudry,Beaudry,B-2008,20,,2-bed,2 Bed,2,2,1200,6709,6709,6725,available_on,2026-08-22,,
2026-08-22T23:46:44.508Z,beaudry,Beaudry,B-2013,20,,2-bed,2 Bed,2,2,1192,6029,6029,6045,available_on,2026-09-16,,
2026-08-22T23:46:44.508Z,beaudry,Beaudry,B-2014,20,,1-bed,1 Bed,1,1,817,4275,4275,4291,available_on,2026-10-23,,
2026-08-22T23:46:44.508Z,beaudry,Beaudry,B-2101,21,,1-bed,1 Bed,1,1.5,818,4793,4793,4809,available_on,2026-09-18,,
2026-08-22T23:46:44.508Z,beaudry,Beaudry,B-2111,21,,studio,Studio,0,1,514,2585,2585,2601,available_on,2026-10-20,,
2026-08-22T23:46:44.508Z,beaudry,Beaudry,B-2114,21,,1-bed,1 Bed,1,1,817,4285,4285,4301,available_on,2026-09-21,,
2026-08-22T23:46:44.508Z,beaudry,Beaudry,B-2204,22,,1-bed,1 Bed,1,1.5,891,4118,4118,4134,available_on,2026-09-29,,
2026-08-22T23:46:44.508Z,beaudry,Beaudry,B-2313,23,,2-bed,2 Bed,2,2,1192,6059,6059,6075,available_on,2026-08-22,,
2026-08-22T23:46:44.508Z,beaudry,Beaudry,B-2413,24,,2-bed,2 Bed,2,2,1192,6069,6069,6085,available_on,2026-09-12,,
2026-08-22T23:46:44.508Z,beaudry,Beaudry,B-2415,24,,1-bed,1 Bed,1,1,568,3094,3094,3110,available_on,2026-10-08,,
2026-08-22T23:46:44.508Z,beaudry,Beaudry,B-2514,25,,1-bed,1 Bed,1,1,817,4325,4325,4341,available_on,2026-09-16,,
2026-08-22T23:46:44.508Z,beaudry,Beaudry,B-2805,28,,1-bed,1 Bed,1,1,939,4560,4560,4576,available_on,2026-10-01,,
2026-08-22T23:46:44.508Z,beaudry,Beaudry,B-3005,30,,1-bed,1 Bed,1,1,939,4580,4580,4596,available_on,2026-09-27,,
2026-08-22T23:46:44.508Z,beaudry,Beaudry,B-3008,30,,2-bed,2 Bed,2,2,1200,6899,6899,6915,available_on,2026-09-01,,
2026-08-22T23:46:44.508Z,beaudry,Beaudry,B-3201,32,,1-bed,1 Bed,1,1.5,818,4903,4903,4919,available_on,2026-09-11,,
2026-08-22T23:46:44.508Z,beaudry,Beaudry,B-3205,32,,1-bed,1 Bed,1,1,939,4600,4600,4616,available_on,2026-10-14,,
2026-08-22T23:46:44.508Z,beaudry,Beaudry,B-3310,33,,1-bed,1 Bed,1,1,594,3119,3119,3135,available_on,2026-10-08,,
2026-08-22T23:46:44.508Z,beaudry,Beaudry,B-3401,34,,1-bed,1 Bed,1,1.5,818,4923,4923,4936,available_on,2026-10-02,,
2026-08-22T23:46:44.508Z,beaudry,Beaudry,B-3406,34,,1-bed,1 Bed,1,1,882,4505,4505,4521,available_on,2026-10-16,,
2026-08-22T23:46:44.508Z,beaudry,Beaudry,B-3709,37,,1-bed,1 Bed,1,1,860,5345,5345,5361,available_on,2026-10-24,,
2026-08-22T23:46:44.508Z,beaudry,Beaudry,B-3713,37,,2-bed,2 Bed,2,2,1192,6224,6224,6240,available_on,2026-08-24,,
2026-08-22T23:46:44.508Z,beaudry,Beaudry,B-3814,38,,1-bed,1 Bed,1,1,817,4480,4480,4496,available_on,2026-08-27,,
2026-08-22T23:46:44.508Z,beaudry,Beaudry,B-4002,40,,studio,Studio,0,1,539,2970,2970,2986,available_on,2026-10-22,,
2026-08-22T23:46:44.508Z,beaudry,Beaudry,B-4011,40,,studio,Studio,0,1,514,2800,2800,2816,available_on,2026-10-01,,
2026-08-22T23:46:44.508Z,beaudry,Beaudry,B-4105,41,,1-bed,1 Bed,1,1.5,1044,4628,4628,4644,available_on,2026-09-30,,
2026-08-22T23:46:44.508Z,beaudry,Beaudry,B-4303,43,,1-bed,1 Bed,1,1,627,3384,3384,3400,available_on,2026-10-11,,
2026-08-22T23:46:44.508Z,beaudry,Beaudry,B-4413,44,,2-bed,2 Bed,2,2,1192,6294,6294,6307,available_on,2026-08-26,,
2026-08-22T23:46:44.508Z,beaudry,Beaudry,B-4504,45,,1-bed,1 Bed,1,1.5,1134,4988,4988,5004,available_on,2026-09-05,,
2026-08-22T23:46:44.508Z,beaudry,Beaudry,B-4507,45,,studio,Studio,0,1,550,3180,3180,3196,available_on,2026-10-08,,
2026-08-22T23:46:44.508Z,beaudry,Beaudry,B-4704,47,,1-bed,1 Bed,1,1.5,1134,5008,5008,5024,available_on,2026-09-24,,
2026-08-22T23:46:44.508Z,beaudry,Beaudry,B-4707,47,,studio,Studio,0,1,550,3200,3200,3216,available_on,2026-10-17,,
2026-08-22T23:46:44.508Z,beaudry,Beaudry,B-4713,47,,2-bed,2 Bed,2,2,1192,6324,6324,6340,available_on,2026-11-03,,
2026-08-22T23:46:44.508Z,beaudry,Beaudry,B-4910,49,,1-bed,1 Bed,1,1.5,926,4355,4355,4371,available_on,2026-10-10,,
2026-08-22T23:46:44.508Z,beaudry,Beaudry,B-5209,52,,2-bed,2 Bed,2,2,1230,6295,6295,6311,available_on,2026-09-15,,
2026-08-22T23:46:44.508Z,beaudry,Beaudry,B-5405,54,,3-bed,3 Bed,3,2.5,1734,9050,9050,9066,available_on,2026-10-05,,
2026-08-22T23:46:44.508Z,beaudry,Beaudry,B-5607,56,,1-bed,1 Bed,1,1,1006,5610,5610,5623,available_on,2026-08-22,,
2026-08-22T23:46:44.508Z,circa-la,Circa LA,W3206,32,,1-bed,1 Bed,1,1,745,3358,3358,3408,available_on,2026-08-22,,
2026-08-22T23:46:44.508Z,circa-la,Circa LA,W3208,32,,1-bed,1 Bed,1,1,770,3636,3636,3686,available_on,2026-08-22,,
2026-08-22T23:46:44.508Z,circa-la,Circa LA,W2708,27,,1-bed,1 Bed,1,1,770,3485,3485,3535,available_on,2026-08-22,,
2026-08-22T23:46:44.508Z,circa-la,Circa LA,W2618,26,,1-bed,1 Bed,1,1,923,4069,4069,4119,available_on,2026-08-27,,
2026-08-22T23:46:44.508Z,circa-la,Circa LA,W2518,25,,1-bed,1 Bed,1,1,923,3930,3930,3980,available_on,2026-08-22,,
2026-08-22T23:46:44.508Z,circa-la,Circa LA,W2006,20,,1-bed,1 Bed,1,1,745,3388,3388,3438,available_on,2026-09-14,,
2026-08-22T23:46:44.508Z,circa-la,Circa LA,W1708,17,,1-bed,1 Bed,1,1,770,3327,3327,3377,available_on,2026-08-22,,
2026-08-22T23:46:44.508Z,circa-la,Circa LA,W1724,17,,2-bed,2 Bed,2,2,1463,4755,4755,4805,available_on,2026-10-28,,
2026-08-22T23:46:44.508Z,circa-la,Circa LA,W1624,16,,2-bed,2 Bed,2,2,1463,4747,4747,4797,available_on,2026-09-03,,
2026-08-22T23:46:44.508Z,circa-la,Circa LA,W1412,14,,2-bed,2 Bed,2,2.5,1762,5527,5527,5577,available_on,2026-09-26,,
2026-08-22T23:46:44.508Z,circa-la,Circa LA,W1120,11,,1-bed,1 Bed,1,1,927,3335,3335,3385,available_on,2026-09-18,,
2026-08-22T23:46:44.508Z,circa-la,Circa LA,W924,9,,2-bed,2 Bed,2,2,1463,4601,4601,4651,available_on,2026-08-22,,
2026-08-22T23:46:44.508Z,circa-la,Circa LA,W926,9,,2-bed,2 Bed,2,2,1285,4292,4292,4342,available_on,2026-08-22,,
2026-08-22T23:46:44.508Z,circa-la,Circa LA,W820,8,,1-bed,1 Bed,1,1,927,4111,4111,4161,available_on,2026-08-22,,
2026-08-22T23:46:44.508Z,circa-la,Circa LA,E3201,32,,1-bed,1 Bed,1,1,627,3114,3114,3164,available_on,2026-08-22,,
2026-08-22T23:46:44.508Z,circa-la,Circa LA,E3221,32,,1-bed,1 Bed,1,1,871,3737,3737,3787,available_on,2026-08-22,,
2026-08-22T23:46:44.508Z,circa-la,Circa LA,E2911,29,,2-bed,2 Bed,2,2.5,1762,5690,5690,5740,available_on,2026-08-26,,
2026-08-22T23:46:44.508Z,circa-la,Circa LA,E2917,29,,1-bed,1 Bed,1,1,923,3872,3872,3922,available_on,2026-09-05,,
2026-08-22T23:46:44.508Z,circa-la,Circa LA,E2921,29,,1-bed,1 Bed,1,1,871,3644,3644,3694,available_on,2026-10-04,,
2026-08-22T23:46:44.508Z,circa-la,Circa LA,E2501,25,,1-bed,1 Bed,1,1,627,2876,2876,2926,available_on,2026-09-17,,
2026-08-22T23:46:44.508Z,circa-la,Circa LA,E2411,24,,2-bed,2 Bed,2,2.5,1762,5576,5576,5626,available_on,2026-09-05,,
2026-08-22T23:46:44.508Z,circa-la,Circa LA,E2419,24,,1-bed,1 Bed,1,1,927,3530,3530,3580,available_on,2026-09-21,,
2026-08-22T23:46:44.508Z,circa-la,Circa LA,E1813,18,,2-bed,2 Bed,2,2.5,1898,5978,5978,6028,available_on,2026-08-22,,
2026-08-22T23:46:44.508Z,circa-la,Circa LA,E1601,16,,1-bed,1 Bed,1,1,627,2742,2742,2792,available_on,2026-09-11,,
2026-08-22T23:46:44.508Z,circa-la,Circa LA,E1115,11,,1-bed,1 Bed,1,1,868,3269,3269,3319,available_on,2026-10-04,,
2026-08-22T23:46:44.508Z,circa-la,Circa LA,E825,8,,2-bed,2 Bed,2,2,1285,4472,4472,4522,available_on,2026-08-22,,
2026-08-22T23:46:44.508Z,circa-la,Circa LA,E3301,33,,3-bed,3 Bed,3,4.5,3984,19486,19486,19536,available_on,2026-08-22,,
2026-08-22T23:46:44.508Z,circa-la,Circa LA,E3305,33,,2-bed,2 Bed,2,2,1338,5973,5973,6023,available_on,2026-09-02,,
2026-08-22T23:46:44.508Z,circa-la,Circa LA,W3302,33,,3-bed,3 Bed,3,4.5,3842,22551,22551,22601,available_on,2026-08-22,,
2026-08-22T23:46:44.508Z,circa-la,Circa LA,W3312,33,,3-bed,3 Bed,3,3.5,2900,17028,17028,17078,available_on,2026-08-22,,
2026-08-22T23:46:44.508Z,circa-la,Circa LA,E3411,34,,3-bed,3 Bed,3,3.5,2878,13125,13125,13175,available_on,2026-08-22,,
2026-08-22T23:46:44.508Z,circa-la,Circa LA,W3402,34,,3-bed,3 Bed,3,4.5,3842,22643,22643,22693,available_on,2026-08-22,,
2026-08-22T23:46:44.508Z,circa-la,Circa LA,W3406,34,,2-bed,2 Bed,2,2,1338,7315,7315,7365,available_on,2026-09-01,,
2026-08-22T23:46:44.508Z,circa-la,Circa LA,E3501,35,,3-bed,3 Bed,3,4.5,3984,22435,22435,22485,available_on,2026-08-22,,
2026-08-22T23:46:44.508Z,circa-la,Circa LA,E3505,35,,2-bed,2 Bed,2,2,1338,6188,6188,6238,available_on,2026-08-22,,
2026-08-22T23:46:44.508Z,circa-la,Circa LA,E3511,35,,3-bed,3 Bed,3,3.5,2878,14850,14850,14900,available_on,2026-08-22,,
2026-08-22T23:46:44.508Z,circa-la,Circa LA,W3502,35,,3-bed,3 Bed,3,4.5,3842,23359,23359,23409,available_on,2026-08-22,,
2026-08-22T23:46:44.508Z,circa-la,Circa LA,W3508,35,,2-bed,2 Bed,2,2,1524,8045,8045,8095,available_on,2026-10-31,,
2026-08-22T23:46:44.508Z,circa-la,Circa LA,W3512,35,,3-bed,3 Bed,3,3.5,2900,17398,17398,17448,available_on,2026-08-22,,
2026-08-23T23:50:12.492Z,825-south-hill,825 South Hill,201,2,A2,2-bed-den,2 Bed + Den,2,,1090,3909,5010,,available,,29417540,2413008
2026-08-23T23:50:12.492Z,825-south-hill,825 South Hill,301,3,A2,2-bed-den,2 Bed + Den,2,,1090,3924,5030,,available,,29417543,2413008
2026-08-23T23:50:12.492Z,825-south-hill,825 South Hill,302,3,B,2-bed,2 Bed,2,,993,3727,4785,,available,,29417544,2413011
2026-08-23T23:50:12.492Z,825-south-hill,825 South Hill,607,6,TH2,townhomes,Townhomes,,,1385,5578,7507,,available,,29417562,2413022
2026-08-23T23:50:12.492Z,825-south-hill,825 South Hill,1505,15,J,2-bed,2 Bed,2,,991,3896,4996,,available_on,2026-09-19,29417141,2413023
2026-08-23T23:50:12.492Z,825-south-hill,825 South Hill,1211,12,J1,2-bed,2 Bed,2,,988,4042,5190,,available,,29417109,2413026
2026-08-23T23:50:12.492Z,825-south-hill,825 South Hill,4211,42,J1,2-bed,2 Bed,2,,988,4586,5881,,available_on,2026-09-05,29417134,2413026
2026-08-23T23:50:12.492Z,825-south-hill,825 South Hill,3012,30,K,1-bed,1 Bed,1,,670,3499,4457,,available_on,2026-10-12,29417188,2413027
2026-08-23T23:50:12.492Z,825-south-hill,825 South Hill,3412,34,K,1-bed,1 Bed,1,,670,3514,4496,,available_on,2026-08-29,29417189,2413027
2026-08-23T23:50:12.492Z,825-south-hill,825 South Hill,4312,43,K,1-bed,1 Bed,1,,670,3511,4492,,available,,29417198,2413027
2026-08-23T23:50:12.492Z,825-south-hill,825 South Hill,2901,29,K1,1-bed,1 Bed,1,,716,3514,4489,,available_on,2026-09-09,29417218,2413028
2026-08-23T23:50:12.492Z,825-south-hill,825 South Hill,3603,36,M,2-bed-den,2 Bed + Den,2,,1099,4514,5803,,available_on,2026-09-07,29417253,2413032
2026-08-23T23:50:12.492Z,825-south-hill,825 South Hill,3809,38,M1,2-bed-den,2 Bed + Den,2,,1109,4458,5714,,available,,29417286,2413033
2026-08-23T23:50:12.492Z,825-south-hill,825 South Hill,1504,15,N,jr-2-bed,Jr. 2 Bed,2,,792,3272,4207,,available,,29417296,2413034
2026-08-23T23:50:12.492Z,825-south-hill,825 South Hill,2204,22,N,jr-2-bed,Jr. 2 Bed,2,,792,3357,4312,,available_on,2026-09-28,29417302,2413034
2026-08-23T23:50:12.492Z,825-south-hill,825 South Hill,3704,37,N,jr-2-bed,Jr. 2 Bed,2,,792,3597,4621,,available_on,2026-09-14,29417313,2413034
2026-08-23T23:50:12.492Z,825-south-hill,825 South Hill,4204,42,N,jr-2-bed,Jr. 2 Bed,2,,792,3717,4780,,available,,29417317,2413034
2026-08-23T23:50:12.492Z,825-south-hill,825 South Hill,1910,19,N1,jr-2-bed,Jr. 2 Bed,2,,807,3172,4075,,available_on,2026-09-11,29417327,2413035
2026-08-23T23:50:12.492Z,825-south-hill,825 South Hill,3610,36,N1,jr-2-bed,Jr. 2 Bed,2,,807,3482,4477,,available_on,2026-08-29,29417341,2413035
2026-08-23T23:50:12.492Z,825-south-hill,825 South Hill,4110,41,N1,jr-2-bed,Jr. 2 Bed,2,,807,3545,4559,,available,,29417346,2413035
2026-08-23T23:50:12.492Z,825-south-hill,825 South Hill,4310,43,N1,jr-2-bed,Jr. 2 Bed,2,,807,3667,4700,,available_on,2026-10-07,29417348,2413035
2026-08-23T23:50:12.492Z,825-south-hill,825 South Hill,3902,39,O,1-bed,1 Bed,1,,538,3397,4302,,available_on,2026-10-10,29417415,2413037
2026-08-23T23:50:12.492Z,825-south-hill,825 South Hill,4602,46,O,1-bed,1 Bed,1,,538,3542,4471,,available_on,2026-11-07,29417390,2413037
2026-08-23T23:50:12.492Z,825-south-hill,825 South Hill,1107,11,O1,1-bed,1 Bed,1,,560,3052,3879,,available_on,2026-09-28,29417419,2413039
2026-08-23T23:50:12.492Z,825-south-hill,825 South Hill,4703,47,SKY6,skyhomes,Skyhomes,,,1125,5099,6576,,available,,38097680,2413050
2026-08-23T23:50:12.492Z,atelier,Atelier,0707,7,,1-bed,1 Bed,1,1,778,3359,3359,3376,available_on,2026-10-22,,
2026-08-23T23:50:12.492Z,atelier,Atelier,0806,8,,1-bed,1 Bed,1,1,829,3839,3839,3856,available_on,2026-10-02,,
2026-08-23T23:50:12.492Z,atelier,Atelier,0902,9,,1-bed,1 Bed,1,1,622,3329,3329,3346,available_on,2026-09-15,,
2026-08-23T23:50:12.492Z,atelier,Atelier,1012,10,,1-bed,1 Bed,1,1,685,3619,3619,3636,available_on,2026-09-09,,
2026-08-23T23:50:12.492Z,atelier,Atelier,1402,14,,1-bed,1 Bed,1,1,622,3409,3409,3426,available_on,2026-11-07,,
2026-08-23T23:50:12.492Z,atelier,Atelier,1407,14,,1-bed,1 Bed,1,1,778,3509,3509,3526,available_on,2026-10-07,,
2026-08-23T23:50:12.492Z,atelier,Atelier,1508,15,,1-bed,1 Bed,1,1,778,3524,3524,3541,available_on,2026-10-18,,
2026-08-23T23:50:12.492Z,atelier,Atelier,1905,19,,1-bed,1 Bed,1,1,778,3869,3869,3886,available_on,2026-09-15,,
2026-08-23T23:50:12.492Z,atelier,Atelier,2312,23,,1-bed,1 Bed,1,1,685,3934,3934,3951,available_on,2026-10-08,,
2026-08-23T23:50:12.492Z,atelier,Atelier,2401,24,,2-bed,2 Bed,2,2.5,1377,6396,6396,6413,available_on,2026-08-23,,
2026-08-23T23:50:12.492Z,atelier,Atelier,2404,24,,1-bed,1 Bed,1,1,829,4229,4229,4246,available_on,2026-08-23,,
2026-08-23T23:50:12.492Z,atelier,Atelier,2414,24,,2-bed,2 Bed,2,2,975,4649,4649,4666,available_on,2026-09-07,,
2026-08-23T23:50:12.492Z,atelier,Atelier,2501,25,,2-bed,2 Bed,2,2.5,1377,6416,6416,6433,available_on,2026-08-31,,
2026-08-23T23:50:12.492Z,atelier,Atelier,2504,25,,1-bed,1 Bed,1,1,829,4249,4249,4262,available_on,2026-10-28,,
2026-08-23T23:50:12.492Z,atelier,Atelier,2901,29,,2-bed,2 Bed,2,2.5,1377,6496,6496,6513,available_on,2026-08-23,,
2026-08-23T23:50:12.492Z,atelier,Atelier,3106,31,,1-bed,1 Bed,1,1,778,4184,4184,4201,available_on,2026-08-23,,
2026-08-23T23:50:12.492Z,atelier,Atelier,3108,31,,1-bed,1 Bed,1,1,685,4274,4274,4291,available_on,2026-08-23,,
2026-08-23T23:50:12.492Z,atelier,Atelier,3110,31,,1-bed,1 Bed,1,1,685,4359,4359,4376,available_on,2026-08-23,,
2026-08-23T23:50:12.492Z,atelier,Atelier,3210,32,,1-bed,1 Bed,1,1,685,4429,4429,4446,available_on,2026-08-23,,
2026-08-23T23:50:12.492Z,atelier,Atelier,PH01,,,2-bed,2 Bed,2,2.5,1470,8888,8888,8905,available_on,2026-08-23,,
2026-08-23T23:50:12.492Z,atelier,Atelier,PH08,,,3-bed,3 Bed,3,3,1731,9164,9164,9181,available_on,2026-08-23,,
2026-08-23T23:50:12.492Z,eighth-and-grand,Eighth & Grand,0-2017,,,1-bed,1 Bed,1,1,762,2493,2493,2512,available_on,2026-09-10,,
2026-08-23T23:50:12.492Z,eighth-and-grand,Eighth & Grand,0-2037,,,1-bed,1 Bed,1,1,762,2493,2493,2512,available_on,2026-09-15,,
2026-08-23T23:50:12.492Z,eighth-and-grand,Eighth & Grand,0-2041,,,1-bed,1 Bed,1,1,762,2493,2493,2512,available_on,2026-09-05,,
2026-08-23T23:50:12.492Z,eighth-and-grand,Eighth & Grand,0-2051,,,2-bed,2 Bed,2,2.5,1094,3795,3795,3814,available_on,2026-08-23,,
2026-08-23T23:50:12.492Z,eighth-and-grand,Eighth & Grand,0-2077,,,1-bed,1 Bed,1,1,578,2230,2230,2249,available_on,2026-09-26,,
2026-08-23T23:50:12.492Z,eighth-and-grand,Eighth & Grand,0-2102,,,studio,Studio,0,1,527,2148,2148,2167,available_on,2026-10-17,,
2026-08-23T23:50:12.492Z,eighth-and-grand,Eighth & Grand,0-2152,,,studio,Studio,0,1,540,2153,2153,2172,available_on,2026-10-16,,
2026-08-23T23:50:12.492Z,eighth-and-grand,Eighth & Grand,0-2153,,,2-bed,2 Bed,2,2,1168,3550,3550,3569,available_on,2026-08-23,,
2026-08-23T23:50:12.492Z,eighth-and-grand,Eighth & Grand,0-2161,,,2-bed,2 Bed,2,2,1109,3345,3345,3364,available_on,2026-10-10,,
2026-08-23T23:50:12.492Z,eighth-and-grand,Eighth & Grand,0-3028,,,1-bed,1 Bed,1,1,779,2813,2813,2832,available_on,2026-08-23,,
2026-08-23T23:50:12.492Z,eighth-and-grand,Eighth & Grand,0-3104,,,1-bed,1 Bed,1,1,802,2678,2678,2697,available_on,2026-09-28,,
2026-08-23T23:50:12.492Z,eighth-and-grand,Eighth & Grand,0-3136,,,1-bed,1 Bed,1,1,777,2353,2353,2372,available_on,2026-10-12,,
2026-08-23T23:50:12.492Z,eighth-and-grand,Eighth & Grand,0-4003,,,1-bed,1 Bed,1,1,880,2838,2838,2857,available_on,2026-08-23,,
2026-08-23T23:50:12.492Z,eighth-and-grand,Eighth & Grand,0-4028,,,1-bed,1 Bed,1,1,779,2833,2833,2852,available_on,2026-10-09,,
2026-08-23T23:50:12.492Z,eighth-and-grand,Eighth & Grand,0-4071,,,1-bed,1 Bed,1,1,840,2458,2458,2477,available_on,2026-10-23,,
2026-08-23T23:50:12.492Z,eighth-and-grand,Eighth & Grand,0-4080,,,1-bed,1 Bed,1,1,777,2348,2348,2363,available_on,2026-09-29,,
2026-08-23T23:50:12.492Z,eighth-and-grand,Eighth & Grand,0-4108,,,studio,Studio,0,1,540,2278,2278,2293,available_on,2026-08-28,,
2026-08-23T23:50:12.492Z,eighth-and-grand,Eighth & Grand,0-4114,,,studio,Studio,0,1,520,2233,2233,2252,available_on,2026-10-15,,
2026-08-23T23:50:12.492Z,eighth-and-grand,Eighth & Grand,0-4139,,,1-bed,1 Bed,1,1,578,2405,2405,2424,available_on,2026-08-23,,
2026-08-23T23:50:12.492Z,eighth-and-grand,Eighth & Grand,0-5026,,,1-bed,1 Bed,1,1,779,2893,2893,2912,available_on,2026-08-23,,
2026-08-23T23:50:12.492Z,eighth-and-grand,Eighth & Grand,0-5029,,,1-bed,1 Bed,1,1,880,2978,2978,2997,available_on,2026-08-23,,
2026-08-23T23:50:12.492Z,eighth-and-grand,Eighth & Grand,0-5034,,,2-bed,2 Bed,2,2,1046,3355,3355,3374,available_on,2026-08-23,,
2026-08-23T23:50:12.492Z,eighth-and-grand,Eighth & Grand,0-5035,,,1-bed,1 Bed,1,1,880,2903,2903,2922,available_on,2026-08-23,,
2026-08-23T23:50:12.492Z,eighth-and-grand,Eighth & Grand,0-5046,,,1-bed,1 Bed,1,1,578,2450,2450,2469,available_on,2026-09-20,,
2026-08-23T23:50:12.492Z,eighth-and-grand,Eighth & Grand,0-5049,,,2-bed,2 Bed,2,2,1016,3625,3625,3644,available_on,2026-08-23,,
2026-08-23T23:50:12.492Z,eighth-and-grand,Eighth & Grand,0-5086,,,1-bed,1 Bed,1,1,777,2493,2493,2508,available_on,2026-10-06,,
2026-08-23T23:50:12.492Z,eighth-and-grand,Eighth & Grand,0-5094,,,1-bed,1 Bed,1,1,715,2743,2743,2762,available_on,2026-08-23,,
2026-08-23T23:50:12.492Z,eighth-and-grand,Eighth & Grand,0-5096,,,1-bed,1 Bed,1,1,584,2578,2578,2597,available_on,2026-08-30,,
2026-08-23T23:50:12.492Z,eighth-and-grand,Eighth & Grand,0-5153,,,2-bed,2 Bed,2,2,1278,4000,4000,4019,available_on,2026-09-23,,
2026-08-23T23:50:12.492Z,eighth-and-grand,Eighth & Grand,0-5162,,,studio,Studio,0,1,520,2243,2243,2262,available_on,2026-10-30,,
2026-08-23T23:50:12.492Z,eighth-and-grand,Eighth & Grand,0-6002,,,1-bed,1 Bed,1,1,639,2543,2543,2562,available_on,2026-08-23,,
2026-08-23T23:50:12.492Z,eighth-and-grand,Eighth & Grand,0-6011,,,1-bed,1 Bed,1,1,880,2953,2953,2972,available_on,2026-08-23,,
2026-08-23T23:50:12.492Z,eighth-and-grand,Eighth & Grand,0-6017,,,1-bed,1 Bed,1,1,880,3003,3003,3022,available_on,2026-08-23,,
2026-08-23T23:50:12.492Z,eighth-and-grand,Eighth & Grand,0-6035,,,1-bed,1 Bed,1,1,762,2823,2823,2842,available_on,2026-09-02,,
2026-08-23T23:50:12.492Z,eighth-and-grand,Eighth & Grand,0-6037,,,1-bed,1 Bed,1,1,762,2918,2918,2937,available_on,2026-08-23,,
2026-08-23T23:50:12.492Z,eighth-and-grand,Eighth & Grand,0-6057,,,2-bed,2 Bed,2,2,1211,3675,3675,3694,available_on,2026-09-06,,
2026-08-23T23:50:12.492Z,eighth-and-grand,Eighth & Grand,0-6066,,,1-bed,1 Bed,1,1,762,2818,2818,2837,available_on,2026-08-23,,
2026-08-23T23:50:12.492Z,eighth-and-grand,Eighth & Grand,0-6068,,,1-bed,1 Bed,1,1,579,2388,2388,2407,available_on,2026-09-18,,
2026-08-23T23:50:12.492Z,eighth-and-grand,Eighth & Grand,0-6071,,,1-bed,1 Bed,1,1,840,2558,2558,2577,available_on,2026-09-09,,
2026-08-23T23:50:12.492Z,eighth-and-grand,Eighth & Grand,0-6094,,,1-bed,1 Bed,1,1,715,2868,2868,2887,available_on,2026-08-23,,
2026-08-23T23:50:12.492Z,eighth-and-grand,Eighth & Grand,0-6137,,,1-bed,1 Bed,1,1,578,2455,2455,2474,available_on,2026-09-10,,
2026-08-23T23:50:12.492Z,eighth-and-grand,Eighth & Grand,0-6149,,,studio,Studio,0,1,558,2373,2373,2392,available_on,2026-08-25,,
2026-08-23T23:50:12.492Z,eighth-and-grand,Eighth & Grand,0-6152,,,studio,Studio,0,1,540,2378,2378,2397,available_on,2026-11-01,,
2026-08-23T23:50:12.492Z,eighth-and-grand,Eighth & Grand,0-6154,,,studio,Studio,0,1,520,2293,2293,2312,available_on,2026-11-07,,
2026-08-23T23:50:12.492Z,eighth-and-grand,Eighth & Grand,0-6166,,,1-bed,1 Bed,1,1,822,2868,2868,2887,available_on,2026-09-28,,
2026-08-23T23:50:12.492Z,eighth-and-grand,Eighth & Grand,0-7024,,,1-bed,1 Bed,1,1,791,2823,2823,2842,available_on,2026-08-23,,
2026-08-23T23:50:12.492Z,eighth-and-grand,Eighth & Grand,0-7042,,,1-bed,1 Bed,1,1,578,2366,2366,2385,available_on,2026-08-24,,
2026-08-23T23:50:12.492Z,eighth-and-grand,Eighth & Grand,0-7066,,,1-bed,1 Bed,1,1,762,2868,2868,2887,available_on,2026-08-23,,
2026-08-23T23:50:12.492Z,eighth-and-grand,Eighth & Grand,0-7071,,,1-bed,1 Bed,1,1,840,2883,2883,2902,available_on,2026-09-07,,
2026-08-23T23:50:12.492Z,eighth-and-grand,Eighth & Grand,0-7090,,,2-bed,2 Bed,2,1,976,3280,3280,3299,available_on,2026-08-23,,
2026-08-23T23:50:12.492Z,eighth-and-grand,Eighth & Grand,0-7145,,,2-bed,2 Bed,2,2,1099,4120,4120,4139,available_on,2026-10-01,,
2026-08-23T23:50:12.492Z,beaudry,Beaudry,B-1007,10,,studio,Studio,0,1,550,2660,2660,2676,available_on,2026-10-22,,
2026-08-23T23:50:12.492Z,beaudry,Beaudry,B-1104,11,,1-bed,1 Bed,1,1.5,875,3987,3987,4000,available_on,2026-10-27,,
2026-08-23T23:50:12.492Z,beaudry,Beaudry,B-1204,12,,1-bed,1 Bed,1,1.5,875,4052,4052,4068,available_on,2026-10-01,,
2026-08-23T23:50:12.492Z,beaudry,Beaudry,B-1401,14,,1-bed,1 Bed,1,1.5,818,4712,4712,4728,available_on,2026-09-29,,
2026-08-23T23:50:12.492Z,beaudry,Beaudry,B-1409,14,,1-bed,1 Bed,1,1,860,4940,4940,4956,available_on,2026-09-10,,
2026-08-23T23:50:12.492Z,beaudry,Beaudry,B-1416,14,,2-bed,2 Bed,2,2,1192,6307,6307,6323,available_on,2026-09-06,,
2026-08-23T23:50:12.492Z,beaudry,Beaudry,B-1502,15,,studio,Studio,0,1,539,2695,2695,2708,available_on,2026-10-07,,
2026-08-23T23:50:12.492Z,beaudry,Beaudry,B-1602,16,,studio,Studio,0,1,539,2705,2705,2721,available_on,2026-10-09,,
2026-08-23T23:50:12.492Z,beaudry,Beaudry,B-1714,17,,1-bed,1 Bed,1,1,802,4145,4145,4161,available_on,2026-09-16,,
2026-08-23T23:50:12.492Z,beaudry,Beaudry,B-1804,18,,1-bed,1 Bed,1,1.5,875,4102,4102,4118,available_on,2026-09-21,,
2026-08-23T23:50:12.492Z,beaudry,Beaudry,B-1904,19,,1-bed,1 Bed,1,1.5,891,4077,4077,4093,available_on,2026-09-18,,
2026-08-23T23:50:12.492Z,beaudry,Beaudry,B-2008,20,,2-bed,2 Bed,2,2,1200,6722,6722,6738,available_on,2026-08-23,,
2026-08-23T23:50:12.492Z,beaudry,Beaudry,B-2013,20,,2-bed,2 Bed,2,2,1192,6042,6042,6058,available_on,2026-09-16,,
2026-08-23T23:50:12.492Z,beaudry,Beaudry,B-2014,20,,1-bed,1 Bed,1,1,817,4275,4275,4291,available_on,2026-10-23,,
2026-08-23T23:50:12.492Z,beaudry,Beaudry,B-2101,21,,1-bed,1 Bed,1,1.5,818,4782,4782,4798,available_on,2026-09-18,,
2026-08-23T23:50:12.492Z,beaudry,Beaudry,B-2111,21,,studio,Studio,0,1,514,2585,2585,2601,available_on,2026-10-20,,
2026-08-23T23:50:12.492Z,beaudry,Beaudry,B-2114,21,,1-bed,1 Bed,1,1,817,4285,4285,4301,available_on,2026-09-21,,
2026-08-23T23:50:12.492Z,beaudry,Beaudry,B-2204,22,,1-bed,1 Bed,1,1.5,891,4107,4107,4123,available_on,2026-09-29,,
2026-08-23T23:50:12.492Z,beaudry,Beaudry,B-2313,23,,2-bed,2 Bed,2,2,1192,6072,6072,6088,available_on,2026-08-23,,
2026-08-23T23:50:12.492Z,beaudry,Beaudry,B-2413,24,,2-bed,2 Bed,2,2,1192,6082,6082,6098,available_on,2026-09-12,,
2026-08-23T23:50:12.492Z,beaudry,Beaudry,B-2415,24,,1-bed,1 Bed,1,1,568,3093,3093,3109,available_on,2026-10-08,,
2026-08-23T23:50:12.492Z,beaudry,Beaudry,B-2514,25,,1-bed,1 Bed,1,1,817,4325,4325,4341,available_on,2026-09-16,,
2026-08-23T23:50:12.492Z,beaudry,Beaudry,B-2805,28,,1-bed,1 Bed,1,1,939,4560,4560,4576,available_on,2026-10-01,,
2026-08-23T23:50:12.492Z,beaudry,Beaudry,B-3005,30,,1-bed,1 Bed,1,1,939,4580,4580,4596,available_on,2026-09-27,,
2026-08-23T23:50:12.492Z,beaudry,Beaudry,B-3008,30,,2-bed,2 Bed,2,2,1200,6912,6912,6928,available_on,2026-09-01,,
2026-08-23T23:50:12.492Z,beaudry,Beaudry,B-3201,32,,1-bed,1 Bed,1,1.5,818,4892,4892,4908,available_on,2026-09-11,,
2026-08-23T23:50:12.492Z,beaudry,Beaudry,B-3205,32,,1-bed,1 Bed,1,1,939,4600,4600,4616,available_on,2026-10-14,,
2026-08-23T23:50:12.492Z,beaudry,Beaudry,B-3310,33,,1-bed,1 Bed,1,1,594,3118,3118,3134,available_on,2026-10-08,,
2026-08-23T23:50:12.492Z,beaudry,Beaudry,B-3401,34,,1-bed,1 Bed,1,1.5,818,4912,4912,4925,available_on,2026-10-02,,
2026-08-23T23:50:12.492Z,beaudry,Beaudry,B-3406,34,,1-bed,1 Bed,1,1,882,4505,4505,4521,available_on,2026-10-16,,
2026-08-23T23:50:12.492Z,beaudry,Beaudry,B-3709,37,,1-bed,1 Bed,1,1,860,5345,5345,5361,available_on,2026-10-24,,
2026-08-23T23:50:12.492Z,beaudry,Beaudry,B-3713,37,,2-bed,2 Bed,2,2,1192,6237,6237,6253,available_on,2026-08-24,,
2026-08-23T23:50:12.492Z,beaudry,Beaudry,B-4002,40,,studio,Studio,0,1,539,2970,2970,2986,available_on,2026-10-22,,
2026-08-23T23:50:12.492Z,beaudry,Beaudry,B-4011,40,,studio,Studio,0,1,514,2800,2800,2816,available_on,2026-10-01,,
2026-08-23T23:50:12.492Z,beaudry,Beaudry,B-4105,41,,1-bed,1 Bed,1,1.5,1044,4617,4617,4633,available_on,2026-09-30,,
2026-08-23T23:50:12.492Z,beaudry,Beaudry,B-4303,43,,1-bed,1 Bed,1,1,627,3383,3383,3399,available_on,2026-10-11,,
2026-08-23T23:50:12.492Z,beaudry,Beaudry,B-4413,44,,2-bed,2 Bed,2,2,1192,6307,6307,6320,available_on,2026-08-26,,
2026-08-23T23:50:12.492Z,beaudry,Beaudry,B-4504,45,,1-bed,1 Bed,1,1.5,1134,4977,4977,4993,available_on,2026-09-05,,
2026-08-23T23:50:12.492Z,beaudry,Beaudry,B-4507,45,,studio,Studio,0,1,550,3180,3180,3196,available_on,2026-10-08,,
2026-08-23T23:50:12.492Z,beaudry,Beaudry,B-4704,47,,1-bed,1 Bed,1,1.5,1134,4997,4997,5013,available_on,2026-09-24,,
2026-08-23T23:50:12.492Z,beaudry,Beaudry,B-4707,47,,studio,Studio,0,1,550,3200,3200,3216,available_on,2026-10-17,,
2026-08-23T23:50:12.492Z,beaudry,Beaudry,B-4713,47,,2-bed,2 Bed,2,2,1192,6337,6337,6353,available_on,2026-11-03,,
2026-08-23T23:50:12.492Z,beaudry,Beaudry,B-4910,49,,1-bed,1 Bed,1,1.5,926,4355,4355,4371,available_on,2026-10-10,,
2026-08-23T23:50:12.492Z,beaudry,Beaudry,B-5209,52,,2-bed,2 Bed,2,2,1230,6295,6295,6311,available_on,2026-09-15,,
2026-08-23T23:50:12.492Z,beaudry,Beaudry,B-5405,54,,3-bed,3 Bed,3,2.5,1734,9047,9047,9063,available_on,2026-10-05,,
2026-08-23T23:50:12.492Z,beaudry,Beaudry,B-5607,56,,1-bed,1 Bed,1,1,1006,5610,5610,5623,available_on,2026-08-23,,
2026-08-23T23:50:12.492Z,circa-la,Circa LA,W3206,32,,1-bed,1 Bed,1,1,745,3358,3358,3408,available_on,2026-08-23,,
2026-08-23T23:50:12.492Z,circa-la,Circa LA,W3208,32,,1-bed,1 Bed,1,1,770,3636,3636,3686,available_on,2026-08-23,,
2026-08-23T23:50:12.492Z,circa-la,Circa LA,W2708,27,,1-bed,1 Bed,1,1,770,3485,3485,3535,available_on,2026-08-23,,
2026-08-23T23:50:12.492Z,circa-la,Circa LA,W2618,26,,1-bed,1 Bed,1,1,923,4069,4069,4119,available_on,2026-08-27,,
2026-08-23T23:50:12.492Z,circa-la,Circa LA,W2518,25,,1-bed,1 Bed,1,1,923,3916,3916,3966,available_on,2026-08-23,,
2026-08-23T23:50:12.492Z,circa-la,Circa LA,W2006,20,,1-bed,1 Bed,1,1,745,3388,3388,3438,available_on,2026-09-14,,
2026-08-23T23:50:12.492Z,circa-la,Circa LA,W1708,17,,1-bed,1 Bed,1,1,770,3327,3327,3377,available_on,2026-08-23,,
2026-08-23T23:50:12.492Z,circa-la,Circa LA,W1724,17,,2-bed,2 Bed,2,2,1463,4755,4755,4805,available_on,2026-10-28,,
2026-08-23T23:50:12.492Z,circa-la,Circa LA,W1624,16,,2-bed,2 Bed,2,2,1463,4747,4747,4797,available_on,2026-09-03,,
2026-08-23T23:50:12.492Z,circa-la,Circa LA,W1412,14,,2-bed,2 Bed,2,2.5,1762,5527,5527,5577,available_on,2026-09-26,,
2026-08-23T23:50:12.492Z,circa-la,Circa LA,W1120,11,,1-bed,1 Bed,1,1,927,3335,3335,3385,available_on,2026-09-18,,
2026-08-23T23:50:12.492Z,circa-la,Circa LA,W924,9,,2-bed,2 Bed,2,2,1463,4601,4601,4651,available_on,2026-08-23,,
2026-08-23T23:50:12.492Z,circa-la,Circa LA,W820,8,,1-bed,1 Bed,1,1,927,4096,4096,4146,available_on,2026-08-23,,
2026-08-23T23:50:12.492Z,circa-la,Circa LA,E3201,32,,1-bed,1 Bed,1,1,627,3114,3114,3164,available_on,2026-08-24,,
2026-08-23T23:50:12.492Z,circa-la,Circa LA,E3221,32,,1-bed,1 Bed,1,1,871,3737,3737,3787,available_on,2026-08-23,,
2026-08-23T23:50:12.492Z,circa-la,Circa LA,E2911,29,,2-bed,2 Bed,2,2.5,1762,5690,5690,5740,available_on,2026-08-26,,
2026-08-23T23:50:12.492Z,circa-la,Circa LA,E2917,29,,1-bed,1 Bed,1,1,923,3872,3872,3922,available_on,2026-09-05,,
2026-08-23T23:50:12.492Z,circa-la,Circa LA,E2921,29,,1-bed,1 Bed,1,1,871,3644,3644,3694,available_on,2026-10-04,,
2026-08-23T23:50:12.492Z,circa-la,Circa LA,E2501,25,,1-bed,1 Bed,1,1,627,2876,2876,2926,available_on,2026-09-17,,
2026-08-23T23:50:12.492Z,circa-la,Circa LA,E2411,24,,2-bed,2 Bed,2,2.5,1762,5576,5576,5626,available_on,2026-09-05,,
2026-08-23T23:50:12.492Z,circa-la,Circa LA,E2419,24,,1-bed,1 Bed,1,1,927,3530,3530,3580,available_on,2026-09-21,,
2026-08-23T23:50:12.492Z,circa-la,Circa LA,E1813,18,,2-bed,2 Bed,2,2.5,1898,5978,5978,6028,available_on,2026-08-23,,
2026-08-23T23:50:12.492Z,circa-la,Circa LA,E1601,16,,1-bed,1 Bed,1,1,627,2742,2742,2792,available_on,2026-09-11,,
2026-08-23T23:50:12.492Z,circa-la,Circa LA,E1115,11,,1-bed,1 Bed,1,1,868,3269,3269,3319,available_on,2026-10-04,,
2026-08-23T23:50:12.492Z,circa-la,Circa LA,E825,8,,2-bed,2 Bed,2,2,1285,4472,4472,4522,available_on,2026-08-23,,
2026-08-23T23:50:12.492Z,circa-la,Circa LA,E3301,33,,3-bed,3 Bed,3,4.5,3984,19486,19486,19536,available_on,2026-08-23,,
2026-08-23T23:50:12.492Z,circa-la,Circa LA,E3305,33,,2-bed,2 Bed,2,2,1338,5973,5973,6023,available_on,2026-09-02,,
2026-08-23T23:50:12.492Z,circa-la,Circa LA,W3302,33,,3-bed,3 Bed,3,4.5,3842,22551,22551,22601,available_on,2026-08-23,,
2026-08-23T23:50:12.492Z,circa-la,Circa LA,W3312,33,,3-bed,3 Bed,3,3.5,2900,17028,17028,17078,available_on,2026-08-23,,
2026-08-23T23:50:12.492Z,circa-la,Circa LA,E3411,34,,3-bed,3 Bed,3,3.5,2878,13085,13085,13135,available_on,2026-08-23,,
2026-08-23T23:50:12.492Z,circa-la,Circa LA,W3402,34,,3-bed,3 Bed,3,4.5,3842,22643,22643,22693,available_on,2026-08-23,,
2026-08-23T23:50:12.492Z,circa-la,Circa LA,W3406,34,,2-bed,2 Bed,2,2,1338,7315,7315,7365,available_on,2026-09-01,,
2026-08-23T23:50:12.492Z,circa-la,Circa LA,E3501,35,,3-bed,3 Bed,3,4.5,3984,22435,22435,22485,available_on,2026-08-23,,
2026-08-23T23:50:12.492Z,circa-la,Circa LA,E3505,35,,2-bed,2 Bed,2,2,1338,6188,6188,6238,available_on,2026-08-23,,
2026-08-23T23:50:12.492Z,circa-la,Circa LA,E3511,35,,3-bed,3 Bed,3,3.5,2878,14850,14850,14900,available_on,2026-08-23,,
2026-08-23T23:50:12.492Z,circa-la,Circa LA,W3502,35,,3-bed,3 Bed,3,4.5,3842,23359,23359,23409,available_on,2026-08-23,,
2026-08-23T23:50:12.492Z,circa-la,Circa LA,W3508,35,,2-bed,2 Bed,2,2,1524,8045,8045,8095,available_on,2026-10-31,,
2026-08-23T23:50:12.492Z,circa-la,Circa LA,W3512,35,,3-bed,3 Bed,3,3.5,2900,17398,17398,17448,available_on,2026-08-23,,
2026-08-23T23:59:03.907Z,825-south-hill,825 South Hill,201,2,A2,2-bed-den,2 Bed + Den,2,,1090,3909,5010,,available,,29417540,2413008
2026-08-23T23:59:03.907Z,825-south-hill,825 South Hill,301,3,A2,2-bed-den,2 Bed + Den,2,,1090,3924,5030,,available,,29417543,2413008
2026-08-23T23:59:03.907Z,825-south-hill,825 South Hill,302,3,B,2-bed,2 Bed,2,,993,3727,4785,,available,,29417544,2413011
2026-08-23T23:59:03.907Z,825-south-hill,825 South Hill,607,6,TH2,townhomes,Townhomes,,,1385,5578,7507,,available,,29417562,2413022
2026-08-23T23:59:03.907Z,825-south-hill,825 South Hill,1505,15,J,2-bed,2 Bed,2,,991,3896,4996,,available_on,2026-09-19,29417141,2413023
2026-08-23T23:59:03.907Z,825-south-hill,825 South Hill,1211,12,J1,2-bed,2 Bed,2,,988,4042,5190,,available,,29417109,2413026
2026-08-23T23:59:03.907Z,825-south-hill,825 South Hill,4211,42,J1,2-bed,2 Bed,2,,988,4586,5881,,available_on,2026-09-05,29417134,2413026
2026-08-23T23:59:03.907Z,825-south-hill,825 South Hill,3012,30,K,1-bed,1 Bed,1,,670,3499,4457,,available_on,2026-10-12,29417188,2413027
2026-08-23T23:59:03.907Z,825-south-hill,825 South Hill,3412,34,K,1-bed,1 Bed,1,,670,3514,4496,,available_on,2026-08-29,29417189,2413027
2026-08-23T23:59:03.907Z,825-south-hill,825 South Hill,4312,43,K,1-bed,1 Bed,1,,670,3511,4492,,available,,29417198,2413027
2026-08-23T23:59:03.907Z,825-south-hill,825 South Hill,2901,29,K1,1-bed,1 Bed,1,,716,3514,4489,,available_on,2026-09-09,29417218,2413028
2026-08-23T23:59:03.907Z,825-south-hill,825 South Hill,3603,36,M,2-bed-den,2 Bed + Den,2,,1099,4514,5803,,available_on,2026-09-07,29417253,2413032
2026-08-23T23:59:03.907Z,825-south-hill,825 South Hill,3809,38,M1,2-bed-den,2 Bed + Den,2,,1109,4458,5714,,available,,29417286,2413033
2026-08-23T23:59:03.907Z,825-south-hill,825 South Hill,1504,15,N,jr-2-bed,Jr. 2 Bed,2,,792,3272,4207,,available,,29417296,2413034
2026-08-23T23:59:03.907Z,825-south-hill,825 South Hill,2204,22,N,jr-2-bed,Jr. 2 Bed,2,,792,3357,4312,,available_on,2026-09-28,29417302,2413034
2026-08-23T23:59:03.907Z,825-south-hill,825 South Hill,3704,37,N,jr-2-bed,Jr. 2 Bed,2,,792,3597,4621,,available_on,2026-09-14,29417313,2413034
2026-08-23T23:59:03.907Z,825-south-hill,825 South Hill,4204,42,N,jr-2-bed,Jr. 2 Bed,2,,792,3717,4780,,available,,29417317,2413034
2026-08-23T23:59:03.907Z,825-south-hill,825 South Hill,1910,19,N1,jr-2-bed,Jr. 2 Bed,2,,807,3172,4075,,available_on,2026-09-11,29417327,2413035
2026-08-23T23:59:03.907Z,825-south-hill,825 South Hill,3610,36,N1,jr-2-bed,Jr. 2 Bed,2,,807,3482,4477,,available_on,2026-08-29,29417341,2413035
2026-08-23T23:59:03.907Z,825-south-hill,825 South Hill,4110,41,N1,jr-2-bed,Jr. 2 Bed,2,,807,3545,4559,,available,,29417346,2413035
2026-08-23T23:59:03.907Z,825-south-hill,825 South Hill,4310,43,N1,jr-2-bed,Jr. 2 Bed,2,,807,3667,4700,,available_on,2026-10-07,29417348,2413035
2026-08-23T23:59:03.907Z,825-south-hill,825 South Hill,3902,39,O,1-bed,1 Bed,1,,538,3397,4302,,available_on,2026-10-10,29417415,2413037
2026-08-23T23:59:03.907Z,825-south-hill,825 South Hill,4602,46,O,1-bed,1 Bed,1,,538,3542,4471,,available_on,2026-11-07,29417390,2413037
2026-08-23T23:59:03.907Z,825-south-hill,825 South Hill,1107,11,O1,1-bed,1 Bed,1,,560,3052,3879,,available_on,2026-09-28,29417419,2413039
2026-08-23T23:59:03.907Z,825-south-hill,825 South Hill,4703,47,SKY6,skyhomes,Skyhomes,,,1125,5099,6576,,available,,38097680,2413050
2026-08-23T23:59:03.907Z,atelier,Atelier,0707,7,,1-bed,1 Bed,1,1,778,3359,3359,3376,available_on,2026-10-22,,
2026-08-23T23:59:03.907Z,atelier,Atelier,0806,8,,1-bed,1 Bed,1,1,829,3839,3839,3856,available_on,2026-10-02,,
2026-08-23T23:59:03.907Z,atelier,Atelier,0902,9,,1-bed,1 Bed,1,1,622,3329,3329,3346,available_on,2026-09-15,,
2026-08-23T23:59:03.907Z,atelier,Atelier,1012,10,,1-bed,1 Bed,1,1,685,3619,3619,3636,available_on,2026-09-09,,
2026-08-23T23:59:03.907Z,atelier,Atelier,1402,14,,1-bed,1 Bed,1,1,622,3409,3409,3426,available_on,2026-11-07,,
2026-08-23T23:59:03.907Z,atelier,Atelier,1407,14,,1-bed,1 Bed,1,1,778,3509,3509,3526,available_on,2026-10-07,,
2026-08-23T23:59:03.907Z,atelier,Atelier,1508,15,,1-bed,1 Bed,1,1,778,3524,3524,3541,available_on,2026-10-18,,
2026-08-23T23:59:03.907Z,atelier,Atelier,1905,19,,1-bed,1 Bed,1,1,778,3869,3869,3886,available_on,2026-09-15,,
2026-08-23T23:59:03.907Z,atelier,Atelier,2312,23,,1-bed,1 Bed,1,1,685,3934,3934,3951,available_on,2026-10-08,,
2026-08-23T23:59:03.907Z,atelier,Atelier,2401,24,,2-bed,2 Bed,2,2.5,1377,6396,6396,6413,available_on,2026-08-23,,
2026-08-23T23:59:03.907Z,atelier,Atelier,2404,24,,1-bed,1 Bed,1,1,829,4229,4229,4246,available_on,2026-08-23,,
2026-08-23T23:59:03.907Z,atelier,Atelier,2414,24,,2-bed,2 Bed,2,2,975,4649,4649,4666,available_on,2026-09-07,,
2026-08-23T23:59:03.907Z,atelier,Atelier,2501,25,,2-bed,2 Bed,2,2.5,1377,6416,6416,6433,available_on,2026-08-31,,
2026-08-23T23:59:03.907Z,atelier,Atelier,2504,25,,1-bed,1 Bed,1,1,829,4249,4249,4262,available_on,2026-10-28,,
2026-08-23T23:59:03.907Z,atelier,Atelier,2901,29,,2-bed,2 Bed,2,2.5,1377,6496,6496,6513,available_on,2026-08-23,,
2026-08-23T23:59:03.907Z,atelier,Atelier,3106,31,,1-bed,1 Bed,1,1,778,4184,4184,4201,available_on,2026-08-23,,
2026-08-23T23:59:03.907Z,atelier,Atelier,3108,31,,1-bed,1 Bed,1,1,685,4274,4274,4291,available_on,2026-08-23,,
2026-08-23T23:59:03.907Z,atelier,Atelier,3110,31,,1-bed,1 Bed,1,1,685,4359,4359,4376,available_on,2026-08-23,,
2026-08-23T23:59:03.907Z,atelier,Atelier,3210,32,,1-bed,1 Bed,1,1,685,4429,4429,4446,available_on,2026-08-23,,
2026-08-23T23:59:03.907Z,atelier,Atelier,PH01,,,2-bed,2 Bed,2,2.5,1470,8888,8888,8905,available_on,2026-08-23,,
2026-08-23T23:59:03.907Z,atelier,Atelier,PH08,,,3-bed,3 Bed,3,3,1731,9164,9164,9181,available_on,2026-08-23,,
2026-08-23T23:59:03.907Z,eighth-and-grand,Eighth & Grand,0-2017,,,1-bed,1 Bed,1,1,762,2493,2493,2512,available_on,2026-09-10,,
2026-08-23T23:59:03.907Z,eighth-and-grand,Eighth & Grand,0-2037,,,1-bed,1 Bed,1,1,762,2493,2493,2512,available_on,2026-09-15,,
2026-08-23T23:59:03.907Z,eighth-and-grand,Eighth & Grand,0-2041,,,1-bed,1 Bed,1,1,762,2493,2493,2512,available_on,2026-09-05,,
2026-08-23T23:59:03.907Z,eighth-and-grand,Eighth & Grand,0-2051,,,2-bed,2 Bed,2,2.5,1094,3795,3795,3814,available_on,2026-08-23,,
2026-08-23T23:59:03.907Z,eighth-and-grand,Eighth & Grand,0-2077,,,1-bed,1 Bed,1,1,578,2230,2230,2249,available_on,2026-09-26,,
2026-08-23T23:59:03.907Z,eighth-and-grand,Eighth & Grand,0-2102,,,studio,Studio,0,1,527,2148,2148,2167,available_on,2026-10-17,,
2026-08-23T23:59:03.907Z,eighth-and-grand,Eighth & Grand,0-2152,,,studio,Studio,0,1,540,2153,2153,2172,available_on,2026-10-16,,
2026-08-23T23:59:03.907Z,eighth-and-grand,Eighth & Grand,0-2153,,,2-bed,2 Bed,2,2,1168,3550,3550,3569,available_on,2026-08-23,,
2026-08-23T23:59:03.907Z,eighth-and-grand,Eighth & Grand,0-2161,,,2-bed,2 Bed,2,2,1109,3345,3345,3364,available_on,2026-10-10,,
2026-08-23T23:59:03.907Z,eighth-and-grand,Eighth & Grand,0-3028,,,1-bed,1 Bed,1,1,779,2813,2813,2832,available_on,2026-08-23,,
2026-08-23T23:59:03.907Z,eighth-and-grand,Eighth & Grand,0-3104,,,1-bed,1 Bed,1,1,802,2678,2678,2697,available_on,2026-09-28,,
2026-08-23T23:59:03.907Z,eighth-and-grand,Eighth & Grand,0-3136,,,1-bed,1 Bed,1,1,777,2353,2353,2372,available_on,2026-10-12,,
2026-08-23T23:59:03.907Z,eighth-and-grand,Eighth & Grand,0-4003,,,1-bed,1 Bed,1,1,880,2838,2838,2857,available_on,2026-08-23,,
2026-08-23T23:59:03.907Z,eighth-and-grand,Eighth & Grand,0-4028,,,1-bed,1 Bed,1,1,779,2833,2833,2852,available_on,2026-10-09,,
2026-08-23T23:59:03.907Z,eighth-and-grand,Eighth & Grand,0-4071,,,1-bed,1 Bed,1,1,840,2458,2458,2477,available_on,2026-10-23,,
2026-08-23T23:59:03.907Z,eighth-and-grand,Eighth & Grand,0-4080,,,1-bed,1 Bed,1,1,777,2348,2348,2363,available_on,2026-09-29,,
2026-08-23T23:59:03.907Z,eighth-and-grand,Eighth & Grand,0-4108,,,studio,Studio,0,1,540,2278,2278,2293,available_on,2026-08-28,,
2026-08-23T23:59:03.907Z,eighth-and-grand,Eighth & Grand,0-4114,,,studio,Studio,0,1,520,2233,2233,2252,available_on,2026-10-15,,
2026-08-23T23:59:03.907Z,eighth-and-grand,Eighth & Grand,0-4139,,,1-bed,1 Bed,1,1,578,2405,2405,2424,available_on,2026-08-23,,
2026-08-23T23:59:03.907Z,eighth-and-grand,Eighth & Grand,0-5026,,,1-bed,1 Bed,1,1,779,2893,2893,2912,available_on,2026-08-23,,
2026-08-23T23:59:03.907Z,eighth-and-grand,Eighth & Grand,0-5029,,,1-bed,1 Bed,1,1,880,2978,2978,2997,available_on,2026-08-23,,
2026-08-23T23:59:03.907Z,eighth-and-grand,Eighth & Grand,0-5034,,,2-bed,2 Bed,2,2,1046,3355,3355,3374,available_on,2026-08-23,,
2026-08-23T23:59:03.907Z,eighth-and-grand,Eighth & Grand,0-5035,,,1-bed,1 Bed,1,1,880,2903,2903,2922,available_on,2026-08-23,,
2026-08-23T23:59:03.907Z,eighth-and-grand,Eighth & Grand,0-5046,,,1-bed,1 Bed,1,1,578,2450,2450,2469,available_on,2026-09-20,,
2026-08-23T23:59:03.907Z,eighth-and-grand,Eighth & Grand,0-5049,,,2-bed,2 Bed,2,2,1016,3625,3625,3644,available_on,2026-08-23,,
2026-08-23T23:59:03.907Z,eighth-and-grand,Eighth & Grand,0-5086,,,1-bed,1 Bed,1,1,777,2493,2493,2508,available_on,2026-10-06,,
2026-08-23T23:59:03.907Z,eighth-and-grand,Eighth & Grand,0-5094,,,1-bed,1 Bed,1,1,715,2743,2743,2762,available_on,2026-08-23,,
2026-08-23T23:59:03.907Z,eighth-and-grand,Eighth & Grand,0-5096,,,1-bed,1 Bed,1,1,584,2578,2578,2597,available_on,2026-08-30,,
2026-08-23T23:59:03.907Z,eighth-and-grand,Eighth & Grand,0-5153,,,2-bed,2 Bed,2,2,1278,4000,4000,4019,available_on,2026-09-23,,
2026-08-23T23:59:03.907Z,eighth-and-grand,Eighth & Grand,0-5162,,,studio,Studio,0,1,520,2243,2243,2262,available_on,2026-10-30,,
2026-08-23T23:59:03.907Z,eighth-and-grand,Eighth & Grand,0-6002,,,1-bed,1 Bed,1,1,639,2543,2543,2562,available_on,2026-08-23,,
2026-08-23T23:59:03.907Z,eighth-and-grand,Eighth & Grand,0-6011,,,1-bed,1 Bed,1,1,880,2953,2953,2972,available_on,2026-08-23,,
2026-08-23T23:59:03.907Z,eighth-and-grand,Eighth & Grand,0-6017,,,1-bed,1 Bed,1,1,880,3003,3003,3022,available_on,2026-08-23,,
2026-08-23T23:59:03.907Z,eighth-and-grand,Eighth & Grand,0-6035,,,1-bed,1 Bed,1,1,762,2823,2823,2842,available_on,2026-09-02,,
2026-08-23T23:59:03.907Z,eighth-and-grand,Eighth & Grand,0-6037,,,1-bed,1 Bed,1,1,762,2918,2918,2937,available_on,2026-08-23,,
2026-08-23T23:59:03.907Z,eighth-and-grand,Eighth & Grand,0-6057,,,2-bed,2 Bed,2,2,1211,3675,3675,3694,available_on,2026-09-06,,
2026-08-23T23:59:03.907Z,eighth-and-grand,Eighth & Grand,0-6066,,,1-bed,1 Bed,1,1,762,2818,2818,2837,available_on,2026-08-23,,
2026-08-23T23:59:03.907Z,eighth-and-grand,Eighth & Grand,0-6068,,,1-bed,1 Bed,1,1,579,2388,2388,2407,available_on,2026-09-18,,
2026-08-23T23:59:03.907Z,eighth-and-grand,Eighth & Grand,0-6071,,,1-bed,1 Bed,1,1,840,2558,2558,2577,available_on,2026-09-09,,
2026-08-23T23:59:03.907Z,eighth-and-grand,Eighth & Grand,0-6094,,,1-bed,1 Bed,1,1,715,2868,2868,2887,available_on,2026-08-23,,
2026-08-23T23:59:03.907Z,eighth-and-grand,Eighth & Grand,0-6137,,,1-bed,1 Bed,1,1,578,2455,2455,2474,available_on,2026-09-10,,
2026-08-23T23:59:03.907Z,eighth-and-grand,Eighth & Grand,0-6149,,,studio,Studio,0,1,558,2373,2373,2392,available_on,2026-08-25,,
2026-08-23T23:59:03.907Z,eighth-and-grand,Eighth & Grand,0-6152,,,studio,Studio,0,1,540,2378,2378,2397,available_on,2026-11-01,,
2026-08-23T23:59:03.907Z,eighth-and-grand,Eighth & Grand,0-6154,,,studio,Studio,0,1,520,2293,2293,2312,available_on,2026-11-07,,
2026-08-23T23:59:03.907Z,eighth-and-grand,Eighth & Grand,0-6166,,,1-bed,1 Bed,1,1,822,2868,2868,2887,available_on,2026-09-28,,
2026-08-23T23:59:03.907Z,eighth-and-grand,Eighth & Grand,0-7024,,,1-bed,1 Bed,1,1,791,2823,2823,2842,available_on,2026-08-23,,
2026-08-23T23:59:03.907Z,eighth-and-grand,Eighth & Grand,0-7042,,,1-bed,1 Bed,1,1,578,2366,2366,2385,available_on,2026-08-24,,
2026-08-23T23:59:03.907Z,eighth-and-grand,Eighth & Grand,0-7066,,,1-bed,1 Bed,1,1,762,2868,2868,2887,available_on,2026-08-23,,
2026-08-23T23:59:03.907Z,eighth-and-grand,Eighth & Grand,0-7071,,,1-bed,1 Bed,1,1,840,2883,2883,2902,available_on,2026-09-07,,
2026-08-23T23:59:03.907Z,eighth-and-grand,Eighth & Grand,0-7090,,,2-bed,2 Bed,2,1,976,3280,3280,3299,available_on,2026-08-23,,
2026-08-23T23:59:03.907Z,eighth-and-grand,Eighth & Grand,0-7145,,,2-bed,2 Bed,2,2,1099,4120,4120,4139,available_on,2026-10-01,,
2026-08-23T23:59:03.907Z,beaudry,Beaudry,B-1007,10,,studio,Studio,0,1,550,2660,2660,2676,available_on,2026-10-22,,
2026-08-23T23:59:03.907Z,beaudry,Beaudry,B-1104,11,,1-bed,1 Bed,1,1.5,875,3987,3987,4000,available_on,2026-10-27,,
2026-08-23T23:59:03.907Z,beaudry,Beaudry,B-1204,12,,1-bed,1 Bed,1,1.5,875,4052,4052,4068,available_on,2026-10-01,,
2026-08-23T23:59:03.907Z,beaudry,Beaudry,B-1401,14,,1-bed,1 Bed,1,1.5,818,4712,4712,4728,available_on,2026-09-29,,
2026-08-23T23:59:03.907Z,beaudry,Beaudry,B-1409,14,,1-bed,1 Bed,1,1,860,4940,4940,4956,available_on,2026-09-10,,
2026-08-23T23:59:03.907Z,beaudry,Beaudry,B-1416,14,,2-bed,2 Bed,2,2,1192,6307,6307,6323,available_on,2026-09-06,,
2026-08-23T23:59:03.907Z,beaudry,Beaudry,B-1502,15,,studio,Studio,0,1,539,2695,2695,2708,available_on,2026-10-07,,
2026-08-23T23:59:03.907Z,beaudry,Beaudry,B-1602,16,,studio,Studio,0,1,539,2705,2705,2721,available_on,2026-10-09,,
2026-08-23T23:59:03.907Z,beaudry,Beaudry,B-1714,17,,1-bed,1 Bed,1,1,802,4145,4145,4161,available_on,2026-09-16,,
2026-08-23T23:59:03.907Z,beaudry,Beaudry,B-1804,18,,1-bed,1 Bed,1,1.5,875,4102,4102,4118,available_on,2026-09-21,,
2026-08-23T23:59:03.907Z,beaudry,Beaudry,B-1904,19,,1-bed,1 Bed,1,1.5,891,4077,4077,4093,available_on,2026-09-18,,
2026-08-23T23:59:03.907Z,beaudry,Beaudry,B-2008,20,,2-bed,2 Bed,2,2,1200,6722,6722,6738,available_on,2026-08-23,,
2026-08-23T23:59:03.907Z,beaudry,Beaudry,B-2013,20,,2-bed,2 Bed,2,2,1192,6042,6042,6058,available_on,2026-09-16,,
2026-08-23T23:59:03.907Z,beaudry,Beaudry,B-2014,20,,1-bed,1 Bed,1,1,817,4275,4275,4291,available_on,2026-10-23,,
2026-08-23T23:59:03.907Z,beaudry,Beaudry,B-2101,21,,1-bed,1 Bed,1,1.5,818,4782,4782,4798,available_on,2026-09-18,,
2026-08-23T23:59:03.907Z,beaudry,Beaudry,B-2111,21,,studio,Studio,0,1,514,2585,2585,2601,available_on,2026-10-20,,
2026-08-23T23:59:03.907Z,beaudry,Beaudry,B-2114,21,,1-bed,1 Bed,1,1,817,4285,4285,4301,available_on,2026-09-21,,
2026-08-23T23:59:03.907Z,beaudry,Beaudry,B-2204,22,,1-bed,1 Bed,1,1.5,891,4107,4107,4123,available_on,2026-09-29,,
2026-08-23T23:59:03.907Z,beaudry,Beaudry,B-2313,23,,2-bed,2 Bed,2,2,1192,6072,6072,6088,available_on,2026-08-23,,
2026-08-23T23:59:03.907Z,beaudry,Beaudry,B-2413,24,,2-bed,2 Bed,2,2,1192,6082,6082,6098,available_on,2026-09-12,,
2026-08-23T23:59:03.907Z,beaudry,Beaudry,B-2415,24,,1-bed,1 Bed,1,1,568,3093,3093,3109,available_on,2026-10-08,,
2026-08-23T23:59:03.907Z,beaudry,Beaudry,B-2514,25,,1-bed,1 Bed,1,1,817,4325,4325,4341,available_on,2026-09-16,,
2026-08-23T23:59:03.907Z,beaudry,Beaudry,B-2805,28,,1-bed,1 Bed,1,1,939,4560,4560,4576,available_on,2026-10-01,,
2026-08-23T23:59:03.907Z,beaudry,Beaudry,B-3005,30,,1-bed,1 Bed,1,1,939,4580,4580,4596,available_on,2026-09-27,,
2026-08-23T23:59:03.907Z,beaudry,Beaudry,B-3008,30,,2-bed,2 Bed,2,2,1200,6912,6912,6928,available_on,2026-09-01,,
2026-08-23T23:59:03.907Z,beaudry,Beaudry,B-3201,32,,1-bed,1 Bed,1,1.5,818,4892,4892,4908,available_on,2026-09-11,,
2026-08-23T23:59:03.907Z,beaudry,Beaudry,B-3205,32,,1-bed,1 Bed,1,1,939,4600,4600,4616,available_on,2026-10-14,,
2026-08-23T23:59:03.907Z,beaudry,Beaudry,B-3310,33,,1-bed,1 Bed,1,1,594,3118,3118,3134,available_on,2026-10-08,,
2026-08-23T23:59:03.907Z,beaudry,Beaudry,B-3401,34,,1-bed,1 Bed,1,1.5,818,4912,4912,4925,available_on,2026-10-02,,
2026-08-23T23:59:03.907Z,beaudry,Beaudry,B-3406,34,,1-bed,1 Bed,1,1,882,4505,4505,4521,available_on,2026-10-16,,
2026-08-23T23:59:03.907Z,beaudry,Beaudry,B-3709,37,,1-bed,1 Bed,1,1,860,5345,5345,5361,available_on,2026-10-24,,
2026-08-23T23:59:03.907Z,beaudry,Beaudry,B-3713,37,,2-bed,2 Bed,2,2,1192,6237,6237,6253,available_on,2026-08-24,,
2026-08-23T23:59:03.907Z,beaudry,Beaudry,B-4002,40,,studio,Studio,0,1,539,2970,2970,2986,available_on,2026-10-22,,
2026-08-23T23:59:03.907Z,beaudry,Beaudry,B-4011,40,,studio,Studio,0,1,514,2800,2800,2816,available_on,2026-10-01,,
2026-08-23T23:59:03.907Z,beaudry,Beaudry,B-4105,41,,1-bed,1 Bed,1,1.5,1044,4617,4617,4633,available_on,2026-09-30,,
2026-08-23T23:59:03.907Z,beaudry,Beaudry,B-4303,43,,1-bed,1 Bed,1,1,627,3383,3383,3399,available_on,2026-10-11,,
2026-08-23T23:59:03.907Z,beaudry,Beaudry,B-4413,44,,2-bed,2 Bed,2,2,1192,6307,6307,6320,available_on,2026-08-26,,
2026-08-23T23:59:03.907Z,beaudry,Beaudry,B-4504,45,,1-bed,1 Bed,1,1.5,1134,4977,4977,4993,available_on,2026-09-05,,
2026-08-23T23:59:03.907Z,beaudry,Beaudry,B-4507,45,,studio,Studio,0,1,550,3180,3180,3196,available_on,2026-10-08,,
2026-08-23T23:59:03.907Z,beaudry,Beaudry,B-4704,47,,1-bed,1 Bed,1,1.5,1134,4997,4997,5013,available_on,2026-09-24,,
2026-08-23T23:59:03.907Z,beaudry,Beaudry,B-4707,47,,studio,Studio,0,1,550,3200,3200,3216,available_on,2026-10-17,,
2026-08-23T23:59:03.907Z,beaudry,Beaudry,B-4713,47,,2-bed,2 Bed,2,2,1192,6337,6337,6353,available_on,2026-11-03,,
2026-08-23T23:59:03.907Z,beaudry,Beaudry,B-4910,49,,1-bed,1 Bed,1,1.5,926,4355,4355,4371,available_on,2026-10-10,,
2026-08-23T23:59:03.907Z,beaudry,Beaudry,B-5209,52,,2-bed,2 Bed,2,2,1230,6295,6295,6311,available_on,2026-09-15,,
2026-08-23T23:59:03.907Z,beaudry,Beaudry,B-5405,54,,3-bed,3 Bed,3,2.5,1734,9047,9047,9063,available_on,2026-10-05,,
2026-08-23T23:59:03.907Z,beaudry,Beaudry,B-5607,56,,1-bed,1 Bed,1,1,1006,5610,5610,5623,available_on,2026-08-23,,
2026-08-23T23:59:03.907Z,circa-la,Circa LA,W3206,32,,1-bed,1 Bed,1,1,745,3358,3358,3408,available_on,2026-08-23,,
2026-08-23T23:59:03.907Z,circa-la,Circa LA,W3208,32,,1-bed,1 Bed,1,1,770,3636,3636,3686,available_on,2026-08-23,,
2026-08-23T23:59:03.907Z,circa-la,Circa LA,W2708,27,,1-bed,1 Bed,1,1,770,3485,3485,3535,available_on,2026-08-23,,
2026-08-23T23:59:03.907Z,circa-la,Circa LA,W2618,26,,1-bed,1 Bed,1,1,923,4069,4069,4119,available_on,2026-08-27,,
2026-08-23T23:59:03.907Z,circa-la,Circa LA,W2518,25,,1-bed,1 Bed,1,1,923,3916,3916,3966,available_on,2026-08-23,,
2026-08-23T23:59:03.907Z,circa-la,Circa LA,W2006,20,,1-bed,1 Bed,1,1,745,3388,3388,3438,available_on,2026-09-14,,
2026-08-23T23:59:03.907Z,circa-la,Circa LA,W1708,17,,1-bed,1 Bed,1,1,770,3327,3327,3377,available_on,2026-08-23,,
2026-08-23T23:59:03.907Z,circa-la,Circa LA,W1724,17,,2-bed,2 Bed,2,2,1463,4755,4755,4805,available_on,2026-10-28,,
2026-08-23T23:59:03.907Z,circa-la,Circa LA,W1624,16,,2-bed,2 Bed,2,2,1463,4747,4747,4797,available_on,2026-09-03,,
2026-08-23T23:59:03.907Z,circa-la,Circa LA,W1412,14,,2-bed,2 Bed,2,2.5,1762,5527,5527,5577,available_on,2026-09-26,,
2026-08-23T23:59:03.907Z,circa-la,Circa LA,W1120,11,,1-bed,1 Bed,1,1,927,3335,3335,3385,available_on,2026-09-18,,
2026-08-23T23:59:03.907Z,circa-la,Circa LA,W924,9,,2-bed,2 Bed,2,2,1463,4601,4601,4651,available_on,2026-08-23,,
2026-08-23T23:59:03.907Z,circa-la,Circa LA,W820,8,,1-bed,1 Bed,1,1,927,4096,4096,4146,available_on,2026-08-23,,
2026-08-23T23:59:03.907Z,circa-la,Circa LA,E3201,32,,1-bed,1 Bed,1,1,627,3114,3114,3164,available_on,2026-08-24,,
2026-08-23T23:59:03.907Z,circa-la,Circa LA,E3221,32,,1-bed,1 Bed,1,1,871,3737,3737,3787,available_on,2026-08-23,,
2026-08-23T23:59:03.907Z,circa-la,Circa LA,E2911,29,,2-bed,2 Bed,2,2.5,1762,5690,5690,5740,available_on,2026-08-26,,
2026-08-23T23:59:03.907Z,circa-la,Circa LA,E2917,29,,1-bed,1 Bed,1,1,923,3872,3872,3922,available_on,2026-09-05,,
2026-08-23T23:59:03.907Z,circa-la,Circa LA,E2921,29,,1-bed,1 Bed,1,1,871,3644,3644,3694,available_on,2026-10-04,,
2026-08-23T23:59:03.907Z,circa-la,Circa LA,E2501,25,,1-bed,1 Bed,1,1,627,2876,2876,2926,available_on,2026-09-17,,
2026-08-23T23:59:03.907Z,circa-la,Circa LA,E2411,24,,2-bed,2 Bed,2,2.5,1762,5576,5576,5626,available_on,2026-09-05,,
2026-08-23T23:59:03.907Z,circa-la,Circa LA,E2419,24,,1-bed,1 Bed,1,1,927,3530,3530,3580,available_on,2026-09-21,,
2026-08-23T23:59:03.907Z,circa-la,Circa LA,E1813,18,,2-bed,2 Bed,2,2.5,1898,5978,5978,6028,available_on,2026-08-23,,
2026-08-23T23:59:03.907Z,circa-la,Circa LA,E1601,16,,1-bed,1 Bed,1,1,627,2742,2742,2792,available_on,2026-09-11,,
2026-08-23T23:59:03.907Z,circa-la,Circa LA,E1115,11,,1-bed,1 Bed,1,1,868,3269,3269,3319,available_on,2026-10-04,,
2026-08-23T23:59:03.907Z,circa-la,Circa LA,E825,8,,2-bed,2 Bed,2,2,1285,4472,4472,4522,available_on,2026-08-23,,
2026-08-23T23:59:03.907Z,circa-la,Circa LA,E3301,33,,3-bed,3 Bed,3,4.5,3984,19486,19486,19536,available_on,2026-08-23,,
2026-08-23T23:59:03.907Z,circa-la,Circa LA,E3305,33,,2-bed,2 Bed,2,2,1338,5973,5973,6023,available_on,2026-09-02,,
2026-08-23T23:59:03.907Z,circa-la,Circa LA,W3302,33,,3-bed,3 Bed,3,4.5,3842,22551,22551,22601,available_on,2026-08-23,,
2026-08-23T23:59:03.907Z,circa-la,Circa LA,W3312,33,,3-bed,3 Bed,3,3.5,2900,17028,17028,17078,available_on,2026-08-23,,
2026-08-23T23:59:03.907Z,circa-la,Circa LA,E3411,34,,3-bed,3 Bed,3,3.5,2878,13085,13085,13135,available_on,2026-08-23,,
2026-08-23T23:59:03.907Z,circa-la,Circa LA,W3402,34,,3-bed,3 Bed,3,4.5,3842,22643,22643,22693,available_on,2026-08-23,,
2026-08-23T23:59:03.907Z,circa-la,Circa LA,W3406,34,,2-bed,2 Bed,2,2,1338,7315,7315,7365,available_on,2026-09-01,,
2026-08-23T23:59:03.907Z,circa-la,Circa LA,E3501,35,,3-bed,3 Bed,3,4.5,3984,22435,22435,22485,available_on,2026-08-23,,
2026-08-23T23:59:03.907Z,circa-la,Circa LA,E3505,35,,2-bed,2 Bed,2,2,1338,6188,6188,6238,available_on,2026-08-23,,
2026-08-23T23:59:03.907Z,circa-la,Circa LA,E3511,35,,3-bed,3 Bed,3,3.5,2878,14850,14850,14900,available_on,2026-08-23,,
2026-08-23T23:59:03.907Z,circa-la,Circa LA,W3502,35,,3-bed,3 Bed,3,4.5,3842,23359,23359,23409,available_on,2026-08-23,,
2026-08-23T23:59:03.907Z,circa-la,Circa LA,W3508,35,,2-bed,2 Bed,2,2,1524,8045,8045,8095,available_on,2026-10-31,,
2026-08-23T23:59:03.907Z,circa-la,Circa LA,W3512,35,,3-bed,3 Bed,3,3.5,2900,17398,17398,17448,available_on,2026-08-23,,
2026-08-24T15:01:09.231Z,825-south-hill,825 South Hill,201,2,A2,2-bed-den,2 Bed + Den,2,,1090,3909,5010,,available,,29417540,2413008
2026-08-24T15:01:09.231Z,825-south-hill,825 South Hill,301,3,A2,2-bed-den,2 Bed + Den,2,,1090,3924,5030,,available,,29417543,2413008
2026-08-24T15:01:09.231Z,825-south-hill,825 South Hill,302,3,B,2-bed,2 Bed,2,,993,3619,4647,,available,,29417544,2413011
2026-08-24T15:01:09.231Z,825-south-hill,825 South Hill,607,6,TH2,townhomes,Townhomes,,,1385,5578,7507,,available,,29417562,2413022
2026-08-24T15:01:09.231Z,825-south-hill,825 South Hill,1505,15,J,2-bed,2 Bed,2,,991,3788,4858,,available_on,2026-09-19,29417141,2413023
2026-08-24T15:01:09.231Z,825-south-hill,825 South Hill,1211,12,J1,2-bed,2 Bed,2,,988,3934,5051,,available,,29417109,2413026
2026-08-24T15:01:09.231Z,825-south-hill,825 South Hill,4211,42,J1,2-bed,2 Bed,2,,988,4478,5743,,available_on,2026-09-05,29417134,2413026
2026-08-24T15:01:09.231Z,825-south-hill,825 South Hill,3012,30,K,1-bed,1 Bed,1,,670,3499,4457,,available_on,2026-10-12,29417188,2413027
2026-08-24T15:01:09.231Z,825-south-hill,825 South Hill,3412,34,K,1-bed,1 Bed,1,,670,3514,4496,,available_on,2026-08-29,29417189,2413027
2026-08-24T15:01:09.231Z,825-south-hill,825 South Hill,4312,43,K,1-bed,1 Bed,1,,670,3511,4492,,available,,29417198,2413027
2026-08-24T15:01:09.231Z,825-south-hill,825 South Hill,2901,29,K1,1-bed,1 Bed,1,,716,3514,4489,,available_on,2026-09-09,29417218,2413028
2026-08-24T15:01:09.231Z,825-south-hill,825 South Hill,3603,36,M,2-bed-den,2 Bed + Den,2,,1099,4514,5803,,available_on,2026-09-07,29417253,2413032
2026-08-24T15:01:09.231Z,825-south-hill,825 South Hill,3809,38,M1,2-bed-den,2 Bed + Den,2,,1109,4412,5655,,available,,29417286,2413033
2026-08-24T15:01:09.231Z,825-south-hill,825 South Hill,1504,15,N,jr-2-bed,Jr. 2 Bed,2,,792,3272,4207,,available,,29417296,2413034
2026-08-24T15:01:09.231Z,825-south-hill,825 South Hill,2204,22,N,jr-2-bed,Jr. 2 Bed,2,,792,3357,4312,,available_on,2026-09-28,29417302,2413034
2026-08-24T15:01:09.231Z,825-south-hill,825 South Hill,3704,37,N,jr-2-bed,Jr. 2 Bed,2,,792,3597,4621,,available_on,2026-09-14,29417313,2413034
2026-08-24T15:01:09.231Z,825-south-hill,825 South Hill,4204,42,N,jr-2-bed,Jr. 2 Bed,2,,792,3717,4780,,available,,29417317,2413034
2026-08-24T15:01:09.231Z,825-south-hill,825 South Hill,1910,19,N1,jr-2-bed,Jr. 2 Bed,2,,807,3172,4075,,available_on,2026-09-11,29417327,2413035
2026-08-24T15:01:09.231Z,825-south-hill,825 South Hill,3610,36,N1,jr-2-bed,Jr. 2 Bed,2,,807,3482,4477,,available_on,2026-08-29,29417341,2413035
2026-08-24T15:01:09.231Z,825-south-hill,825 South Hill,4110,41,N1,jr-2-bed,Jr. 2 Bed,2,,807,3545,4559,,available,,29417346,2413035
2026-08-24T15:01:09.231Z,825-south-hill,825 South Hill,4310,43,N1,jr-2-bed,Jr. 2 Bed,2,,807,3667,4700,,available_on,2026-10-07,29417348,2413035
2026-08-24T15:01:09.231Z,825-south-hill,825 South Hill,3902,39,O,1-bed,1 Bed,1,,538,3397,4302,,available_on,2026-10-10,29417415,2413037
2026-08-24T15:01:09.231Z,825-south-hill,825 South Hill,4602,46,O,1-bed,1 Bed,1,,538,3542,4471,,available_on,2026-11-07,29417390,2413037
2026-08-24T15:01:09.231Z,825-south-hill,825 South Hill,1107,11,O1,1-bed,1 Bed,1,,560,3052,3879,,available_on,2026-09-28,29417419,2413039
2026-08-24T15:01:09.231Z,825-south-hill,825 South Hill,2406,24,O3,1-bed,1 Bed,1,,562,3187,4036,,available_on,2026-10-02,29417461,2522879
2026-08-24T15:01:09.231Z,825-south-hill,825 South Hill,4703,47,SKY6,skyhomes,Skyhomes,,,1125,5099,6576,,available,,38097680,2413050
2026-08-24T15:01:09.231Z,atelier,Atelier,0707,7,,1-bed,1 Bed,1,1,778,3355,3355,3372,available_on,2026-10-22,,
2026-08-24T15:01:09.231Z,atelier,Atelier,0806,8,,1-bed,1 Bed,1,1,829,3835,3835,3852,available_on,2026-10-02,,
2026-08-24T15:01:09.231Z,atelier,Atelier,0902,9,,1-bed,1 Bed,1,1,622,3325,3325,3342,available_on,2026-09-15,,
2026-08-24T15:01:09.231Z,atelier,Atelier,1012,10,,1-bed,1 Bed,1,1,685,3615,3615,3632,available_on,2026-09-09,,
2026-08-24T15:01:09.231Z,atelier,Atelier,1402,14,,1-bed,1 Bed,1,1,622,3405,3405,3422,available_on,2026-11-07,,
2026-08-24T15:01:09.231Z,atelier,Atelier,1407,14,,1-bed,1 Bed,1,1,778,3505,3505,3522,available_on,2026-10-07,,
2026-08-24T15:01:09.231Z,atelier,Atelier,1508,15,,1-bed,1 Bed,1,1,778,3520,3520,3537,available_on,2026-10-18,,
2026-08-24T15:01:09.231Z,atelier,Atelier,1905,19,,1-bed,1 Bed,1,1,778,3865,3865,3882,available_on,2026-09-15,,
2026-08-24T15:01:09.231Z,atelier,Atelier,2312,23,,1-bed,1 Bed,1,1,685,3930,3930,3947,available_on,2026-10-08,,
2026-08-24T15:01:09.231Z,atelier,Atelier,2401,24,,2-bed,2 Bed,2,2.5,1377,6405,6405,6422,available_on,2026-08-24,,
2026-08-24T15:01:09.231Z,atelier,Atelier,2404,24,,1-bed,1 Bed,1,1,829,4225,4225,4242,available_on,2026-08-24,,
2026-08-24T15:01:09.231Z,atelier,Atelier,2414,24,,2-bed,2 Bed,2,2,975,4658,4658,4675,available_on,2026-09-07,,
2026-08-24T15:01:09.231Z,atelier,Atelier,2501,25,,2-bed,2 Bed,2,2.5,1377,6425,6425,6442,available_on,2026-08-31,,
2026-08-24T15:01:09.231Z,atelier,Atelier,2504,25,,1-bed,1 Bed,1,1,829,4245,4245,4258,available_on,2026-10-28,,
2026-08-24T15:01:09.231Z,atelier,Atelier,2901,29,,2-bed,2 Bed,2,2.5,1377,6505,6505,6522,available_on,2026-08-24,,
2026-08-24T15:01:09.231Z,atelier,Atelier,3106,31,,1-bed,1 Bed,1,1,778,4180,4180,4197,available_on,2026-08-24,,
2026-08-24T15:01:09.231Z,atelier,Atelier,3108,31,,1-bed,1 Bed,1,1,685,4270,4270,4287,available_on,2026-08-24,,
2026-08-24T15:01:09.231Z,atelier,Atelier,3110,31,,1-bed,1 Bed,1,1,685,4355,4355,4372,available_on,2026-08-24,,
2026-08-24T15:01:09.231Z,atelier,Atelier,3210,32,,1-bed,1 Bed,1,1,685,4425,4425,4442,available_on,2026-08-24,,
2026-08-24T15:01:09.231Z,atelier,Atelier,PH01,,,2-bed,2 Bed,2,2.5,1470,8897,8897,8914,available_on,2026-08-24,,
2026-08-24T15:01:09.231Z,atelier,Atelier,PH08,,,3-bed,3 Bed,3,3,1731,9173,9173,9190,available_on,2026-08-24,,
2026-08-24T15:01:09.231Z,eighth-and-grand,Eighth & Grand,0-2017,,,1-bed,1 Bed,1,1,762,2479,2479,2498,available_on,2026-09-10,,
2026-08-24T15:01:09.231Z,eighth-and-grand,Eighth & Grand,0-2037,,,1-bed,1 Bed,1,1,762,2479,2479,2498,available_on,2026-09-15,,
2026-08-24T15:01:09.231Z,eighth-and-grand,Eighth & Grand,0-2041,,,1-bed,1 Bed,1,1,762,2479,2479,2498,available_on,2026-09-05,,
2026-08-24T15:01:09.231Z,eighth-and-grand,Eighth & Grand,0-2051,,,2-bed,2 Bed,2,2.5,1094,3786,3786,3805,available_on,2026-08-24,,
2026-08-24T15:01:09.231Z,eighth-and-grand,Eighth & Grand,0-2077,,,1-bed,1 Bed,1,1,578,2240,2240,2259,available_on,2026-09-26,,
2026-08-24T15:01:09.231Z,eighth-and-grand,Eighth & Grand,0-2102,,,studio,Studio,0,1,527,2157,2157,2176,available_on,2026-10-17,,
2026-08-24T15:01:09.231Z,eighth-and-grand,Eighth & Grand,0-2152,,,studio,Studio,0,1,540,2162,2162,2181,available_on,2026-10-16,,
2026-08-24T15:01:09.231Z,eighth-and-grand,Eighth & Grand,0-2153,,,2-bed,2 Bed,2,2,1168,3541,3541,3560,available_on,2026-08-24,,
2026-08-24T15:01:09.231Z,eighth-and-grand,Eighth & Grand,0-2161,,,2-bed,2 Bed,2,2,1109,3336,3336,3355,available_on,2026-10-10,,
2026-08-24T15:01:09.231Z,eighth-and-grand,Eighth & Grand,0-3028,,,1-bed,1 Bed,1,1,779,2799,2799,2818,available_on,2026-08-24,,
2026-08-24T15:01:09.231Z,eighth-and-grand,Eighth & Grand,0-3104,,,1-bed,1 Bed,1,1,802,2664,2664,2683,available_on,2026-09-28,,
2026-08-24T15:01:09.231Z,eighth-and-grand,Eighth & Grand,0-3136,,,1-bed,1 Bed,1,1,777,2339,2339,2358,available_on,2026-10-12,,
2026-08-24T15:01:09.231Z,eighth-and-grand,Eighth & Grand,0-4003,,,1-bed,1 Bed,1,1,880,2824,2824,2843,available_on,2026-08-24,,
2026-08-24T15:01:09.231Z,eighth-and-grand,Eighth & Grand,0-4028,,,1-bed,1 Bed,1,1,779,2819,2819,2838,available_on,2026-10-09,,
2026-08-24T15:01:09.231Z,eighth-and-grand,Eighth & Grand,0-4071,,,1-bed,1 Bed,1,1,840,2444,2444,2463,available_on,2026-10-23,,
2026-08-24T15:01:09.231Z,eighth-and-grand,Eighth & Grand,0-4080,,,1-bed,1 Bed,1,1,777,2334,2334,2349,available_on,2026-09-29,,
2026-08-24T15:01:09.231Z,eighth-and-grand,Eighth & Grand,0-4108,,,studio,Studio,0,1,540,2287,2287,2302,available_on,2026-08-28,,
2026-08-24T15:01:09.231Z,eighth-and-grand,Eighth & Grand,0-4114,,,studio,Studio,0,1,520,2242,2242,2261,available_on,2026-10-15,,
2026-08-24T15:01:09.231Z,eighth-and-grand,Eighth & Grand,0-4139,,,1-bed,1 Bed,1,1,578,2415,2415,2434,available_on,2026-08-24,,
2026-08-24T15:01:09.231Z,eighth-and-grand,Eighth & Grand,0-5026,,,1-bed,1 Bed,1,1,779,2879,2879,2898,available_on,2026-08-24,,
2026-08-24T15:01:09.231Z,eighth-and-grand,Eighth & Grand,0-5029,,,1-bed,1 Bed,1,1,880,2964,2964,2983,available_on,2026-08-24,,
2026-08-24T15:01:09.231Z,eighth-and-grand,Eighth & Grand,0-5034,,,2-bed,2 Bed,2,2,1046,3346,3346,3365,available_on,2026-08-24,,
2026-08-24T15:01:09.231Z,eighth-and-grand,Eighth & Grand,0-5035,,,1-bed,1 Bed,1,1,880,2889,2889,2908,available_on,2026-08-24,,
2026-08-24T15:01:09.231Z,eighth-and-grand,Eighth & Grand,0-5046,,,1-bed,1 Bed,1,1,578,2460,2460,2479,available_on,2026-09-20,,
2026-08-24T15:01:09.231Z,eighth-and-grand,Eighth & Grand,0-5049,,,2-bed,2 Bed,2,2,1016,3616,3616,3635,available_on,2026-08-24,,
2026-08-24T15:01:09.231Z,eighth-and-grand,Eighth & Grand,0-5086,,,1-bed,1 Bed,1,1,777,2479,2479,2494,available_on,2026-10-06,,
2026-08-24T15:01:09.231Z,eighth-and-grand,Eighth & Grand,0-5094,,,1-bed,1 Bed,1,1,715,2729,2729,2748,available_on,2026-08-24,,
2026-08-24T15:01:09.231Z,eighth-and-grand,Eighth & Grand,0-5096,,,1-bed,1 Bed,1,1,584,2564,2564,2583,available_on,2026-08-30,,
2026-08-24T15:01:09.231Z,eighth-and-grand,Eighth & Grand,0-5153,,,2-bed,2 Bed,2,2,1278,3991,3991,4010,available_on,2026-09-23,,
2026-08-24T15:01:09.231Z,eighth-and-grand,Eighth & Grand,0-5162,,,studio,Studio,0,1,520,2252,2252,2271,available_on,2026-10-30,,
2026-08-24T15:01:09.231Z,eighth-and-grand,Eighth & Grand,0-6002,,,1-bed,1 Bed,1,1,639,2529,2529,2548,available_on,2026-08-24,,
2026-08-24T15:01:09.231Z,eighth-and-grand,Eighth & Grand,0-6011,,,1-bed,1 Bed,1,1,880,2939,2939,2958,available_on,2026-08-24,,
2026-08-24T15:01:09.231Z,eighth-and-grand,Eighth & Grand,0-6017,,,1-bed,1 Bed,1,1,880,2989,2989,3008,available_on,2026-08-24,,
2026-08-24T15:01:09.231Z,eighth-and-grand,Eighth & Grand,0-6035,,,1-bed,1 Bed,1,1,762,2809,2809,2828,available_on,2026-09-02,,
2026-08-24T15:01:09.231Z,eighth-and-grand,Eighth & Grand,0-6037,,,1-bed,1 Bed,1,1,762,2904,2904,2923,available_on,2026-08-24,,
2026-08-24T15:01:09.231Z,eighth-and-grand,Eighth & Grand,0-6057,,,2-bed,2 Bed,2,2,1211,3666,3666,3685,available_on,2026-09-06,,
2026-08-24T15:01:09.231Z,eighth-and-grand,Eighth & Grand,0-6066,,,1-bed,1 Bed,1,1,762,2804,2804,2823,available_on,2026-08-24,,
2026-08-24T15:01:09.231Z,eighth-and-grand,Eighth & Grand,0-6068,,,1-bed,1 Bed,1,1,579,2374,2374,2393,available_on,2026-09-18,,
2026-08-24T15:01:09.231Z,eighth-and-grand,Eighth & Grand,0-6071,,,1-bed,1 Bed,1,1,840,2544,2544,2563,available_on,2026-09-09,,
2026-08-24T15:01:09.231Z,eighth-and-grand,Eighth & Grand,0-6094,,,1-bed,1 Bed,1,1,715,2854,2854,2873,available_on,2026-08-24,,
2026-08-24T15:01:09.231Z,eighth-and-grand,Eighth & Grand,0-6137,,,1-bed,1 Bed,1,1,578,2465,2465,2484,available_on,2026-09-10,,
2026-08-24T15:01:09.231Z,eighth-and-grand,Eighth & Grand,0-6149,,,studio,Studio,0,1,558,2382,2382,2401,available_on,2026-08-25,,
2026-08-24T15:01:09.231Z,eighth-and-grand,Eighth & Grand,0-6152,,,studio,Studio,0,1,540,2387,2387,2406,available_on,2026-11-01,,
2026-08-24T15:01:09.231Z,eighth-and-grand,Eighth & Grand,0-6154,,,studio,Studio,0,1,520,2302,2302,2321,available_on,2026-11-07,,
2026-08-24T15:01:09.231Z,eighth-and-grand,Eighth & Grand,0-6166,,,1-bed,1 Bed,1,1,822,2854,2854,2873,available_on,2026-09-28,,
2026-08-24T15:01:09.231Z,eighth-and-grand,Eighth & Grand,0-7024,,,1-bed,1 Bed,1,1,791,2809,2809,2828,available_on,2026-08-24,,
2026-08-24T15:01:09.231Z,eighth-and-grand,Eighth & Grand,0-7042,,,1-bed,1 Bed,1,1,578,2385,2385,2404,available_on,2026-08-24,,
2026-08-24T15:01:09.231Z,eighth-and-grand,Eighth & Grand,0-7066,,,1-bed,1 Bed,1,1,762,2854,2854,2873,available_on,2026-08-24,,
2026-08-24T15:01:09.231Z,eighth-and-grand,Eighth & Grand,0-7071,,,1-bed,1 Bed,1,1,840,2869,2869,2888,available_on,2026-09-07,,
2026-08-24T15:01:09.231Z,eighth-and-grand,Eighth & Grand,0-7090,,,2-bed,2 Bed,2,1,976,3271,3271,3290,available_on,2026-08-24,,
2026-08-24T15:01:09.231Z,eighth-and-grand,Eighth & Grand,0-7145,,,2-bed,2 Bed,2,2,1099,4111,4111,4130,available_on,2026-10-01,,
2026-08-24T15:01:09.231Z,beaudry,Beaudry,B-1007,10,,studio,Studio,0,1,550,2660,2660,2676,available_on,2026-10-22,,
2026-08-24T15:01:09.231Z,beaudry,Beaudry,B-1104,11,,1-bed,1 Bed,1,1.5,875,3987,3987,4000,available_on,2026-10-27,,
2026-08-24T15:01:09.231Z,beaudry,Beaudry,B-1204,12,,1-bed,1 Bed,1,1.5,875,4052,4052,4068,available_on,2026-10-01,,
2026-08-24T15:01:09.231Z,beaudry,Beaudry,B-1401,14,,1-bed,1 Bed,1,1.5,818,4712,4712,4728,available_on,2026-09-29,,
2026-08-24T15:01:09.231Z,beaudry,Beaudry,B-1409,14,,1-bed,1 Bed,1,1,860,4952,4952,4968,available_on,2026-09-10,,
2026-08-24T15:01:09.231Z,beaudry,Beaudry,B-1416,14,,2-bed,2 Bed,2,2,1192,6322,6322,6338,available_on,2026-09-06,,
2026-08-24T15:01:09.231Z,beaudry,Beaudry,B-1502,15,,studio,Studio,0,1,539,2695,2695,2708,available_on,2026-10-07,,
2026-08-24T15:01:09.231Z,beaudry,Beaudry,B-1602,16,,studio,Studio,0,1,539,2705,2705,2721,available_on,2026-10-09,,
2026-08-24T15:01:09.231Z,beaudry,Beaudry,B-1714,17,,1-bed,1 Bed,1,1,802,4157,4157,4173,available_on,2026-09-16,,
2026-08-24T15:01:09.231Z,beaudry,Beaudry,B-1804,18,,1-bed,1 Bed,1,1.5,875,4102,4102,4118,available_on,2026-09-21,,
2026-08-24T15:01:09.231Z,beaudry,Beaudry,B-1806,18,,1-bed,1 Bed,1,1,868,4332,4332,4345,available_on,2026-10-10,,
2026-08-24T15:01:09.231Z,beaudry,Beaudry,B-1904,19,,1-bed,1 Bed,1,1.5,891,4077,4077,4093,available_on,2026-09-18,,
2026-08-24T15:01:09.231Z,beaudry,Beaudry,B-2004,20,,1-bed,1 Bed,1,1.5,891,4087,4087,4100,available_on,2026-10-04,,
2026-08-24T15:01:09.231Z,beaudry,Beaudry,B-2008,20,,2-bed,2 Bed,2,2,1200,6737,6737,6753,available_on,2026-08-24,,
2026-08-24T15:01:09.231Z,beaudry,Beaudry,B-2009,20,,1-bed,1 Bed,1,1,860,5012,5012,5025,available_on,2026-08-30,,
2026-08-24T15:01:09.231Z,beaudry,Beaudry,B-2013,20,,2-bed,2 Bed,2,2,1192,6057,6057,6073,available_on,2026-09-16,,
2026-08-24T15:01:09.231Z,beaudry,Beaudry,B-2014,20,,1-bed,1 Bed,1,1,817,4287,4287,4303,available_on,2026-10-23,,
2026-08-24T15:01:09.231Z,beaudry,Beaudry,B-2101,21,,1-bed,1 Bed,1,1.5,818,4782,4782,4798,available_on,2026-09-18,,
2026-08-24T15:01:09.231Z,beaudry,Beaudry,B-2111,21,,studio,Studio,0,1,514,2585,2585,2601,available_on,2026-10-20,,
2026-08-24T15:01:09.231Z,beaudry,Beaudry,B-2114,21,,1-bed,1 Bed,1,1,817,4297,4297,4313,available_on,2026-09-21,,
2026-08-24T15:01:09.231Z,beaudry,Beaudry,B-2204,22,,1-bed,1 Bed,1,1.5,891,4107,4107,4123,available_on,2026-09-29,,
2026-08-24T15:01:09.231Z,beaudry,Beaudry,B-2313,23,,2-bed,2 Bed,2,2,1192,6087,6087,6103,available_on,2026-08-24,,
2026-08-24T15:01:09.231Z,beaudry,Beaudry,B-2413,24,,2-bed,2 Bed,2,2,1192,6097,6097,6113,available_on,2026-09-12,,
2026-08-24T15:01:09.231Z,beaudry,Beaudry,B-2415,24,,1-bed,1 Bed,1,1,568,3091,3091,3107,available_on,2026-10-08,,
2026-08-24T15:01:09.231Z,beaudry,Beaudry,B-2514,25,,1-bed,1 Bed,1,1,817,4337,4337,4353,available_on,2026-09-16,,
2026-08-24T15:01:09.231Z,beaudry,Beaudry,B-2803,28,,1-bed,1 Bed,1,1,627,3206,3206,3219,available_on,2026-10-02,,
2026-08-24T15:01:09.231Z,beaudry,Beaudry,B-2805,28,,1-bed,1 Bed,1,1,939,4572,4572,4588,available_on,2026-10-01,,
2026-08-24T15:01:09.231Z,beaudry,Beaudry,B-3005,30,,1-bed,1 Bed,1,1,939,4592,4592,4608,available_on,2026-09-27,,
2026-08-24T15:01:09.231Z,beaudry,Beaudry,B-3008,30,,2-bed,2 Bed,2,2,1200,6927,6927,6943,available_on,2026-09-01,,
2026-08-24T15:01:09.231Z,beaudry,Beaudry,B-3201,32,,1-bed,1 Bed,1,1.5,818,4892,4892,4908,available_on,2026-09-11,,
2026-08-24T15:01:09.231Z,beaudry,Beaudry,B-3205,32,,1-bed,1 Bed,1,1,939,4612,4612,4628,available_on,2026-10-14,,
2026-08-24T15:01:09.231Z,beaudry,Beaudry,B-3310,33,,1-bed,1 Bed,1,1,594,3116,3116,3132,available_on,2026-10-08,,
2026-08-24T15:01:09.231Z,beaudry,Beaudry,B-3401,34,,1-bed,1 Bed,1,1.5,818,4912,4912,4925,available_on,2026-10-02,,
2026-08-24T15:01:09.231Z,beaudry,Beaudry,B-3406,34,,1-bed,1 Bed,1,1,882,4517,4517,4533,available_on,2026-10-16,,
2026-08-24T15:01:09.231Z,beaudry,Beaudry,B-3709,37,,1-bed,1 Bed,1,1,860,5357,5357,5373,available_on,2026-10-24,,
2026-08-24T15:01:09.231Z,beaudry,Beaudry,B-3713,37,,2-bed,2 Bed,2,2,1192,6252,6252,6268,available_on,2026-08-24,,
2026-08-24T15:01:09.231Z,beaudry,Beaudry,B-4002,40,,studio,Studio,0,1,539,2970,2970,2986,available_on,2026-10-22,,
2026-08-24T15:01:09.231Z,beaudry,Beaudry,B-4011,40,,studio,Studio,0,1,514,2800,2800,2816,available_on,2026-10-01,,
2026-08-24T15:01:09.231Z,beaudry,Beaudry,B-4105,41,,1-bed,1 Bed,1,1.5,1044,4617,4617,4633,available_on,2026-09-30,,
2026-08-24T15:01:09.231Z,beaudry,Beaudry,B-4303,43,,1-bed,1 Bed,1,1,627,3381,3381,3397,available_on,2026-10-11,,
2026-08-24T15:01:09.231Z,beaudry,Beaudry,B-4413,44,,2-bed,2 Bed,2,2,1192,6322,6322,6335,available_on,2026-08-26,,
2026-08-24T15:01:09.231Z,beaudry,Beaudry,B-4504,45,,1-bed,1 Bed,1,1.5,1134,4977,4977,4993,available_on,2026-09-05,,
2026-08-24T15:01:09.231Z,beaudry,Beaudry,B-4507,45,,studio,Studio,0,1,550,3180,3180,3196,available_on,2026-10-08,,
2026-08-24T15:01:09.231Z,beaudry,Beaudry,B-4704,47,,1-bed,1 Bed,1,1.5,1134,4997,4997,5013,available_on,2026-09-24,,
2026-08-24T15:01:09.231Z,beaudry,Beaudry,B-4707,47,,studio,Studio,0,1,550,3200,3200,3216,available_on,2026-10-17,,
2026-08-24T15:01:09.231Z,beaudry,Beaudry,B-4713,47,,2-bed,2 Bed,2,2,1192,6352,6352,6368,available_on,2026-11-03,,
2026-08-24T15:01:09.231Z,beaudry,Beaudry,B-4910,49,,1-bed,1 Bed,1,1.5,926,4355,4355,4371,available_on,2026-10-10,,
2026-08-24T15:01:09.231Z,beaudry,Beaudry,B-5209,52,,2-bed,2 Bed,2,2,1230,6295,6295,6311,available_on,2026-09-15,,
2026-08-24T15:01:09.231Z,beaudry,Beaudry,B-5405,54,,3-bed,3 Bed,3,2.5,1734,9049,9049,9065,available_on,2026-10-05,,
2026-08-24T15:01:09.231Z,beaudry,Beaudry,B-5607,56,,1-bed,1 Bed,1,1,1006,5610,5610,5623,available_on,2026-08-24,,
2026-08-24T15:01:09.231Z,circa-la,Circa LA,W3206,32,,1-bed,1 Bed,1,1,745,3358,3358,3408,available_on,2026-08-24,,
2026-08-24T15:01:09.231Z,circa-la,Circa LA,W3208,32,,1-bed,1 Bed,1,1,770,3636,3636,3686,available_on,2026-08-24,,
2026-08-24T15:01:09.231Z,circa-la,Circa LA,W2708,27,,1-bed,1 Bed,1,1,770,3485,3485,3535,available_on,2026-08-24,,
2026-08-24T15:01:09.231Z,circa-la,Circa LA,W2618,26,,1-bed,1 Bed,1,1,923,4069,4069,4119,available_on,2026-08-27,,
2026-08-24T15:01:09.231Z,circa-la,Circa LA,W2518,25,,1-bed,1 Bed,1,1,923,3902,3902,3952,available_on,2026-08-24,,
2026-08-24T15:01:09.231Z,circa-la,Circa LA,W2006,20,,1-bed,1 Bed,1,1,745,3388,3388,3438,available_on,2026-09-14,,
2026-08-24T15:01:09.231Z,circa-la,Circa LA,W1708,17,,1-bed,1 Bed,1,1,770,3327,3327,3377,available_on,2026-08-24,,
2026-08-24T15:01:09.231Z,circa-la,Circa LA,W1724,17,,2-bed,2 Bed,2,2,1463,4755,4755,4805,available_on,2026-10-28,,
2026-08-24T15:01:09.231Z,circa-la,Circa LA,W1624,16,,2-bed,2 Bed,2,2,1463,4747,4747,4797,available_on,2026-09-03,,
2026-08-24T15:01:09.231Z,circa-la,Circa LA,W1412,14,,2-bed,2 Bed,2,2.5,1762,5527,5527,5577,available_on,2026-09-26,,
2026-08-24T15:01:09.231Z,circa-la,Circa LA,W1120,11,,1-bed,1 Bed,1,1,927,3335,3335,3385,available_on,2026-09-18,,
2026-08-24T15:01:09.231Z,circa-la,Circa LA,W924,9,,2-bed,2 Bed,2,2,1463,4601,4601,4651,available_on,2026-08-24,,
2026-08-24T15:01:09.231Z,circa-la,Circa LA,W820,8,,1-bed,1 Bed,1,1,927,4081,4081,4131,available_on,2026-08-24,,
2026-08-24T15:01:09.231Z,circa-la,Circa LA,E3201,32,,1-bed,1 Bed,1,1,627,3114,3114,3164,available_on,2026-08-24,,
2026-08-24T15:01:09.231Z,circa-la,Circa LA,E3221,32,,1-bed,1 Bed,1,1,871,3737,3737,3787,available_on,2026-08-24,,
2026-08-24T15:01:09.231Z,circa-la,Circa LA,E2911,29,,2-bed,2 Bed,2,2.5,1762,5690,5690,5740,available_on,2026-08-26,,
2026-08-24T15:01:09.231Z,circa-la,Circa LA,E2917,29,,1-bed,1 Bed,1,1,923,3872,3872,3922,available_on,2026-09-05,,
2026-08-24T15:01:09.231Z,circa-la,Circa LA,E2921,29,,1-bed,1 Bed,1,1,871,3644,3644,3694,available_on,2026-10-04,,
2026-08-24T15:01:09.231Z,circa-la,Circa LA,E2501,25,,1-bed,1 Bed,1,1,627,2876,2876,2926,available_on,2026-09-17,,
2026-08-24T15:01:09.231Z,circa-la,Circa LA,E2411,24,,2-bed,2 Bed,2,2.5,1762,5576,5576,5626,available_on,2026-09-05,,
2026-08-24T15:01:09.231Z,circa-la,Circa LA,E2419,24,,1-bed,1 Bed,1,1,927,3530,3530,3580,available_on,2026-09-21,,
2026-08-24T15:01:09.231Z,circa-la,Circa LA,E1813,18,,2-bed,2 Bed,2,2.5,1898,5978,5978,6028,available_on,2026-08-24,,
2026-08-24T15:01:09.231Z,circa-la,Circa LA,E1601,16,,1-bed,1 Bed,1,1,627,2742,2742,2792,available_on,2026-09-11,,
2026-08-24T15:01:09.231Z,circa-la,Circa LA,E1115,11,,1-bed,1 Bed,1,1,868,3269,3269,3319,available_on,2026-10-04,,
2026-08-24T15:01:09.231Z,circa-la,Circa LA,E825,8,,2-bed,2 Bed,2,2,1285,4472,4472,4522,available_on,2026-08-24,,
2026-08-24T15:01:09.231Z,circa-la,Circa LA,E3301,33,,3-bed,3 Bed,3,4.5,3984,19486,19486,19536,available_on,2026-08-24,,
2026-08-24T15:01:09.231Z,circa-la,Circa LA,E3305,33,,2-bed,2 Bed,2,2,1338,5973,5973,6023,available_on,2026-09-02,,
2026-08-24T15:01:09.231Z,circa-la,Circa LA,W3302,33,,3-bed,3 Bed,3,4.5,3842,22551,22551,22601,available_on,2026-08-24,,
2026-08-24T15:01:09.231Z,circa-la,Circa LA,W3312,33,,3-bed,3 Bed,3,3.5,2900,17028,17028,17078,available_on,2026-08-24,,
2026-08-24T15:01:09.231Z,circa-la,Circa LA,E3411,34,,3-bed,3 Bed,3,3.5,2878,13046,13046,13096,available_on,2026-08-24,,
2026-08-24T15:01:09.231Z,circa-la,Circa LA,W3402,34,,3-bed,3 Bed,3,4.5,3842,22643,22643,22693,available_on,2026-08-24,,
2026-08-24T15:01:09.231Z,circa-la,Circa LA,W3406,34,,2-bed,2 Bed,2,2,1338,7315,7315,7365,available_on,2026-09-01,,
2026-08-24T15:01:09.231Z,circa-la,Circa LA,E3501,35,,3-bed,3 Bed,3,4.5,3984,22435,22435,22485,available_on,2026-08-24,,
2026-08-24T15:01:09.231Z,circa-la,Circa LA,E3505,35,,2-bed,2 Bed,2,2,1338,6188,6188,6238,available_on,2026-08-24,,
2026-08-24T15:01:09.231Z,circa-la,Circa LA,E3511,35,,3-bed,3 Bed,3,3.5,2878,14850,14850,14900,available_on,2026-08-24,,
2026-08-24T15:01:09.231Z,circa-la,Circa LA,W3502,35,,3-bed,3 Bed,3,4.5,3842,23359,23359,23409,available_on,2026-08-24,,
2026-08-24T15:01:09.231Z,circa-la,Circa LA,W3508,35,,2-bed,2 Bed,2,2,1524,8045,8045,8095,available_on,2026-10-31,,
2026-08-24T15:01:09.231Z,circa-la,Circa LA,W3512,35,,3-bed,3 Bed,3,3.5,2900,17398,17398,17448,available_on,2026-08-24,,
2026-08-24T23:41:12.415Z,825-south-hill,825 South Hill,201,2,A2,2-bed-den,2 Bed + Den,2,,1090,3909,5010,,available,,29417540,2413008
2026-08-24T23:41:12.415Z,825-south-hill,825 South Hill,301,3,A2,2-bed-den,2 Bed + Den,2,,1090,3924,5030,,available,,29417543,2413008
2026-08-24T23:41:12.415Z,825-south-hill,825 South Hill,302,3,B,2-bed,2 Bed,2,,993,3619,4647,,available,,29417544,2413011
2026-08-24T23:41:12.415Z,825-south-hill,825 South Hill,607,6,TH2,townhomes,Townhomes,,,1385,5578,7507,,available,,29417562,2413022
2026-08-24T23:41:12.415Z,825-south-hill,825 South Hill,1505,15,J,2-bed,2 Bed,2,,991,3788,4858,,available_on,2026-09-19,29417141,2413023
2026-08-24T23:41:12.415Z,825-south-hill,825 South Hill,4211,42,J1,2-bed,2 Bed,2,,988,4478,5743,,available_on,2026-09-05,29417134,2413026
2026-08-24T23:41:12.415Z,825-south-hill,825 South Hill,3012,30,K,1-bed,1 Bed,1,,670,3499,4457,,available_on,2026-10-12,29417188,2413027
2026-08-24T23:41:12.415Z,825-south-hill,825 South Hill,3412,34,K,1-bed,1 Bed,1,,670,3514,4496,,available_on,2026-08-29,29417189,2413027
2026-08-24T23:41:12.415Z,825-south-hill,825 South Hill,4312,43,K,1-bed,1 Bed,1,,670,3511,4492,,available,,29417198,2413027
2026-08-24T23:41:12.415Z,825-south-hill,825 South Hill,2901,29,K1,1-bed,1 Bed,1,,716,3514,4489,,available_on,2026-09-09,29417218,2413028
2026-08-24T23:41:12.415Z,825-south-hill,825 South Hill,3603,36,M,2-bed-den,2 Bed + Den,2,,1099,4514,5803,,available_on,2026-09-07,29417253,2413032
2026-08-24T23:41:12.415Z,825-south-hill,825 South Hill,3809,38,M1,2-bed-den,2 Bed + Den,2,,1109,4412,5655,,available,,29417286,2413033
2026-08-24T23:41:12.415Z,825-south-hill,825 South Hill,1504,15,N,jr-2-bed,Jr. 2 Bed,2,,792,3272,4207,,available,,29417296,2413034
2026-08-24T23:41:12.415Z,825-south-hill,825 South Hill,2204,22,N,jr-2-bed,Jr. 2 Bed,2,,792,3357,4312,,available_on,2026-09-28,29417302,2413034
2026-08-24T23:41:12.415Z,825-south-hill,825 South Hill,3704,37,N,jr-2-bed,Jr. 2 Bed,2,,792,3597,4621,,available_on,2026-09-14,29417313,2413034
2026-08-24T23:41:12.415Z,825-south-hill,825 South Hill,4204,42,N,jr-2-bed,Jr. 2 Bed,2,,792,3717,4780,,available,,29417317,2413034
2026-08-24T23:41:12.415Z,825-south-hill,825 South Hill,1910,19,N1,jr-2-bed,Jr. 2 Bed,2,,807,3172,4075,,available_on,2026-09-11,29417327,2413035
2026-08-24T23:41:12.415Z,825-south-hill,825 South Hill,3610,36,N1,jr-2-bed,Jr. 2 Bed,2,,807,3482,4477,,available_on,2026-08-29,29417341,2413035
2026-08-24T23:41:12.415Z,825-south-hill,825 South Hill,4110,41,N1,jr-2-bed,Jr. 2 Bed,2,,807,3545,4559,,available,,29417346,2413035
2026-08-24T23:41:12.415Z,825-south-hill,825 South Hill,4310,43,N1,jr-2-bed,Jr. 2 Bed,2,,807,3667,4700,,available_on,2026-10-07,29417348,2413035
2026-08-24T23:41:12.415Z,825-south-hill,825 South Hill,3902,39,O,1-bed,1 Bed,1,,538,3397,4302,,available_on,2026-10-10,29417415,2413037
2026-08-24T23:41:12.415Z,825-south-hill,825 South Hill,4602,46,O,1-bed,1 Bed,1,,538,3542,4471,,available_on,2026-11-07,29417390,2413037
2026-08-24T23:41:12.415Z,825-south-hill,825 South Hill,1107,11,O1,1-bed,1 Bed,1,,560,3052,3879,,available_on,2026-09-28,29417419,2413039
2026-08-24T23:41:12.415Z,825-south-hill,825 South Hill,2406,24,O3,1-bed,1 Bed,1,,562,3187,4036,,available_on,2026-10-02,29417461,2522879
2026-08-24T23:41:12.415Z,825-south-hill,825 South Hill,4703,47,SKY6,skyhomes,Skyhomes,,,1125,5099,6576,,available,,38097680,2413050
2026-08-24T23:41:12.415Z,atelier,Atelier,0707,7,,1-bed,1 Bed,1,1,778,3355,3355,3372,available_on,2026-10-22,,
2026-08-24T23:41:12.415Z,atelier,Atelier,0806,8,,1-bed,1 Bed,1,1,829,3835,3835,3852,available_on,2026-10-02,,
2026-08-24T23:41:12.415Z,atelier,Atelier,1012,10,,1-bed,1 Bed,1,1,685,3615,3615,3632,available_on,2026-09-09,,
2026-08-24T23:41:12.415Z,atelier,Atelier,1402,14,,1-bed,1 Bed,1,1,622,3405,3405,3422,available_on,2026-11-07,,
2026-08-24T23:41:12.415Z,atelier,Atelier,1407,14,,1-bed,1 Bed,1,1,778,3505,3505,3522,available_on,2026-10-07,,
2026-08-24T23:41:12.415Z,atelier,Atelier,1508,15,,1-bed,1 Bed,1,1,778,3520,3520,3537,available_on,2026-10-18,,
2026-08-24T23:41:12.415Z,atelier,Atelier,1905,19,,1-bed,1 Bed,1,1,778,3865,3865,3882,available_on,2026-09-15,,
2026-08-24T23:41:12.415Z,atelier,Atelier,2312,23,,1-bed,1 Bed,1,1,685,3930,3930,3947,available_on,2026-10-08,,
2026-08-24T23:41:12.415Z,atelier,Atelier,2401,24,,2-bed,2 Bed,2,2.5,1377,6405,6405,6422,available_on,2026-08-24,,
2026-08-24T23:41:12.415Z,atelier,Atelier,2404,24,,1-bed,1 Bed,1,1,829,4225,4225,4242,available_on,2026-08-24,,
2026-08-24T23:41:12.415Z,atelier,Atelier,2414,24,,2-bed,2 Bed,2,2,975,4658,4658,4675,available_on,2026-09-07,,
2026-08-24T23:41:12.415Z,atelier,Atelier,2501,25,,2-bed,2 Bed,2,2.5,1377,6425,6425,6442,available_on,2026-08-31,,
2026-08-24T23:41:12.415Z,atelier,Atelier,2504,25,,1-bed,1 Bed,1,1,829,4245,4245,4258,available_on,2026-10-28,,
2026-08-24T23:41:12.415Z,atelier,Atelier,2901,29,,2-bed,2 Bed,2,2.5,1377,6505,6505,6522,available_on,2026-08-24,,
2026-08-24T23:41:12.415Z,atelier,Atelier,3106,31,,1-bed,1 Bed,1,1,778,4180,4180,4197,available_on,2026-08-24,,
2026-08-24T23:41:12.415Z,atelier,Atelier,3108,31,,1-bed,1 Bed,1,1,685,4270,4270,4287,available_on,2026-08-24,,
2026-08-24T23:41:12.415Z,atelier,Atelier,3110,31,,1-bed,1 Bed,1,1,685,4355,4355,4372,available_on,2026-08-24,,
2026-08-24T23:41:12.415Z,atelier,Atelier,3210,32,,1-bed,1 Bed,1,1,685,4425,4425,4442,available_on,2026-08-24,,
2026-08-24T23:41:12.415Z,atelier,Atelier,PH01,,,2-bed,2 Bed,2,2.5,1470,8897,8897,8914,available_on,2026-08-24,,
2026-08-24T23:41:12.415Z,atelier,Atelier,PH08,,,3-bed,3 Bed,3,3,1731,9173,9173,9190,available_on,2026-08-24,,
2026-08-24T23:41:12.415Z,eighth-and-grand,Eighth & Grand,0-2017,,,1-bed,1 Bed,1,1,762,2479,2479,2498,available_on,2026-09-10,,
2026-08-24T23:41:12.415Z,eighth-and-grand,Eighth & Grand,0-2037,,,1-bed,1 Bed,1,1,762,2479,2479,2498,available_on,2026-09-15,,
2026-08-24T23:41:12.415Z,eighth-and-grand,Eighth & Grand,0-2041,,,1-bed,1 Bed,1,1,762,2479,2479,2498,available_on,2026-09-05,,
2026-08-24T23:41:12.415Z,eighth-and-grand,Eighth & Grand,0-2051,,,2-bed,2 Bed,2,2.5,1094,3786,3786,3805,available_on,2026-08-24,,
2026-08-24T23:41:12.415Z,eighth-and-grand,Eighth & Grand,0-2077,,,1-bed,1 Bed,1,1,578,2240,2240,2259,available_on,2026-09-26,,
2026-08-24T23:41:12.415Z,eighth-and-grand,Eighth & Grand,0-2102,,,studio,Studio,0,1,527,2157,2157,2176,available_on,2026-10-17,,
2026-08-24T23:41:12.415Z,eighth-and-grand,Eighth & Grand,0-2152,,,studio,Studio,0,1,540,2162,2162,2181,available_on,2026-10-16,,
2026-08-24T23:41:12.415Z,eighth-and-grand,Eighth & Grand,0-2153,,,2-bed,2 Bed,2,2,1168,3541,3541,3560,available_on,2026-08-24,,
2026-08-24T23:41:12.415Z,eighth-and-grand,Eighth & Grand,0-2161,,,2-bed,2 Bed,2,2,1109,3336,3336,3355,available_on,2026-10-10,,
2026-08-24T23:41:12.415Z,eighth-and-grand,Eighth & Grand,0-3028,,,1-bed,1 Bed,1,1,779,2799,2799,2818,available_on,2026-08-24,,
2026-08-24T23:41:12.415Z,eighth-and-grand,Eighth & Grand,0-3104,,,1-bed,1 Bed,1,1,802,2664,2664,2683,available_on,2026-09-28,,
2026-08-24T23:41:12.415Z,eighth-and-grand,Eighth & Grand,0-3136,,,1-bed,1 Bed,1,1,777,2339,2339,2358,available_on,2026-10-12,,
2026-08-24T23:41:12.415Z,eighth-and-grand,Eighth & Grand,0-4003,,,1-bed,1 Bed,1,1,880,2824,2824,2843,available_on,2026-08-24,,
2026-08-24T23:41:12.415Z,eighth-and-grand,Eighth & Grand,0-4028,,,1-bed,1 Bed,1,1,779,2819,2819,2838,available_on,2026-10-09,,
2026-08-24T23:41:12.415Z,eighth-and-grand,Eighth & Grand,0-4071,,,1-bed,1 Bed,1,1,840,2444,2444,2463,available_on,2026-10-23,,
2026-08-24T23:41:12.415Z,eighth-and-grand,Eighth & Grand,0-4080,,,1-bed,1 Bed,1,1,777,2334,2334,2349,available_on,2026-09-29,,
2026-08-24T23:41:12.415Z,eighth-and-grand,Eighth & Grand,0-4108,,,studio,Studio,0,1,540,2287,2287,2302,available_on,2026-08-28,,
2026-08-24T23:41:12.415Z,eighth-and-grand,Eighth & Grand,0-4114,,,studio,Studio,0,1,520,2242,2242,2261,available_on,2026-10-15,,
2026-08-24T23:41:12.415Z,eighth-and-grand,Eighth & Grand,0-4139,,,1-bed,1 Bed,1,1,578,2415,2415,2434,available_on,2026-08-24,,
2026-08-24T23:41:12.415Z,eighth-and-grand,Eighth & Grand,0-5026,,,1-bed,1 Bed,1,1,779,2879,2879,2898,available_on,2026-08-24,,
2026-08-24T23:41:12.415Z,eighth-and-grand,Eighth & Grand,0-5029,,,1-bed,1 Bed,1,1,880,2964,2964,2983,available_on,2026-08-24,,
2026-08-24T23:41:12.415Z,eighth-and-grand,Eighth & Grand,0-5034,,,2-bed,2 Bed,2,2,1046,3346,3346,3365,available_on,2026-08-24,,
2026-08-24T23:41:12.415Z,eighth-and-grand,Eighth & Grand,0-5035,,,1-bed,1 Bed,1,1,880,2889,2889,2908,available_on,2026-08-24,,
2026-08-24T23:41:12.415Z,eighth-and-grand,Eighth & Grand,0-5046,,,1-bed,1 Bed,1,1,578,2460,2460,2479,available_on,2026-09-20,,
2026-08-24T23:41:12.415Z,eighth-and-grand,Eighth & Grand,0-5086,,,1-bed,1 Bed,1,1,777,2479,2479,2494,available_on,2026-10-06,,
2026-08-24T23:41:12.415Z,eighth-and-grand,Eighth & Grand,0-5094,,,1-bed,1 Bed,1,1,715,2729,2729,2748,available_on,2026-08-24,,
2026-08-24T23:41:12.415Z,eighth-and-grand,Eighth & Grand,0-5096,,,1-bed,1 Bed,1,1,584,2564,2564,2583,available_on,2026-08-30,,
2026-08-24T23:41:12.415Z,eighth-and-grand,Eighth & Grand,0-5153,,,2-bed,2 Bed,2,2,1278,3991,3991,4010,available_on,2026-09-23,,
2026-08-24T23:41:12.415Z,eighth-and-grand,Eighth & Grand,0-5162,,,studio,Studio,0,1,520,2252,2252,2271,available_on,2026-10-30,,
2026-08-24T23:41:12.415Z,eighth-and-grand,Eighth & Grand,0-6002,,,1-bed,1 Bed,1,1,639,2529,2529,2548,available_on,2026-08-24,,
2026-08-24T23:41:12.415Z,eighth-and-grand,Eighth & Grand,0-6011,,,1-bed,1 Bed,1,1,880,2939,2939,2958,available_on,2026-08-24,,
2026-08-24T23:41:12.415Z,eighth-and-grand,Eighth & Grand,0-6017,,,1-bed,1 Bed,1,1,880,2989,2989,3008,available_on,2026-08-24,,
2026-08-24T23:41:12.415Z,eighth-and-grand,Eighth & Grand,0-6035,,,1-bed,1 Bed,1,1,762,2809,2809,2828,available_on,2026-09-02,,
2026-08-24T23:41:12.415Z,eighth-and-grand,Eighth & Grand,0-6037,,,1-bed,1 Bed,1,1,762,2904,2904,2923,available_on,2026-08-24,,
2026-08-24T23:41:12.415Z,eighth-and-grand,Eighth & Grand,0-6057,,,2-bed,2 Bed,2,2,1211,3666,3666,3685,available_on,2026-09-06,,
2026-08-24T23:41:12.415Z,eighth-and-grand,Eighth & Grand,0-6066,,,1-bed,1 Bed,1,1,762,2804,2804,2823,available_on,2026-08-24,,
2026-08-24T23:41:12.415Z,eighth-and-grand,Eighth & Grand,0-6068,,,1-bed,1 Bed,1,1,579,2374,2374,2393,available_on,2026-09-18,,
2026-08-24T23:41:12.415Z,eighth-and-grand,Eighth & Grand,0-6071,,,1-bed,1 Bed,1,1,840,2544,2544,2563,available_on,2026-09-09,,
2026-08-24T23:41:12.415Z,eighth-and-grand,Eighth & Grand,0-6094,,,1-bed,1 Bed,1,1,715,2854,2854,2873,available_on,2026-08-24,,
2026-08-24T23:41:12.415Z,eighth-and-grand,Eighth & Grand,0-6137,,,1-bed,1 Bed,1,1,578,2465,2465,2484,available_on,2026-09-10,,
2026-08-24T23:41:12.415Z,eighth-and-grand,Eighth & Grand,0-6149,,,studio,Studio,0,1,558,2382,2382,2401,available_on,2026-08-25,,
2026-08-24T23:41:12.415Z,eighth-and-grand,Eighth & Grand,0-6152,,,studio,Studio,0,1,540,2387,2387,2406,available_on,2026-11-01,,
2026-08-24T23:41:12.415Z,eighth-and-grand,Eighth & Grand,0-6154,,,studio,Studio,0,1,520,2302,2302,2321,available_on,2026-11-07,,
2026-08-24T23:41:12.415Z,eighth-and-grand,Eighth & Grand,0-6166,,,1-bed,1 Bed,1,1,822,2854,2854,2873,available_on,2026-09-28,,
2026-08-24T23:41:12.415Z,eighth-and-grand,Eighth & Grand,0-7024,,,1-bed,1 Bed,1,1,791,2809,2809,2828,available_on,2026-08-24,,
2026-08-24T23:41:12.415Z,eighth-and-grand,Eighth & Grand,0-7042,,,1-bed,1 Bed,1,1,578,2385,2385,2404,available_on,2026-08-24,,
2026-08-24T23:41:12.415Z,eighth-and-grand,Eighth & Grand,0-7066,,,1-bed,1 Bed,1,1,762,2854,2854,2873,available_on,2026-08-24,,
2026-08-24T23:41:12.415Z,eighth-and-grand,Eighth & Grand,0-7071,,,1-bed,1 Bed,1,1,840,2869,2869,2888,available_on,2026-09-07,,
2026-08-24T23:41:12.415Z,eighth-and-grand,Eighth & Grand,0-7090,,,2-bed,2 Bed,2,1,976,3271,3271,3290,available_on,2026-08-24,,
2026-08-24T23:41:12.415Z,eighth-and-grand,Eighth & Grand,0-7145,,,2-bed,2 Bed,2,2,1099,4111,4111,4130,available_on,2026-10-01,,
2026-08-24T23:41:12.415Z,beaudry,Beaudry,B-1007,10,,studio,Studio,0,1,550,2660,2660,2676,available_on,2026-10-22,,
2026-08-24T23:41:12.415Z,beaudry,Beaudry,B-1104,11,,1-bed,1 Bed,1,1.5,875,3987,3987,4000,available_on,2026-10-27,,
2026-08-24T23:41:12.415Z,beaudry,Beaudry,B-1204,12,,1-bed,1 Bed,1,1.5,875,4052,4052,4068,available_on,2026-10-01,,
2026-08-24T23:41:12.415Z,beaudry,Beaudry,B-1401,14,,1-bed,1 Bed,1,1.5,818,4712,4712,4728,available_on,2026-09-29,,
2026-08-24T23:41:12.415Z,beaudry,Beaudry,B-1409,14,,1-bed,1 Bed,1,1,860,4952,4952,4968,available_on,2026-09-10,,
2026-08-24T23:41:12.415Z,beaudry,Beaudry,B-1416,14,,2-bed,2 Bed,2,2,1192,6322,6322,6338,available_on,2026-09-06,,
2026-08-24T23:41:12.415Z,beaudry,Beaudry,B-1502,15,,studio,Studio,0,1,539,2695,2695,2708,available_on,2026-10-07,,
2026-08-24T23:41:12.415Z,beaudry,Beaudry,B-1602,16,,studio,Studio,0,1,539,2705,2705,2721,available_on,2026-10-09,,
2026-08-24T23:41:12.415Z,beaudry,Beaudry,B-1714,17,,1-bed,1 Bed,1,1,802,4157,4157,4173,available_on,2026-09-16,,
2026-08-24T23:41:12.415Z,beaudry,Beaudry,B-1804,18,,1-bed,1 Bed,1,1.5,875,4102,4102,4118,available_on,2026-09-21,,
2026-08-24T23:41:12.415Z,beaudry,Beaudry,B-1806,18,,1-bed,1 Bed,1,1,868,4332,4332,4345,available_on,2026-10-10,,
2026-08-24T23:41:12.415Z,beaudry,Beaudry,B-1904,19,,1-bed,1 Bed,1,1.5,891,4077,4077,4093,available_on,2026-09-18,,
2026-08-24T23:41:12.415Z,beaudry,Beaudry,B-2004,20,,1-bed,1 Bed,1,1.5,891,4087,4087,4100,available_on,2026-10-04,,
2026-08-24T23:41:12.415Z,beaudry,Beaudry,B-2008,20,,2-bed,2 Bed,2,2,1200,6737,6737,6753,available_on,2026-08-24,,
2026-08-24T23:41:12.415Z,beaudry,Beaudry,B-2009,20,,1-bed,1 Bed,1,1,860,5012,5012,5025,available_on,2026-08-30,,
2026-08-24T23:41:12.415Z,beaudry,Beaudry,B-2013,20,,2-bed,2 Bed,2,2,1192,6057,6057,6073,available_on,2026-09-16,,
2026-08-24T23:41:12.415Z,beaudry,Beaudry,B-2014,20,,1-bed,1 Bed,1,1,817,4287,4287,4303,available_on,2026-10-23,,
2026-08-24T23:41:12.415Z,beaudry,Beaudry,B-2101,21,,1-bed,1 Bed,1,1.5,818,4782,4782,4798,available_on,2026-09-18,,
2026-08-24T23:41:12.415Z,beaudry,Beaudry,B-2111,21,,studio,Studio,0,1,514,2585,2585,2601,available_on,2026-10-20,,
2026-08-24T23:41:12.415Z,beaudry,Beaudry,B-2114,21,,1-bed,1 Bed,1,1,817,4297,4297,4313,available_on,2026-09-21,,
2026-08-24T23:41:12.415Z,beaudry,Beaudry,B-2204,22,,1-bed,1 Bed,1,1.5,891,4107,4107,4123,available_on,2026-09-29,,
2026-08-24T23:41:12.415Z,beaudry,Beaudry,B-2313,23,,2-bed,2 Bed,2,2,1192,6087,6087,6103,available_on,2026-08-24,,
2026-08-24T23:41:12.415Z,beaudry,Beaudry,B-2413,24,,2-bed,2 Bed,2,2,1192,6097,6097,6113,available_on,2026-09-12,,
2026-08-24T23:41:12.415Z,beaudry,Beaudry,B-2415,24,,1-bed,1 Bed,1,1,568,3091,3091,3107,available_on,2026-10-08,,
2026-08-24T23:41:12.415Z,beaudry,Beaudry,B-2514,25,,1-bed,1 Bed,1,1,817,4337,4337,4353,available_on,2026-09-16,,
2026-08-24T23:41:12.415Z,beaudry,Beaudry,B-2803,28,,1-bed,1 Bed,1,1,627,3206,3206,3219,available_on,2026-10-02,,
2026-08-24T23:41:12.415Z,beaudry,Beaudry,B-2805,28,,1-bed,1 Bed,1,1,939,4572,4572,4588,available_on,2026-10-01,,
2026-08-24T23:41:12.415Z,beaudry,Beaudry,B-3005,30,,1-bed,1 Bed,1,1,939,4592,4592,4608,available_on,2026-09-27,,
2026-08-24T23:41:12.415Z,beaudry,Beaudry,B-3008,30,,2-bed,2 Bed,2,2,1200,6927,6927,6943,available_on,2026-09-01,,
2026-08-24T23:41:12.415Z,beaudry,Beaudry,B-3205,32,,1-bed,1 Bed,1,1,939,4612,4612,4628,available_on,2026-10-14,,
2026-08-24T23:41:12.415Z,beaudry,Beaudry,B-3310,33,,1-bed,1 Bed,1,1,594,3116,3116,3132,available_on,2026-10-08,,
2026-08-24T23:41:12.415Z,beaudry,Beaudry,B-3401,34,,1-bed,1 Bed,1,1.5,818,4912,4912,4925,available_on,2026-10-02,,
2026-08-24T23:41:12.415Z,beaudry,Beaudry,B-3406,34,,1-bed,1 Bed,1,1,882,4517,4517,4533,available_on,2026-10-16,,
2026-08-24T23:41:12.415Z,beaudry,Beaudry,B-3709,37,,1-bed,1 Bed,1,1,860,5357,5357,5373,available_on,2026-10-24,,
2026-08-24T23:41:12.415Z,beaudry,Beaudry,B-3713,37,,2-bed,2 Bed,2,2,1192,6252,6252,6268,available_on,2026-08-24,,
2026-08-24T23:41:12.415Z,beaudry,Beaudry,B-4002,40,,studio,Studio,0,1,539,2970,2970,2986,available_on,2026-10-22,,
2026-08-24T23:41:12.415Z,beaudry,Beaudry,B-4011,40,,studio,Studio,0,1,514,2800,2800,2816,available_on,2026-10-01,,
2026-08-24T23:41:12.415Z,beaudry,Beaudry,B-4105,41,,1-bed,1 Bed,1,1.5,1044,4617,4617,4633,available_on,2026-09-30,,
2026-08-24T23:41:12.415Z,beaudry,Beaudry,B-4303,43,,1-bed,1 Bed,1,1,627,3381,3381,3397,available_on,2026-10-11,,
2026-08-24T23:41:12.415Z,beaudry,Beaudry,B-4413,44,,2-bed,2 Bed,2,2,1192,6322,6322,6335,available_on,2026-08-26,,
2026-08-24T23:41:12.415Z,beaudry,Beaudry,B-4504,45,,1-bed,1 Bed,1,1.5,1134,4977,4977,4993,available_on,2026-09-05,,
2026-08-24T23:41:12.415Z,beaudry,Beaudry,B-4507,45,,studio,Studio,0,1,550,3180,3180,3196,available_on,2026-10-08,,
2026-08-24T23:41:12.415Z,beaudry,Beaudry,B-4704,47,,1-bed,1 Bed,1,1.5,1134,4997,4997,5013,available_on,2026-09-24,,
2026-08-24T23:41:12.415Z,beaudry,Beaudry,B-4707,47,,studio,Studio,0,1,550,3200,3200,3216,available_on,2026-10-17,,
2026-08-24T23:41:12.415Z,beaudry,Beaudry,B-4713,47,,2-bed,2 Bed,2,2,1192,6352,6352,6368,available_on,2026-11-03,,
2026-08-24T23:41:12.415Z,beaudry,Beaudry,B-4910,49,,1-bed,1 Bed,1,1.5,926,4355,4355,4371,available_on,2026-10-10,,
2026-08-24T23:41:12.415Z,beaudry,Beaudry,B-5209,52,,2-bed,2 Bed,2,2,1230,6295,6295,6311,available_on,2026-09-15,,
2026-08-24T23:41:12.415Z,beaudry,Beaudry,B-5405,54,,3-bed,3 Bed,3,2.5,1734,9049,9049,9065,available_on,2026-10-05,,
2026-08-24T23:41:12.415Z,beaudry,Beaudry,B-5607,56,,1-bed,1 Bed,1,1,1006,5610,5610,5623,available_on,2026-08-24,,
2026-08-24T23:41:12.415Z,circa-la,Circa LA,W3206,32,,1-bed,1 Bed,1,1,745,3358,3358,3408,available_on,2026-08-24,,
2026-08-24T23:41:12.415Z,circa-la,Circa LA,W3208,32,,1-bed,1 Bed,1,1,770,3636,3636,3686,available_on,2026-08-24,,
2026-08-24T23:41:12.415Z,circa-la,Circa LA,W2708,27,,1-bed,1 Bed,1,1,770,3485,3485,3535,available_on,2026-08-24,,
2026-08-24T23:41:12.415Z,circa-la,Circa LA,W2618,26,,1-bed,1 Bed,1,1,923,4069,4069,4119,available_on,2026-08-27,,
2026-08-24T23:41:12.415Z,circa-la,Circa LA,W2518,25,,1-bed,1 Bed,1,1,923,3902,3902,3952,available_on,2026-08-24,,
2026-08-24T23:41:12.415Z,circa-la,Circa LA,W2006,20,,1-bed,1 Bed,1,1,745,3388,3388,3438,available_on,2026-09-14,,
2026-08-24T23:41:12.415Z,circa-la,Circa LA,W1708,17,,1-bed,1 Bed,1,1,770,3327,3327,3377,available_on,2026-08-24,,
2026-08-24T23:41:12.415Z,circa-la,Circa LA,W1724,17,,2-bed,2 Bed,2,2,1463,4755,4755,4805,available_on,2026-10-28,,
2026-08-24T23:41:12.415Z,circa-la,Circa LA,W1624,16,,2-bed,2 Bed,2,2,1463,4747,4747,4797,available_on,2026-09-03,,
2026-08-24T23:41:12.415Z,circa-la,Circa LA,W1412,14,,2-bed,2 Bed,2,2.5,1762,5527,5527,5577,available_on,2026-09-26,,
2026-08-24T23:41:12.415Z,circa-la,Circa LA,W1120,11,,1-bed,1 Bed,1,1,927,3335,3335,3385,available_on,2026-09-18,,
2026-08-24T23:41:12.415Z,circa-la,Circa LA,W924,9,,2-bed,2 Bed,2,2,1463,4601,4601,4651,available_on,2026-08-24,,
2026-08-24T23:41:12.415Z,circa-la,Circa LA,W820,8,,1-bed,1 Bed,1,1,927,4081,4081,4131,available_on,2026-08-24,,
2026-08-24T23:41:12.415Z,circa-la,Circa LA,E3201,32,,1-bed,1 Bed,1,1,627,3114,3114,3164,available_on,2026-08-24,,
2026-08-24T23:41:12.415Z,circa-la,Circa LA,E3221,32,,1-bed,1 Bed,1,1,871,3737,3737,3787,available_on,2026-08-24,,
2026-08-24T23:41:12.415Z,circa-la,Circa LA,E2911,29,,2-bed,2 Bed,2,2.5,1762,5690,5690,5740,available_on,2026-08-26,,
2026-08-24T23:41:12.415Z,circa-la,Circa LA,E2917,29,,1-bed,1 Bed,1,1,923,3872,3872,3922,available_on,2026-09-05,,
2026-08-24T23:41:12.415Z,circa-la,Circa LA,E2921,29,,1-bed,1 Bed,1,1,871,3644,3644,3694,available_on,2026-10-04,,
2026-08-24T23:41:12.415Z,circa-la,Circa LA,E2501,25,,1-bed,1 Bed,1,1,627,2876,2876,2926,available_on,2026-09-17,,
2026-08-24T23:41:12.415Z,circa-la,Circa LA,E2411,24,,2-bed,2 Bed,2,2.5,1762,5576,5576,5626,available_on,2026-09-05,,
2026-08-24T23:41:12.415Z,circa-la,Circa LA,E2419,24,,1-bed,1 Bed,1,1,927,3530,3530,3580,available_on,2026-09-21,,
2026-08-24T23:41:12.415Z,circa-la,Circa LA,E1813,18,,2-bed,2 Bed,2,2.5,1898,5978,5978,6028,available_on,2026-08-24,,
2026-08-24T23:41:12.415Z,circa-la,Circa LA,E1601,16,,1-bed,1 Bed,1,1,627,2742,2742,2792,available_on,2026-09-11,,
2026-08-24T23:41:12.415Z,circa-la,Circa LA,E1115,11,,1-bed,1 Bed,1,1,868,3269,3269,3319,available_on,2026-10-04,,
2026-08-24T23:41:12.415Z,circa-la,Circa LA,E825,8,,2-bed,2 Bed,2,2,1285,4472,4472,4522,available_on,2026-08-24,,
2026-08-24T23:41:12.415Z,circa-la,Circa LA,E3301,33,,3-bed,3 Bed,3,4.5,3984,19486,19486,19536,available_on,2026-08-24,,
2026-08-24T23:41:12.415Z,circa-la,Circa LA,E3305,33,,2-bed,2 Bed,2,2,1338,5973,5973,6023,available_on,2026-09-02,,
2026-08-24T23:41:12.415Z,circa-la,Circa LA,W3302,33,,3-bed,3 Bed,3,4.5,3842,22551,22551,22601,available_on,2026-08-24,,
2026-08-24T23:41:12.415Z,circa-la,Circa LA,W3312,33,,3-bed,3 Bed,3,3.5,2900,17028,17028,17078,available_on,2026-08-24,,
2026-08-24T23:41:12.415Z,circa-la,Circa LA,E3411,34,,3-bed,3 Bed,3,3.5,2878,13046,13046,13096,available_on,2026-08-24,,
2026-08-24T23:41:12.415Z,circa-la,Circa LA,W3402,34,,3-bed,3 Bed,3,4.5,3842,22643,22643,22693,available_on,2026-08-24,,
2026-08-24T23:41:12.415Z,circa-la,Circa LA,W3406,34,,2-bed,2 Bed,2,2,1338,7315,7315,7365,available_on,2026-09-01,,
2026-08-24T23:41:12.415Z,circa-la,Circa LA,E3501,35,,3-bed,3 Bed,3,4.5,3984,22435,22435,22485,available_on,2026-08-24,,
2026-08-24T23:41:12.415Z,circa-la,Circa LA,E3505,35,,2-bed,2 Bed,2,2,1338,6188,6188,6238,available_on,2026-08-24,,
2026-08-24T23:41:12.415Z,circa-la,Circa LA,E3511,35,,3-bed,3 Bed,3,3.5,2878,14850,14850,14900,available_on,2026-08-24,,
2026-08-24T23:41:12.415Z,circa-la,Circa LA,W3502,35,,3-bed,3 Bed,3,4.5,3842,23359,23359,23409,available_on,2026-08-24,,
2026-08-24T23:41:12.415Z,circa-la,Circa LA,W3508,35,,2-bed,2 Bed,2,2,1524,8045,8045,8095,available_on,2026-10-31,,
2026-08-24T23:41:12.415Z,circa-la,Circa LA,W3512,35,,3-bed,3 Bed,3,3.5,2900,17398,17398,17448,available_on,2026-08-24,,
2026-08-25T15:06:16.617Z,825-south-hill,825 South Hill,201,2,A2,2-bed-den,2 Bed + Den,2,,1090,3909,5010,,available,,29417540,2413008
2026-08-25T15:06:16.617Z,825-south-hill,825 South Hill,301,3,A2,2-bed-den,2 Bed + Den,2,,1090,3924,5030,,available,,29417543,2413008
2026-08-25T15:06:16.617Z,825-south-hill,825 South Hill,302,3,B,2-bed,2 Bed,2,,993,3619,4647,,available,,29417544,2413011
2026-08-25T15:06:16.617Z,825-south-hill,825 South Hill,607,6,TH2,townhomes,Townhomes,,,1385,5578,7507,,available,,29417562,2413022
2026-08-25T15:06:16.617Z,825-south-hill,825 South Hill,1505,15,J,2-bed,2 Bed,2,,991,3788,4858,,available_on,2026-09-19,29417141,2413023
2026-08-25T15:06:16.617Z,825-south-hill,825 South Hill,4211,42,J1,2-bed,2 Bed,2,,988,4478,5743,,available_on,2026-09-05,29417134,2413026
2026-08-25T15:06:16.617Z,825-south-hill,825 South Hill,3012,30,K,1-bed,1 Bed,1,,670,3499,4457,,available_on,2026-10-12,29417188,2413027
2026-08-25T15:06:16.617Z,825-south-hill,825 South Hill,3412,34,K,1-bed,1 Bed,1,,670,3514,4496,,available_on,2026-08-29,29417189,2413027
2026-08-25T15:06:16.617Z,825-south-hill,825 South Hill,4312,43,K,1-bed,1 Bed,1,,670,3511,4492,,available,,29417198,2413027
2026-08-25T15:06:16.617Z,825-south-hill,825 South Hill,2901,29,K1,1-bed,1 Bed,1,,716,3514,4489,,available_on,2026-09-09,29417218,2413028
2026-08-25T15:06:16.617Z,825-south-hill,825 South Hill,3603,36,M,2-bed-den,2 Bed + Den,2,,1099,4514,5803,,available_on,2026-09-07,29417253,2413032
2026-08-25T15:06:16.617Z,825-south-hill,825 South Hill,3809,38,M1,2-bed-den,2 Bed + Den,2,,1109,4412,5655,,available,,29417286,2413033
2026-08-25T15:06:16.617Z,825-south-hill,825 South Hill,1504,15,N,jr-2-bed,Jr. 2 Bed,2,,792,3223,4145,,available,,29417296,2413034
2026-08-25T15:06:16.617Z,825-south-hill,825 South Hill,2204,22,N,jr-2-bed,Jr. 2 Bed,2,,792,3308,4250,,available_on,2026-09-28,29417302,2413034
2026-08-25T15:06:16.617Z,825-south-hill,825 South Hill,3704,37,N,jr-2-bed,Jr. 2 Bed,2,,792,3548,4558,,available_on,2026-09-14,29417313,2413034
2026-08-25T15:06:16.617Z,825-south-hill,825 South Hill,4204,42,N,jr-2-bed,Jr. 2 Bed,2,,792,3668,4717,,available,,29417317,2413034
2026-08-25T15:06:16.617Z,825-south-hill,825 South Hill,1910,19,N1,jr-2-bed,Jr. 2 Bed,2,,807,3123,4012,,available_on,2026-09-11,29417327,2413035
2026-08-25T15:06:16.617Z,825-south-hill,825 South Hill,3610,36,N1,jr-2-bed,Jr. 2 Bed,2,,807,3433,4415,,available_on,2026-08-29,29417341,2413035
2026-08-25T15:06:16.617Z,825-south-hill,825 South Hill,4110,41,N1,jr-2-bed,Jr. 2 Bed,2,,807,3496,4496,,available,,29417346,2413035
2026-08-25T15:06:16.617Z,825-south-hill,825 South Hill,4310,43,N1,jr-2-bed,Jr. 2 Bed,2,,807,3618,4637,,available_on,2026-10-07,29417348,2413035
2026-08-25T15:06:16.617Z,825-south-hill,825 South Hill,3902,39,O,1-bed,1 Bed,1,,538,3397,4302,,available_on,2026-10-10,29417415,2413037
2026-08-25T15:06:16.617Z,825-south-hill,825 South Hill,4602,46,O,1-bed,1 Bed,1,,538,3542,4471,,available_on,2026-11-07,29417390,2413037
2026-08-25T15:06:16.617Z,825-south-hill,825 South Hill,1107,11,O1,1-bed,1 Bed,1,,560,3052,3879,,available_on,2026-09-28,29417419,2413039
2026-08-25T15:06:16.617Z,825-south-hill,825 South Hill,2406,24,O3,1-bed,1 Bed,1,,562,3187,4036,,available_on,2026-10-02,29417461,2522879
2026-08-25T15:06:16.617Z,atelier,Atelier,0707,7,,1-bed,1 Bed,1,1,778,3376,3376,3393,available_on,2026-10-22,,
2026-08-25T15:06:16.617Z,atelier,Atelier,0806,8,,1-bed,1 Bed,1,1,829,3856,3856,3873,available_on,2026-10-02,,
2026-08-25T15:06:16.617Z,atelier,Atelier,1402,14,,1-bed,1 Bed,1,1,622,3426,3426,3443,available_on,2026-11-07,,
2026-08-25T15:06:16.617Z,atelier,Atelier,1407,14,,1-bed,1 Bed,1,1,778,3526,3526,3543,available_on,2026-10-07,,
2026-08-25T15:06:16.617Z,atelier,Atelier,1508,15,,1-bed,1 Bed,1,1,778,3541,3541,3558,available_on,2026-10-18,,
2026-08-25T15:06:16.617Z,atelier,Atelier,1905,19,,1-bed,1 Bed,1,1,778,3886,3886,3903,available_on,2026-09-15,,
2026-08-25T15:06:16.617Z,atelier,Atelier,2312,23,,1-bed,1 Bed,1,1,685,3951,3951,3968,available_on,2026-10-08,,
2026-08-25T15:06:16.617Z,atelier,Atelier,2401,24,,2-bed,2 Bed,2,2.5,1377,6425,6425,6442,available_on,2026-08-25,,
2026-08-25T15:06:16.617Z,atelier,Atelier,2404,24,,1-bed,1 Bed,1,1,829,4246,4246,4263,available_on,2026-08-25,,
2026-08-25T15:06:16.617Z,atelier,Atelier,2414,24,,2-bed,2 Bed,2,2,975,4678,4678,4695,available_on,2026-09-07,,
2026-08-25T15:06:16.617Z,atelier,Atelier,2501,25,,2-bed,2 Bed,2,2.5,1377,6445,6445,6462,available_on,2026-08-31,,
2026-08-25T15:06:16.617Z,atelier,Atelier,2504,25,,1-bed,1 Bed,1,1,829,4266,4266,4279,available_on,2026-10-28,,
2026-08-25T15:06:16.617Z,atelier,Atelier,2901,29,,2-bed,2 Bed,2,2.5,1377,6525,6525,6542,available_on,2026-08-25,,
2026-08-25T15:06:16.617Z,atelier,Atelier,3001,30,,2-bed,2 Bed,2,2.5,1377,6635,6635,6648,available_on,2026-09-21,,
2026-08-25T15:06:16.617Z,atelier,Atelier,3106,31,,1-bed,1 Bed,1,1,778,4201,4201,4218,available_on,2026-08-25,,
2026-08-25T15:06:16.617Z,atelier,Atelier,3108,31,,1-bed,1 Bed,1,1,685,4291,4291,4308,available_on,2026-08-25,,
2026-08-25T15:06:16.617Z,atelier,Atelier,3110,31,,1-bed,1 Bed,1,1,685,4376,4376,4393,available_on,2026-08-25,,
2026-08-25T15:06:16.617Z,atelier,Atelier,3210,32,,1-bed,1 Bed,1,1,685,4446,4446,4463,available_on,2026-08-25,,
2026-08-25T15:06:16.617Z,atelier,Atelier,PH01,,,2-bed,2 Bed,2,2.5,1470,8917,8917,8934,available_on,2026-08-25,,
2026-08-25T15:06:16.617Z,atelier,Atelier,PH08,,,3-bed,3 Bed,3,3,1731,9193,9193,9210,available_on,2026-08-25,,
2026-08-25T15:06:16.617Z,eighth-and-grand,Eighth & Grand,0-2017,,,1-bed,1 Bed,1,1,762,2458,2458,2477,available_on,2026-09-10,,
2026-08-25T15:06:16.617Z,eighth-and-grand,Eighth & Grand,0-2037,,,1-bed,1 Bed,1,1,762,2458,2458,2477,available_on,2026-09-15,,
2026-08-25T15:06:16.617Z,eighth-and-grand,Eighth & Grand,0-2041,,,1-bed,1 Bed,1,1,762,2458,2458,2477,available_on,2026-09-05,,
2026-08-25T15:06:16.617Z,eighth-and-grand,Eighth & Grand,0-2051,,,2-bed,2 Bed,2,2.5,1094,3823,3823,3842,available_on,2026-08-25,,
2026-08-25T15:06:16.617Z,eighth-and-grand,Eighth & Grand,0-2077,,,1-bed,1 Bed,1,1,578,2248,2248,2267,available_on,2026-09-26,,
2026-08-25T15:06:16.617Z,eighth-and-grand,Eighth & Grand,0-2102,,,studio,Studio,0,1,527,2165,2165,2184,available_on,2026-10-17,,
2026-08-25T15:06:16.617Z,eighth-and-grand,Eighth & Grand,0-2152,,,studio,Studio,0,1,540,2170,2170,2189,available_on,2026-10-16,,
2026-08-25T15:06:16.617Z,eighth-and-grand,Eighth & Grand,0-2153,,,2-bed,2 Bed,2,2,1168,3578,3578,3597,available_on,2026-08-25,,
2026-08-25T15:06:16.617Z,eighth-and-grand,Eighth & Grand,0-2161,,,2-bed,2 Bed,2,2,1109,3373,3373,3392,available_on,2026-10-10,,
2026-08-25T15:06:16.617Z,eighth-and-grand,Eighth & Grand,0-3028,,,1-bed,1 Bed,1,1,779,2778,2778,2797,available_on,2026-08-25,,
2026-08-25T15:06:16.617Z,eighth-and-grand,Eighth & Grand,0-3104,,,1-bed,1 Bed,1,1,802,2643,2643,2662,available_on,2026-09-28,,
2026-08-25T15:06:16.617Z,eighth-and-grand,Eighth & Grand,0-3136,,,1-bed,1 Bed,1,1,777,2318,2318,2337,available_on,2026-10-12,,
2026-08-25T15:06:16.617Z,eighth-and-grand,Eighth & Grand,0-4003,,,1-bed,1 Bed,1,1,880,2803,2803,2822,available_on,2026-08-25,,
2026-08-25T15:06:16.617Z,eighth-and-grand,Eighth & Grand,0-4028,,,1-bed,1 Bed,1,1,779,2798,2798,2817,available_on,2026-10-09,,
2026-08-25T15:06:16.617Z,eighth-and-grand,Eighth & Grand,0-4071,,,1-bed,1 Bed,1,1,840,2423,2423,2442,available_on,2026-10-23,,
2026-08-25T15:06:16.617Z,eighth-and-grand,Eighth & Grand,0-4080,,,1-bed,1 Bed,1,1,777,2313,2313,2328,available_on,2026-09-29,,
2026-08-25T15:06:16.617Z,eighth-and-grand,Eighth & Grand,0-4108,,,studio,Studio,0,1,540,2295,2295,2310,available_on,2026-08-28,,
2026-08-25T15:06:16.617Z,eighth-and-grand,Eighth & Grand,0-4114,,,studio,Studio,0,1,520,2250,2250,2269,available_on,2026-10-15,,
2026-08-25T15:06:16.617Z,eighth-and-grand,Eighth & Grand,0-4139,,,1-bed,1 Bed,1,1,578,2423,2423,2442,available_on,2026-08-25,,
2026-08-25T15:06:16.617Z,eighth-and-grand,Eighth & Grand,0-5026,,,1-bed,1 Bed,1,1,779,2858,2858,2877,available_on,2026-08-25,,
2026-08-25T15:06:16.617Z,eighth-and-grand,Eighth & Grand,0-5029,,,1-bed,1 Bed,1,1,880,2943,2943,2962,available_on,2026-08-25,,
2026-08-25T15:06:16.617Z,eighth-and-grand,Eighth & Grand,0-5032,,,1-bed,1 Bed,1,1,779,2858,2858,2877,available_on,2026-08-25,,
2026-08-25T15:06:16.617Z,eighth-and-grand,Eighth & Grand,0-5035,,,1-bed,1 Bed,1,1,880,2868,2868,2887,available_on,2026-08-25,,
2026-08-25T15:06:16.617Z,eighth-and-grand,Eighth & Grand,0-5046,,,1-bed,1 Bed,1,1,578,2468,2468,2487,available_on,2026-09-20,,
2026-08-25T15:06:16.617Z,eighth-and-grand,Eighth & Grand,0-5086,,,1-bed,1 Bed,1,1,777,2458,2458,2473,available_on,2026-10-06,,
2026-08-25T15:06:16.617Z,eighth-and-grand,Eighth & Grand,0-5094,,,1-bed,1 Bed,1,1,715,2708,2708,2727,available_on,2026-08-25,,
2026-08-25T15:06:16.617Z,eighth-and-grand,Eighth & Grand,0-5096,,,1-bed,1 Bed,1,1,584,2543,2543,2562,available_on,2026-08-30,,
2026-08-25T15:06:16.617Z,eighth-and-grand,Eighth & Grand,0-5153,,,2-bed,2 Bed,2,2,1278,4028,4028,4047,available_on,2026-09-23,,
2026-08-25T15:06:16.617Z,eighth-and-grand,Eighth & Grand,0-5162,,,studio,Studio,0,1,520,2260,2260,2279,available_on,2026-10-30,,
2026-08-25T15:06:16.617Z,eighth-and-grand,Eighth & Grand,0-6002,,,1-bed,1 Bed,1,1,639,2508,2508,2527,available_on,2026-08-25,,
2026-08-25T15:06:16.617Z,eighth-and-grand,Eighth & Grand,0-6011,,,1-bed,1 Bed,1,1,880,2918,2918,2937,available_on,2026-08-25,,
2026-08-25T15:06:16.617Z,eighth-and-grand,Eighth & Grand,0-6017,,,1-bed,1 Bed,1,1,880,2968,2968,2987,available_on,2026-08-25,,
2026-08-25T15:06:16.617Z,eighth-and-grand,Eighth & Grand,0-6035,,,1-bed,1 Bed,1,1,762,2788,2788,2807,available_on,2026-09-02,,
2026-08-25T15:06:16.617Z,eighth-and-grand,Eighth & Grand,0-6037,,,1-bed,1 Bed,1,1,762,2883,2883,2902,available_on,2026-08-25,,
2026-08-25T15:06:16.617Z,eighth-and-grand,Eighth & Grand,0-6057,,,2-bed,2 Bed,2,2,1211,3703,3703,3722,available_on,2026-09-06,,
2026-08-25T15:06:16.617Z,eighth-and-grand,Eighth & Grand,0-6066,,,1-bed,1 Bed,1,1,762,2783,2783,2802,available_on,2026-08-25,,
2026-08-25T15:06:16.617Z,eighth-and-grand,Eighth & Grand,0-6068,,,1-bed,1 Bed,1,1,579,2353,2353,2372,available_on,2026-09-18,,
2026-08-25T15:06:16.617Z,eighth-and-grand,Eighth & Grand,0-6071,,,1-bed,1 Bed,1,1,840,2523,2523,2542,available_on,2026-09-09,,
2026-08-25T15:06:16.617Z,eighth-and-grand,Eighth & Grand,0-6094,,,1-bed,1 Bed,1,1,715,2833,2833,2852,available_on,2026-08-25,,
2026-08-25T15:06:16.617Z,eighth-and-grand,Eighth & Grand,0-6137,,,1-bed,1 Bed,1,1,578,2473,2473,2492,available_on,2026-09-10,,
2026-08-25T15:06:16.617Z,eighth-and-grand,Eighth & Grand,0-6149,,,studio,Studio,0,1,558,2390,2390,2409,available_on,2026-08-25,,
2026-08-25T15:06:16.617Z,eighth-and-grand,Eighth & Grand,0-6152,,,studio,Studio,0,1,540,2395,2395,2414,available_on,2026-11-01,,
2026-08-25T15:06:16.617Z,eighth-and-grand,Eighth & Grand,0-6154,,,studio,Studio,0,1,520,2310,2310,2329,available_on,2026-11-07,,
2026-08-25T15:06:16.617Z,eighth-and-grand,Eighth & Grand,0-6166,,,1-bed,1 Bed,1,1,822,2833,2833,2852,available_on,2026-09-28,,
2026-08-25T15:06:16.617Z,eighth-and-grand,Eighth & Grand,0-7024,,,1-bed,1 Bed,1,1,791,2788,2788,2807,available_on,2026-08-25,,
2026-08-25T15:06:16.617Z,eighth-and-grand,Eighth & Grand,0-7042,,,1-bed,1 Bed,1,1,578,2393,2393,2412,available_on,2026-08-25,,
2026-08-25T15:06:16.617Z,eighth-and-grand,Eighth & Grand,0-7066,,,1-bed,1 Bed,1,1,762,2833,2833,2852,available_on,2026-08-25,,
2026-08-25T15:06:16.617Z,eighth-and-grand,Eighth & Grand,0-7071,,,1-bed,1 Bed,1,1,840,2848,2848,2867,available_on,2026-09-07,,
2026-08-25T15:06:16.617Z,eighth-and-grand,Eighth & Grand,0-7090,,,2-bed,2 Bed,2,1,976,3308,3308,3327,available_on,2026-08-25,,
2026-08-25T15:06:16.617Z,eighth-and-grand,Eighth & Grand,0-7096,,,1-bed,1 Bed,1,1,584,2718,2718,2737,available_on,2026-08-25,,
2026-08-25T15:06:16.617Z,eighth-and-grand,Eighth & Grand,0-7145,,,2-bed,2 Bed,2,2,1099,4148,4148,4167,available_on,2026-10-01,,
2026-08-25T15:06:16.617Z,eighth-and-grand,Eighth & Grand,0-7167,,,1-bed,1 Bed,1,1,578,2573,2573,2588,available_on,2026-10-08,,
2026-08-25T15:06:16.617Z,beaudry,Beaudry,B-1007,10,,studio,Studio,0,1,550,2660,2660,2676,available_on,2026-10-22,,
2026-08-25T15:06:16.617Z,beaudry,Beaudry,B-1104,11,,1-bed,1 Bed,1,1.5,875,4006,4006,4019,available_on,2026-10-27,,
2026-08-25T15:06:16.617Z,beaudry,Beaudry,B-1204,12,,1-bed,1 Bed,1,1.5,875,4071,4071,4087,available_on,2026-10-01,,
2026-08-25T15:06:16.617Z,beaudry,Beaudry,B-1401,14,,1-bed,1 Bed,1,1.5,818,4731,4731,4747,available_on,2026-09-29,,
2026-08-25T15:06:16.617Z,beaudry,Beaudry,B-1409,14,,1-bed,1 Bed,1,1,860,4952,4952,4968,available_on,2026-09-10,,
2026-08-25T15:06:16.617Z,beaudry,Beaudry,B-1416,14,,2-bed,2 Bed,2,2,1192,6323,6323,6339,available_on,2026-09-06,,
2026-08-25T15:06:16.617Z,beaudry,Beaudry,B-1502,15,,studio,Studio,0,1,539,2695,2695,2708,available_on,2026-10-07,,
2026-08-25T15:06:16.617Z,beaudry,Beaudry,B-1602,16,,studio,Studio,0,1,539,2705,2705,2721,available_on,2026-10-09,,
2026-08-25T15:06:16.617Z,beaudry,Beaudry,B-1714,17,,1-bed,1 Bed,1,1,802,4157,4157,4173,available_on,2026-09-16,,
2026-08-25T15:06:16.617Z,beaudry,Beaudry,B-1801,18,,1-bed,1 Bed,1,1.5,818,4771,4771,4784,available_on,2026-09-16,,
2026-08-25T15:06:16.617Z,beaudry,Beaudry,B-1804,18,,1-bed,1 Bed,1,1.5,875,4121,4121,4137,available_on,2026-09-21,,
2026-08-25T15:06:16.617Z,beaudry,Beaudry,B-1806,18,,1-bed,1 Bed,1,1,868,4332,4332,4345,available_on,2026-10-10,,
2026-08-25T15:06:16.617Z,beaudry,Beaudry,B-1904,19,,1-bed,1 Bed,1,1.5,891,4096,4096,4112,available_on,2026-09-18,,
2026-08-25T15:06:16.617Z,beaudry,Beaudry,B-2004,20,,1-bed,1 Bed,1,1.5,891,4106,4106,4119,available_on,2026-10-04,,
2026-08-25T15:06:16.617Z,beaudry,Beaudry,B-2008,20,,2-bed,2 Bed,2,2,1200,6738,6738,6754,available_on,2026-08-25,,
2026-08-25T15:06:16.617Z,beaudry,Beaudry,B-2009,20,,1-bed,1 Bed,1,1,860,5012,5012,5025,available_on,2026-09-24,,
2026-08-25T15:06:16.617Z,beaudry,Beaudry,B-2013,20,,2-bed,2 Bed,2,2,1192,6058,6058,6074,available_on,2026-09-16,,
2026-08-25T15:06:16.617Z,beaudry,Beaudry,B-2014,20,,1-bed,1 Bed,1,1,817,4287,4287,4303,available_on,2026-10-23,,
2026-08-25T15:06:16.617Z,beaudry,Beaudry,B-2101,21,,1-bed,1 Bed,1,1.5,818,4801,4801,4817,available_on,2026-09-18,,
2026-08-25T15:06:16.617Z,beaudry,Beaudry,B-2111,21,,studio,Studio,0,1,514,2585,2585,2601,available_on,2026-10-20,,
2026-08-25T15:06:16.617Z,beaudry,Beaudry,B-2114,21,,1-bed,1 Bed,1,1,817,4297,4297,4313,available_on,2026-09-21,,
2026-08-25T15:06:16.617Z,beaudry,Beaudry,B-2204,22,,1-bed,1 Bed,1,1.5,891,4126,4126,4142,available_on,2026-09-29,,
2026-08-25T15:06:16.617Z,beaudry,Beaudry,B-2313,23,,2-bed,2 Bed,2,2,1192,6088,6088,6104,available_on,2026-08-25,,
2026-08-25T15:06:16.617Z,beaudry,Beaudry,B-2413,24,,2-bed,2 Bed,2,2,1192,6098,6098,6114,available_on,2026-09-12,,
2026-08-25T15:06:16.617Z,beaudry,Beaudry,B-2415,24,,1-bed,1 Bed,1,1,568,3090,3090,3106,available_on,2026-10-08,,
2026-08-25T15:06:16.617Z,beaudry,Beaudry,B-2514,25,,1-bed,1 Bed,1,1,817,4337,4337,4353,available_on,2026-09-16,,
2026-08-25T15:06:16.617Z,beaudry,Beaudry,B-2803,28,,1-bed,1 Bed,1,1,627,3205,3205,3218,available_on,2026-10-02,,
2026-08-25T15:06:16.617Z,beaudry,Beaudry,B-2805,28,,1-bed,1 Bed,1,1,939,4572,4572,4588,available_on,2026-10-01,,
2026-08-25T15:06:16.617Z,beaudry,Beaudry,B-3005,30,,1-bed,1 Bed,1,1,939,4592,4592,4608,available_on,2026-09-27,,
2026-08-25T15:06:16.617Z,beaudry,Beaudry,B-3008,30,,2-bed,2 Bed,2,2,1200,6928,6928,6944,available_on,2026-09-01,,
2026-08-25T15:06:16.617Z,beaudry,Beaudry,B-3205,32,,1-bed,1 Bed,1,1,939,4612,4612,4628,available_on,2026-10-14,,
2026-08-25T15:06:16.617Z,beaudry,Beaudry,B-3310,33,,1-bed,1 Bed,1,1,594,3115,3115,3131,available_on,2026-10-08,,
2026-08-25T15:06:16.617Z,beaudry,Beaudry,B-3401,34,,1-bed,1 Bed,1,1.5,818,4931,4931,4944,available_on,2026-10-02,,
2026-08-25T15:06:16.617Z,beaudry,Beaudry,B-3406,34,,1-bed,1 Bed,1,1,882,4517,4517,4533,available_on,2026-10-16,,
2026-08-25T15:06:16.617Z,beaudry,Beaudry,B-3709,37,,1-bed,1 Bed,1,1,860,5357,5357,5373,available_on,2026-10-24,,
2026-08-25T15:06:16.617Z,beaudry,Beaudry,B-3713,37,,2-bed,2 Bed,2,2,1192,6253,6253,6269,available_on,2026-08-25,,
2026-08-25T15:06:16.617Z,beaudry,Beaudry,B-4002,40,,studio,Studio,0,1,539,2970,2970,2986,available_on,2026-10-22,,
2026-08-25T15:06:16.617Z,beaudry,Beaudry,B-4011,40,,studio,Studio,0,1,514,2800,2800,2816,available_on,2026-10-01,,
2026-08-25T15:06:16.617Z,beaudry,Beaudry,B-4105,41,,1-bed,1 Bed,1,1.5,1044,4636,4636,4652,available_on,2026-09-30,,
2026-08-25T15:06:16.617Z,beaudry,Beaudry,B-4303,43,,1-bed,1 Bed,1,1,627,3380,3380,3396,available_on,2026-10-11,,
2026-08-25T15:06:16.617Z,beaudry,Beaudry,B-4413,44,,2-bed,2 Bed,2,2,1192,6323,6323,6336,available_on,2026-08-26,,
2026-08-25T15:06:16.617Z,beaudry,Beaudry,B-4504,45,,1-bed,1 Bed,1,1.5,1134,4996,4996,5012,available_on,2026-10-06,,
2026-08-25T15:06:16.617Z,beaudry,Beaudry,B-4507,45,,studio,Studio,0,1,550,3180,3180,3196,available_on,2026-10-08,,
2026-08-25T15:06:16.617Z,beaudry,Beaudry,B-4615,46,,1-bed,1 Bed,1,1,568,3335,3335,3348,available_on,2026-11-15,,
2026-08-25T15:06:16.617Z,beaudry,Beaudry,B-4704,47,,1-bed,1 Bed,1,1.5,1134,5016,5016,5032,available_on,2026-09-24,,
2026-08-25T15:06:16.617Z,beaudry,Beaudry,B-4707,47,,studio,Studio,0,1,550,3200,3200,3216,available_on,2026-10-17,,
2026-08-25T15:06:16.617Z,beaudry,Beaudry,B-4713,47,,2-bed,2 Bed,2,2,1192,6353,6353,6369,available_on,2026-11-03,,
2026-08-25T15:06:16.617Z,beaudry,Beaudry,B-4910,49,,1-bed,1 Bed,1,1.5,926,4355,4355,4371,available_on,2026-10-10,,
2026-08-25T15:06:16.617Z,beaudry,Beaudry,B-5209,52,,2-bed,2 Bed,2,2,1230,6295,6295,6311,available_on,2026-09-15,,
2026-08-25T15:06:16.617Z,beaudry,Beaudry,B-5405,54,,3-bed,3 Bed,3,2.5,1734,9052,9052,9068,available_on,2026-10-05,,
2026-08-25T15:06:16.617Z,beaudry,Beaudry,B-5607,56,,1-bed,1 Bed,1,1,1006,5610,5610,5623,available_on,2026-08-25,,
2026-08-25T15:06:16.617Z,circa-la,Circa LA,W3206,32,,1-bed,1 Bed,1,1,745,3354,3354,3404,available_on,2026-08-25,,
2026-08-25T15:06:16.617Z,circa-la,Circa LA,W3208,32,,1-bed,1 Bed,1,1,770,3628,3628,3678,available_on,2026-08-25,,
2026-08-25T15:06:16.617Z,circa-la,Circa LA,W2618,26,,1-bed,1 Bed,1,1,923,4069,4069,4119,available_on,2026-08-27,,
2026-08-25T15:06:16.617Z,circa-la,Circa LA,W2518,25,,1-bed,1 Bed,1,1,923,3870,3870,3920,available_on,2026-08-25,,
2026-08-25T15:06:16.617Z,circa-la,Circa LA,W2006,20,,1-bed,1 Bed,1,1,745,3388,3388,3438,available_on,2026-09-14,,
2026-08-25T15:06:16.617Z,circa-la,Circa LA,W1708,17,,1-bed,1 Bed,1,1,770,3323,3323,3373,available_on,2026-08-25,,
2026-08-25T15:06:16.617Z,circa-la,Circa LA,W1724,17,,2-bed,2 Bed,2,2,1463,4755,4755,4805,available_on,2026-10-28,,
2026-08-25T15:06:16.617Z,circa-la,Circa LA,W1624,16,,2-bed,2 Bed,2,2,1463,4747,4747,4797,available_on,2026-09-03,,
2026-08-25T15:06:16.617Z,circa-la,Circa LA,W1412,14,,2-bed,2 Bed,2,2.5,1762,5527,5527,5577,available_on,2026-09-26,,
2026-08-25T15:06:16.617Z,circa-la,Circa LA,W1120,11,,1-bed,1 Bed,1,1,927,3335,3335,3385,available_on,2026-09-18,,
2026-08-25T15:06:16.617Z,circa-la,Circa LA,W924,9,,2-bed,2 Bed,2,2,1463,4601,4601,4651,available_on,2026-08-25,,
2026-08-25T15:06:16.617Z,circa-la,Circa LA,W820,8,,1-bed,1 Bed,1,1,927,4066,4066,4116,available_on,2026-08-25,,
2026-08-25T15:06:16.617Z,circa-la,Circa LA,E3201,32,,1-bed,1 Bed,1,1,627,3107,3107,3157,available_on,2026-08-25,,
2026-08-25T15:06:16.617Z,circa-la,Circa LA,E3221,32,,1-bed,1 Bed,1,1,871,3720,3720,3770,available_on,2026-08-25,,
2026-08-25T15:06:16.617Z,circa-la,Circa LA,E2911,29,,2-bed,2 Bed,2,2.5,1762,5677,5677,5727,available_on,2026-08-26,,
2026-08-25T15:06:16.617Z,circa-la,Circa LA,E2917,29,,1-bed,1 Bed,1,1,923,3872,3872,3922,available_on,2026-09-05,,
2026-08-25T15:06:16.617Z,circa-la,Circa LA,E2921,29,,1-bed,1 Bed,1,1,871,3644,3644,3694,available_on,2026-10-04,,
2026-08-25T15:06:16.617Z,circa-la,Circa LA,E2501,25,,1-bed,1 Bed,1,1,627,2876,2876,2926,available_on,2026-09-17,,
2026-08-25T15:06:16.617Z,circa-la,Circa LA,E2411,24,,2-bed,2 Bed,2,2.5,1762,5576,5576,5626,available_on,2026-09-05,,
2026-08-25T15:06:16.617Z,circa-la,Circa LA,E2419,24,,1-bed,1 Bed,1,1,927,3530,3530,3580,available_on,2026-09-21,,
2026-08-25T15:06:16.617Z,circa-la,Circa LA,E1813,18,,2-bed,2 Bed,2,2.5,1898,5965,5965,6015,available_on,2026-08-25,,
2026-08-25T15:06:16.617Z,circa-la,Circa LA,E1601,16,,1-bed,1 Bed,1,1,627,2742,2742,2792,available_on,2026-09-11,,
2026-08-25T15:06:16.617Z,circa-la,Circa LA,E1115,11,,1-bed,1 Bed,1,1,868,3269,3269,3319,available_on,2026-10-04,,
2026-08-25T15:06:16.617Z,circa-la,Circa LA,E3301,33,,3-bed,3 Bed,3,4.5,3984,19486,19486,19536,available_on,2026-08-25,,
2026-08-25T15:06:16.617Z,circa-la,Circa LA,W3302,33,,3-bed,3 Bed,3,4.5,3842,22551,22551,22601,available_on,2026-08-25,,
2026-08-25T15:06:16.617Z,circa-la,Circa LA,W3312,33,,3-bed,3 Bed,3,3.5,2900,17028,17028,17078,available_on,2026-08-25,,
2026-08-25T15:06:16.617Z,circa-la,Circa LA,E3411,34,,3-bed,3 Bed,3,3.5,2878,13006,13006,13056,available_on,2026-08-25,,
2026-08-25T15:06:16.617Z,circa-la,Circa LA,W3402,34,,3-bed,3 Bed,3,4.5,3842,22643,22643,22693,available_on,2026-08-25,,
2026-08-25T15:06:16.617Z,circa-la,Circa LA,W3406,34,,2-bed,2 Bed,2,2,1338,7315,7315,7365,available_on,2026-09-01,,
2026-08-25T15:06:16.617Z,circa-la,Circa LA,E3501,35,,3-bed,3 Bed,3,4.5,3984,22435,22435,22485,available_on,2026-08-25,,
2026-08-25T15:06:16.617Z,circa-la,Circa LA,E3505,35,,2-bed,2 Bed,2,2,1338,6188,6188,6238,available_on,2026-08-25,,
2026-08-25T15:06:16.617Z,circa-la,Circa LA,E3511,35,,3-bed,3 Bed,3,3.5,2878,14850,14850,14900,available_on,2026-08-25,,
2026-08-25T15:06:16.617Z,circa-la,Circa LA,W3502,35,,3-bed,3 Bed,3,4.5,3842,23359,23359,23409,available_on,2026-08-25,,
2026-08-25T15:06:16.617Z,circa-la,Circa LA,W3508,35,,2-bed,2 Bed,2,2,1524,8045,8045,8095,available_on,2026-10-31,,
2026-08-25T15:06:16.617Z,circa-la,Circa LA,W3512,35,,3-bed,3 Bed,3,3.5,2900,17398,17398,17448,available_on,2026-08-25,,
2026-08-25T23:43:40.531Z,825-south-hill,825 South Hill,201,2,A2,2-bed-den,2 Bed + Den,2,,1090,3909,5010,,available,,29417540,2413008
2026-08-25T23:43:40.531Z,825-south-hill,825 South Hill,301,3,A2,2-bed-den,2 Bed + Den,2,,1090,3924,5030,,available,,29417543,2413008
2026-08-25T23:43:40.531Z,825-south-hill,825 South Hill,302,3,B,2-bed,2 Bed,2,,993,3619,4647,,available,,29417544,2413011
2026-08-25T23:43:40.531Z,825-south-hill,825 South Hill,607,6,TH2,townhomes,Townhomes,,,1385,5578,7507,,available,,29417562,2413022
2026-08-25T23:43:40.531Z,825-south-hill,825 South Hill,1505,15,J,2-bed,2 Bed,2,,991,3788,4858,,available_on,2026-09-19,29417141,2413023
2026-08-25T23:43:40.531Z,825-south-hill,825 South Hill,4211,42,J1,2-bed,2 Bed,2,,988,4478,5743,,available_on,2026-09-05,29417134,2413026
2026-08-25T23:43:40.531Z,825-south-hill,825 South Hill,3012,30,K,1-bed,1 Bed,1,,670,3499,4457,,available_on,2026-10-12,29417188,2413027
2026-08-25T23:43:40.531Z,825-south-hill,825 South Hill,3412,34,K,1-bed,1 Bed,1,,670,3514,4496,,available_on,2026-08-29,29417189,2413027
2026-08-25T23:43:40.531Z,825-south-hill,825 South Hill,4312,43,K,1-bed,1 Bed,1,,670,3511,4492,,available,,29417198,2413027
2026-08-25T23:43:40.531Z,825-south-hill,825 South Hill,2901,29,K1,1-bed,1 Bed,1,,716,3514,4489,,available_on,2026-09-09,29417218,2413028
2026-08-25T23:43:40.531Z,825-south-hill,825 South Hill,3603,36,M,2-bed-den,2 Bed + Den,2,,1099,4514,5803,,available_on,2026-09-07,29417253,2413032
2026-08-25T23:43:40.531Z,825-south-hill,825 South Hill,3809,38,M1,2-bed-den,2 Bed + Den,2,,1109,4412,5655,,available,,29417286,2413033
2026-08-25T23:43:40.531Z,825-south-hill,825 South Hill,1504,15,N,jr-2-bed,Jr. 2 Bed,2,,792,3223,4145,,available,,29417296,2413034
2026-08-25T23:43:40.531Z,825-south-hill,825 South Hill,2204,22,N,jr-2-bed,Jr. 2 Bed,2,,792,3308,4250,,available_on,2026-09-28,29417302,2413034
2026-08-25T23:43:40.531Z,825-south-hill,825 South Hill,3704,37,N,jr-2-bed,Jr. 2 Bed,2,,792,3548,4558,,available_on,2026-09-14,29417313,2413034
2026-08-25T23:43:40.531Z,825-south-hill,825 South Hill,4204,42,N,jr-2-bed,Jr. 2 Bed,2,,792,3668,4717,,available,,29417317,2413034
2026-08-25T23:43:40.531Z,825-south-hill,825 South Hill,1910,19,N1,jr-2-bed,Jr. 2 Bed,2,,807,3123,4012,,available_on,2026-09-11,29417327,2413035
2026-08-25T23:43:40.531Z,825-south-hill,825 South Hill,3610,36,N1,jr-2-bed,Jr. 2 Bed,2,,807,3433,4415,,available_on,2026-08-29,29417341,2413035
2026-08-25T23:43:40.531Z,825-south-hill,825 South Hill,4110,41,N1,jr-2-bed,Jr. 2 Bed,2,,807,3496,4496,,available,,29417346,2413035
2026-08-25T23:43:40.531Z,825-south-hill,825 South Hill,4310,43,N1,jr-2-bed,Jr. 2 Bed,2,,807,3618,4637,,available_on,2026-10-07,29417348,2413035
2026-08-25T23:43:40.531Z,825-south-hill,825 South Hill,3902,39,O,1-bed,1 Bed,1,,538,3397,4302,,available_on,2026-10-10,29417415,2413037
2026-08-25T23:43:40.531Z,825-south-hill,825 South Hill,4602,46,O,1-bed,1 Bed,1,,538,3542,4471,,available_on,2026-11-07,29417390,2413037
2026-08-25T23:43:40.531Z,825-south-hill,825 South Hill,1107,11,O1,1-bed,1 Bed,1,,560,3052,3879,,available_on,2026-09-28,29417419,2413039
2026-08-25T23:43:40.531Z,825-south-hill,825 South Hill,2406,24,O3,1-bed,1 Bed,1,,562,3187,4036,,available_on,2026-10-02,29417461,2522879
2026-08-25T23:43:40.531Z,atelier,Atelier,0707,7,,1-bed,1 Bed,1,1,778,3376,3376,3393,available_on,2026-10-22,,
2026-08-25T23:43:40.531Z,atelier,Atelier,0806,8,,1-bed,1 Bed,1,1,829,3856,3856,3873,available_on,2026-10-02,,
2026-08-25T23:43:40.531Z,atelier,Atelier,1402,14,,1-bed,1 Bed,1,1,622,3426,3426,3443,available_on,2026-11-07,,
2026-08-25T23:43:40.531Z,atelier,Atelier,1407,14,,1-bed,1 Bed,1,1,778,3526,3526,3543,available_on,2026-10-07,,
2026-08-25T23:43:40.531Z,atelier,Atelier,1508,15,,1-bed,1 Bed,1,1,778,3541,3541,3558,available_on,2026-10-18,,
2026-08-25T23:43:40.531Z,atelier,Atelier,1905,19,,1-bed,1 Bed,1,1,778,3886,3886,3903,available_on,2026-09-15,,
2026-08-25T23:43:40.531Z,atelier,Atelier,2312,23,,1-bed,1 Bed,1,1,685,3951,3951,3968,available_on,2026-10-08,,
2026-08-25T23:43:40.531Z,atelier,Atelier,2404,24,,1-bed,1 Bed,1,1,829,4246,4246,4263,available_on,2026-08-25,,
2026-08-25T23:43:40.531Z,atelier,Atelier,2414,24,,2-bed,2 Bed,2,2,975,4678,4678,4695,available_on,2026-09-07,,
2026-08-25T23:43:40.531Z,atelier,Atelier,2501,25,,2-bed,2 Bed,2,2.5,1377,6445,6445,6462,available_on,2026-08-31,,
2026-08-25T23:43:40.531Z,atelier,Atelier,2504,25,,1-bed,1 Bed,1,1,829,4266,4266,4279,available_on,2026-10-28,,
2026-08-25T23:43:40.531Z,atelier,Atelier,2901,29,,2-bed,2 Bed,2,2.5,1377,6525,6525,6542,available_on,2026-08-25,,
2026-08-25T23:43:40.531Z,atelier,Atelier,3001,30,,2-bed,2 Bed,2,2.5,1377,6635,6635,6648,available_on,2026-09-21,,
2026-08-25T23:43:40.531Z,atelier,Atelier,3106,31,,1-bed,1 Bed,1,1,778,4201,4201,4218,available_on,2026-08-25,,
2026-08-25T23:43:40.531Z,atelier,Atelier,3108,31,,1-bed,1 Bed,1,1,685,4291,4291,4308,available_on,2026-08-25,,
2026-08-25T23:43:40.531Z,atelier,Atelier,3110,31,,1-bed,1 Bed,1,1,685,4376,4376,4393,available_on,2026-08-25,,
2026-08-25T23:43:40.531Z,atelier,Atelier,3210,32,,1-bed,1 Bed,1,1,685,4446,4446,4463,available_on,2026-08-25,,
2026-08-25T23:43:40.531Z,atelier,Atelier,PH01,,,2-bed,2 Bed,2,2.5,1470,8917,8917,8934,available_on,2026-08-25,,
2026-08-25T23:43:40.531Z,atelier,Atelier,PH08,,,3-bed,3 Bed,3,3,1731,9193,9193,9210,available_on,2026-08-25,,
2026-08-25T23:43:40.531Z,eighth-and-grand,Eighth & Grand,0-2017,,,1-bed,1 Bed,1,1,762,2458,2458,2477,available_on,2026-09-10,,
2026-08-25T23:43:40.531Z,eighth-and-grand,Eighth & Grand,0-2037,,,1-bed,1 Bed,1,1,762,2458,2458,2477,available_on,2026-09-15,,
2026-08-25T23:43:40.531Z,eighth-and-grand,Eighth & Grand,0-2041,,,1-bed,1 Bed,1,1,762,2458,2458,2477,available_on,2026-09-05,,
2026-08-25T23:43:40.531Z,eighth-and-grand,Eighth & Grand,0-2051,,,2-bed,2 Bed,2,2.5,1094,3823,3823,3842,available_on,2026-08-25,,
2026-08-25T23:43:40.531Z,eighth-and-grand,Eighth & Grand,0-2077,,,1-bed,1 Bed,1,1,578,2248,2248,2267,available_on,2026-09-26,,
2026-08-25T23:43:40.531Z,eighth-and-grand,Eighth & Grand,0-2102,,,studio,Studio,0,1,527,2165,2165,2184,available_on,2026-10-17,,
2026-08-25T23:43:40.531Z,eighth-and-grand,Eighth & Grand,0-2152,,,studio,Studio,0,1,540,2170,2170,2189,available_on,2026-10-16,,
2026-08-25T23:43:40.531Z,eighth-and-grand,Eighth & Grand,0-2153,,,2-bed,2 Bed,2,2,1168,3578,3578,3597,available_on,2026-08-25,,
2026-08-25T23:43:40.531Z,eighth-and-grand,Eighth & Grand,0-2161,,,2-bed,2 Bed,2,2,1109,3373,3373,3392,available_on,2026-10-10,,
2026-08-25T23:43:40.531Z,eighth-and-grand,Eighth & Grand,0-3028,,,1-bed,1 Bed,1,1,779,2778,2778,2797,available_on,2026-08-25,,
2026-08-25T23:43:40.531Z,eighth-and-grand,Eighth & Grand,0-3104,,,1-bed,1 Bed,1,1,802,2643,2643,2662,available_on,2026-09-28,,
2026-08-25T23:43:40.531Z,eighth-and-grand,Eighth & Grand,0-3136,,,1-bed,1 Bed,1,1,777,2318,2318,2337,available_on,2026-10-12,,
2026-08-25T23:43:40.531Z,eighth-and-grand,Eighth & Grand,0-4028,,,1-bed,1 Bed,1,1,779,2798,2798,2817,available_on,2026-10-09,,
2026-08-25T23:43:40.531Z,eighth-and-grand,Eighth & Grand,0-4071,,,1-bed,1 Bed,1,1,840,2423,2423,2442,available_on,2026-10-23,,
2026-08-25T23:43:40.531Z,eighth-and-grand,Eighth & Grand,0-4080,,,1-bed,1 Bed,1,1,777,2313,2313,2328,available_on,2026-09-29,,
2026-08-25T23:43:40.531Z,eighth-and-grand,Eighth & Grand,0-4108,,,studio,Studio,0,1,540,2295,2295,2310,available_on,2026-08-28,,
2026-08-25T23:43:40.531Z,eighth-and-grand,Eighth & Grand,0-4114,,,studio,Studio,0,1,520,2250,2250,2269,available_on,2026-10-15,,
2026-08-25T23:43:40.531Z,eighth-and-grand,Eighth & Grand,0-4139,,,1-bed,1 Bed,1,1,578,2423,2423,2442,available_on,2026-08-25,,
2026-08-25T23:43:40.531Z,eighth-and-grand,Eighth & Grand,0-5005,,,1-bed,1 Bed,1,1,762,2928,2928,2947,available_on,2026-08-25,,
2026-08-25T23:43:40.531Z,eighth-and-grand,Eighth & Grand,0-5026,,,1-bed,1 Bed,1,1,779,2858,2858,2877,available_on,2026-08-25,,
2026-08-25T23:43:40.531Z,eighth-and-grand,Eighth & Grand,0-5029,,,1-bed,1 Bed,1,1,880,2943,2943,2962,available_on,2026-08-25,,
2026-08-25T23:43:40.531Z,eighth-and-grand,Eighth & Grand,0-5032,,,1-bed,1 Bed,1,1,779,2858,2858,2877,available_on,2026-08-25,,
2026-08-25T23:43:40.531Z,eighth-and-grand,Eighth & Grand,0-5034,,,2-bed,2 Bed,2,2,1046,3346,3346,3365,available_on,2026-08-25,,
2026-08-25T23:43:40.531Z,eighth-and-grand,Eighth & Grand,0-5035,,,1-bed,1 Bed,1,1,880,2868,2868,2887,available_on,2026-08-25,,
2026-08-25T23:43:40.531Z,eighth-and-grand,Eighth & Grand,0-5046,,,1-bed,1 Bed,1,1,578,2468,2468,2487,available_on,2026-09-20,,
2026-08-25T23:43:40.531Z,eighth-and-grand,Eighth & Grand,0-5086,,,1-bed,1 Bed,1,1,777,2458,2458,2473,available_on,2026-10-06,,
2026-08-25T23:43:40.531Z,eighth-and-grand,Eighth & Grand,0-5094,,,1-bed,1 Bed,1,1,715,2708,2708,2727,available_on,2026-08-25,,
2026-08-25T23:43:40.531Z,eighth-and-grand,Eighth & Grand,0-5096,,,1-bed,1 Bed,1,1,584,2543,2543,2562,available_on,2026-08-30,,
2026-08-25T23:43:40.531Z,eighth-and-grand,Eighth & Grand,0-5153,,,2-bed,2 Bed,2,2,1278,4028,4028,4047,available_on,2026-09-23,,
2026-08-25T23:43:40.531Z,eighth-and-grand,Eighth & Grand,0-5162,,,studio,Studio,0,1,520,2260,2260,2279,available_on,2026-10-30,,
2026-08-25T23:43:40.531Z,eighth-and-grand,Eighth & Grand,0-6002,,,1-bed,1 Bed,1,1,639,2508,2508,2527,available_on,2026-08-25,,
2026-08-25T23:43:40.531Z,eighth-and-grand,Eighth & Grand,0-6011,,,1-bed,1 Bed,1,1,880,2918,2918,2937,available_on,2026-08-25,,
2026-08-25T23:43:40.531Z,eighth-and-grand,Eighth & Grand,0-6017,,,1-bed,1 Bed,1,1,880,2968,2968,2987,available_on,2026-08-25,,
2026-08-25T23:43:40.531Z,eighth-and-grand,Eighth & Grand,0-6035,,,1-bed,1 Bed,1,1,762,2788,2788,2807,available_on,2026-09-02,,
2026-08-25T23:43:40.531Z,eighth-and-grand,Eighth & Grand,0-6037,,,1-bed,1 Bed,1,1,762,2883,2883,2902,available_on,2026-08-25,,
2026-08-25T23:43:40.531Z,eighth-and-grand,Eighth & Grand,0-6057,,,2-bed,2 Bed,2,2,1211,3703,3703,3722,available_on,2026-09-06,,
2026-08-25T23:43:40.531Z,eighth-and-grand,Eighth & Grand,0-6066,,,1-bed,1 Bed,1,1,762,2783,2783,2802,available_on,2026-08-25,,
2026-08-25T23:43:40.531Z,eighth-and-grand,Eighth & Grand,0-6068,,,1-bed,1 Bed,1,1,579,2353,2353,2372,available_on,2026-09-18,,
2026-08-25T23:43:40.531Z,eighth-and-grand,Eighth & Grand,0-6071,,,1-bed,1 Bed,1,1,840,2523,2523,2542,available_on,2026-09-09,,
2026-08-25T23:43:40.531Z,eighth-and-grand,Eighth & Grand,0-6094,,,1-bed,1 Bed,1,1,715,2833,2833,2852,available_on,2026-08-25,,
2026-08-25T23:43:40.531Z,eighth-and-grand,Eighth & Grand,0-6137,,,1-bed,1 Bed,1,1,578,2473,2473,2492,available_on,2026-09-10,,
2026-08-25T23:43:40.531Z,eighth-and-grand,Eighth & Grand,0-6149,,,studio,Studio,0,1,558,2390,2390,2409,available_on,2026-08-25,,
2026-08-25T23:43:40.531Z,eighth-and-grand,Eighth & Grand,0-6152,,,studio,Studio,0,1,540,2395,2395,2414,available_on,2026-11-01,,
2026-08-25T23:43:40.531Z,eighth-and-grand,Eighth & Grand,0-6154,,,studio,Studio,0,1,520,2310,2310,2329,available_on,2026-11-07,,
2026-08-25T23:43:40.531Z,eighth-and-grand,Eighth & Grand,0-6166,,,1-bed,1 Bed,1,1,822,2833,2833,2852,available_on,2026-09-28,,
2026-08-25T23:43:40.531Z,eighth-and-grand,Eighth & Grand,0-7024,,,1-bed,1 Bed,1,1,791,2788,2788,2807,available_on,2026-08-25,,
2026-08-25T23:43:40.531Z,eighth-and-grand,Eighth & Grand,0-7042,,,1-bed,1 Bed,1,1,578,2393,2393,2412,available_on,2026-08-25,,
2026-08-25T23:43:40.531Z,eighth-and-grand,Eighth & Grand,0-7066,,,1-bed,1 Bed,1,1,762,2833,2833,2852,available_on,2026-08-25,,
2026-08-25T23:43:40.531Z,eighth-and-grand,Eighth & Grand,0-7071,,,1-bed,1 Bed,1,1,840,2848,2848,2867,available_on,2026-09-07,,
2026-08-25T23:43:40.531Z,eighth-and-grand,Eighth & Grand,0-7090,,,2-bed,2 Bed,2,1,976,3308,3308,3327,available_on,2026-08-25,,
2026-08-25T23:43:40.531Z,eighth-and-grand,Eighth & Grand,0-7096,,,1-bed,1 Bed,1,1,584,2718,2718,2737,available_on,2026-08-25,,
2026-08-25T23:43:40.531Z,eighth-and-grand,Eighth & Grand,0-7145,,,2-bed,2 Bed,2,2,1099,4148,4148,4167,available_on,2026-10-01,,
2026-08-25T23:43:40.531Z,eighth-and-grand,Eighth & Grand,0-7167,,,1-bed,1 Bed,1,1,578,2573,2573,2588,available_on,2026-10-08,,
2026-08-25T23:43:40.531Z,beaudry,Beaudry,B-1007,10,,studio,Studio,0,1,550,2660,2660,2676,available_on,2026-10-22,,
2026-08-25T23:43:40.531Z,beaudry,Beaudry,B-1104,11,,1-bed,1 Bed,1,1.5,875,4006,4006,4019,available_on,2026-10-27,,
2026-08-25T23:43:40.531Z,beaudry,Beaudry,B-1204,12,,1-bed,1 Bed,1,1.5,875,4071,4071,4087,available_on,2026-10-01,,
2026-08-25T23:43:40.531Z,beaudry,Beaudry,B-1401,14,,1-bed,1 Bed,1,1.5,818,4731,4731,4747,available_on,2026-09-29,,
2026-08-25T23:43:40.531Z,beaudry,Beaudry,B-1409,14,,1-bed,1 Bed,1,1,860,4952,4952,4968,available_on,2026-09-10,,
2026-08-25T23:43:40.531Z,beaudry,Beaudry,B-1416,14,,2-bed,2 Bed,2,2,1192,6323,6323,6339,available_on,2026-09-06,,
2026-08-25T23:43:40.531Z,beaudry,Beaudry,B-1502,15,,studio,Studio,0,1,539,2695,2695,2708,available_on,2026-10-07,,
2026-08-25T23:43:40.531Z,beaudry,Beaudry,B-1602,16,,studio,Studio,0,1,539,2705,2705,2721,available_on,2026-10-09,,
2026-08-25T23:43:40.531Z,beaudry,Beaudry,B-1714,17,,1-bed,1 Bed,1,1,802,4157,4157,4173,available_on,2026-09-16,,
2026-08-25T23:43:40.531Z,beaudry,Beaudry,B-1801,18,,1-bed,1 Bed,1,1.5,818,4771,4771,4784,available_on,2026-09-16,,
2026-08-25T23:43:40.531Z,beaudry,Beaudry,B-1804,18,,1-bed,1 Bed,1,1.5,875,4121,4121,4137,available_on,2026-09-21,,
2026-08-25T23:43:40.531Z,beaudry,Beaudry,B-1806,18,,1-bed,1 Bed,1,1,868,4332,4332,4345,available_on,2026-10-10,,
2026-08-25T23:43:40.531Z,beaudry,Beaudry,B-1904,19,,1-bed,1 Bed,1,1.5,891,4096,4096,4112,available_on,2026-09-18,,
2026-08-25T23:43:40.531Z,beaudry,Beaudry,B-2004,20,,1-bed,1 Bed,1,1.5,891,4106,4106,4119,available_on,2026-10-04,,
2026-08-25T23:43:40.531Z,beaudry,Beaudry,B-2008,20,,2-bed,2 Bed,2,2,1200,6738,6738,6754,available_on,2026-08-25,,
2026-08-25T23:43:40.531Z,beaudry,Beaudry,B-2009,20,,1-bed,1 Bed,1,1,860,5012,5012,5025,available_on,2026-09-24,,
2026-08-25T23:43:40.531Z,beaudry,Beaudry,B-2013,20,,2-bed,2 Bed,2,2,1192,6058,6058,6074,available_on,2026-09-16,,
2026-08-25T23:43:40.531Z,beaudry,Beaudry,B-2014,20,,1-bed,1 Bed,1,1,817,4287,4287,4303,available_on,2026-10-23,,
2026-08-25T23:43:40.531Z,beaudry,Beaudry,B-2101,21,,1-bed,1 Bed,1,1.5,818,4801,4801,4817,available_on,2026-09-18,,
2026-08-25T23:43:40.531Z,beaudry,Beaudry,B-2111,21,,studio,Studio,0,1,514,2585,2585,2601,available_on,2026-10-20,,
2026-08-25T23:43:40.531Z,beaudry,Beaudry,B-2114,21,,1-bed,1 Bed,1,1,817,4297,4297,4313,available_on,2026-09-21,,
2026-08-25T23:43:40.531Z,beaudry,Beaudry,B-2204,22,,1-bed,1 Bed,1,1.5,891,4126,4126,4142,available_on,2026-09-29,,
2026-08-25T23:43:40.531Z,beaudry,Beaudry,B-2313,23,,2-bed,2 Bed,2,2,1192,6088,6088,6104,available_on,2026-08-25,,
2026-08-25T23:43:40.531Z,beaudry,Beaudry,B-2413,24,,2-bed,2 Bed,2,2,1192,6098,6098,6114,available_on,2026-09-12,,
2026-08-25T23:43:40.531Z,beaudry,Beaudry,B-2415,24,,1-bed,1 Bed,1,1,568,3090,3090,3106,available_on,2026-10-08,,
2026-08-25T23:43:40.531Z,beaudry,Beaudry,B-2514,25,,1-bed,1 Bed,1,1,817,4337,4337,4353,available_on,2026-09-16,,
2026-08-25T23:43:40.531Z,beaudry,Beaudry,B-2803,28,,1-bed,1 Bed,1,1,627,3205,3205,3218,available_on,2026-10-02,,
2026-08-25T23:43:40.531Z,beaudry,Beaudry,B-2805,28,,1-bed,1 Bed,1,1,939,4572,4572,4588,available_on,2026-10-01,,
2026-08-25T23:43:40.531Z,beaudry,Beaudry,B-3005,30,,1-bed,1 Bed,1,1,939,4592,4592,4608,available_on,2026-09-27,,
2026-08-25T23:43:40.531Z,beaudry,Beaudry,B-3008,30,,2-bed,2 Bed,2,2,1200,6928,6928,6944,available_on,2026-09-01,,
2026-08-25T23:43:40.531Z,beaudry,Beaudry,B-3205,32,,1-bed,1 Bed,1,1,939,4612,4612,4628,available_on,2026-10-14,,
2026-08-25T23:43:40.531Z,beaudry,Beaudry,B-3310,33,,1-bed,1 Bed,1,1,594,3115,3115,3131,available_on,2026-10-08,,
2026-08-25T23:43:40.531Z,beaudry,Beaudry,B-3401,34,,1-bed,1 Bed,1,1.5,818,4931,4931,4944,available_on,2026-10-02,,
2026-08-25T23:43:40.531Z,beaudry,Beaudry,B-3406,34,,1-bed,1 Bed,1,1,882,4517,4517,4533,available_on,2026-10-16,,
2026-08-25T23:43:40.531Z,beaudry,Beaudry,B-3709,37,,1-bed,1 Bed,1,1,860,5357,5357,5373,available_on,2026-10-24,,
2026-08-25T23:43:40.531Z,beaudry,Beaudry,B-3713,37,,2-bed,2 Bed,2,2,1192,6253,6253,6269,available_on,2026-08-25,,
2026-08-25T23:43:40.531Z,beaudry,Beaudry,B-4002,40,,studio,Studio,0,1,539,2970,2970,2986,available_on,2026-10-22,,
2026-08-25T23:43:40.531Z,beaudry,Beaudry,B-4011,40,,studio,Studio,0,1,514,2800,2800,2816,available_on,2026-10-01,,
2026-08-25T23:43:40.531Z,beaudry,Beaudry,B-4105,41,,1-bed,1 Bed,1,1.5,1044,4636,4636,4652,available_on,2026-09-30,,
2026-08-25T23:43:40.531Z,beaudry,Beaudry,B-4303,43,,1-bed,1 Bed,1,1,627,3380,3380,3396,available_on,2026-10-11,,
2026-08-25T23:43:40.531Z,beaudry,Beaudry,B-4413,44,,2-bed,2 Bed,2,2,1192,6323,6323,6336,available_on,2026-08-26,,
2026-08-25T23:43:40.531Z,beaudry,Beaudry,B-4504,45,,1-bed,1 Bed,1,1.5,1134,4996,4996,5012,available_on,2026-10-06,,
2026-08-25T23:43:40.531Z,beaudry,Beaudry,B-4507,45,,studio,Studio,0,1,550,3180,3180,3196,available_on,2026-10-08,,
2026-08-25T23:43:40.531Z,beaudry,Beaudry,B-4615,46,,1-bed,1 Bed,1,1,568,3335,3335,3348,available_on,2026-11-15,,
2026-08-25T23:43:40.531Z,beaudry,Beaudry,B-4704,47,,1-bed,1 Bed,1,1.5,1134,5016,5016,5032,available_on,2026-09-24,,
2026-08-25T23:43:40.531Z,beaudry,Beaudry,B-4707,47,,studio,Studio,0,1,550,3200,3200,3216,available_on,2026-10-17,,
2026-08-25T23:43:40.531Z,beaudry,Beaudry,B-4713,47,,2-bed,2 Bed,2,2,1192,6353,6353,6369,available_on,2026-11-03,,
2026-08-25T23:43:40.531Z,beaudry,Beaudry,B-4910,49,,1-bed,1 Bed,1,1.5,926,4355,4355,4371,available_on,2026-10-10,,
2026-08-25T23:43:40.531Z,beaudry,Beaudry,B-5209,52,,2-bed,2 Bed,2,2,1230,6295,6295,6311,available_on,2026-09-15,,
2026-08-25T23:43:40.531Z,beaudry,Beaudry,B-5405,54,,3-bed,3 Bed,3,2.5,1734,9052,9052,9068,available_on,2026-10-05,,
2026-08-25T23:43:40.531Z,beaudry,Beaudry,B-5607,56,,1-bed,1 Bed,1,1,1006,5610,5610,5623,available_on,2026-08-25,,
2026-08-25T23:43:40.531Z,circa-la,Circa LA,W3206,32,,1-bed,1 Bed,1,1,745,3354,3354,3404,available_on,2026-08-25,,
2026-08-25T23:43:40.531Z,circa-la,Circa LA,W3208,32,,1-bed,1 Bed,1,1,770,3628,3628,3678,available_on,2026-08-25,,
2026-08-25T23:43:40.531Z,circa-la,Circa LA,W2618,26,,1-bed,1 Bed,1,1,923,4069,4069,4119,available_on,2026-08-27,,
2026-08-25T23:43:40.531Z,circa-la,Circa LA,W2518,25,,1-bed,1 Bed,1,1,923,3870,3870,3920,available_on,2026-08-25,,
2026-08-25T23:43:40.531Z,circa-la,Circa LA,W2006,20,,1-bed,1 Bed,1,1,745,3388,3388,3438,available_on,2026-09-14,,
2026-08-25T23:43:40.531Z,circa-la,Circa LA,W1708,17,,1-bed,1 Bed,1,1,770,3323,3323,3373,available_on,2026-08-25,,
2026-08-25T23:43:40.531Z,circa-la,Circa LA,W1724,17,,2-bed,2 Bed,2,2,1463,4755,4755,4805,available_on,2026-10-28,,
2026-08-25T23:43:40.531Z,circa-la,Circa LA,W1624,16,,2-bed,2 Bed,2,2,1463,4747,4747,4797,available_on,2026-09-03,,
2026-08-25T23:43:40.531Z,circa-la,Circa LA,W1412,14,,2-bed,2 Bed,2,2.5,1762,5527,5527,5577,available_on,2026-09-26,,
2026-08-25T23:43:40.531Z,circa-la,Circa LA,W1120,11,,1-bed,1 Bed,1,1,927,3335,3335,3385,available_on,2026-09-18,,
2026-08-25T23:43:40.531Z,circa-la,Circa LA,W924,9,,2-bed,2 Bed,2,2,1463,4601,4601,4651,available_on,2026-08-25,,
2026-08-25T23:43:40.531Z,circa-la,Circa LA,W820,8,,1-bed,1 Bed,1,1,927,4066,4066,4116,available_on,2026-08-25,,
2026-08-25T23:43:40.531Z,circa-la,Circa LA,E3201,32,,1-bed,1 Bed,1,1,627,3107,3107,3157,available_on,2026-08-25,,
2026-08-25T23:43:40.531Z,circa-la,Circa LA,E3221,32,,1-bed,1 Bed,1,1,871,3720,3720,3770,available_on,2026-08-25,,
2026-08-25T23:43:40.531Z,circa-la,Circa LA,E3001,30,,1-bed,1 Bed,1,1,627,2825,2825,2875,available_on,2026-08-25,,
2026-08-25T23:43:40.531Z,circa-la,Circa LA,E2911,29,,2-bed,2 Bed,2,2.5,1762,5677,5677,5727,available_on,2026-08-26,,
2026-08-25T23:43:40.531Z,circa-la,Circa LA,E2917,29,,1-bed,1 Bed,1,1,923,3872,3872,3922,available_on,2026-09-05,,
2026-08-25T23:43:40.531Z,circa-la,Circa LA,E2921,29,,1-bed,1 Bed,1,1,871,3644,3644,3694,available_on,2026-10-04,,
2026-08-25T23:43:40.531Z,circa-la,Circa LA,E2501,25,,1-bed,1 Bed,1,1,627,2876,2876,2926,available_on,2026-09-17,,
2026-08-25T23:43:40.531Z,circa-la,Circa LA,E2411,24,,2-bed,2 Bed,2,2.5,1762,5576,5576,5626,available_on,2026-09-05,,
2026-08-25T23:43:40.531Z,circa-la,Circa LA,E2419,24,,1-bed,1 Bed,1,1,927,3530,3530,3580,available_on,2026-09-21,,
2026-08-25T23:43:40.531Z,circa-la,Circa LA,E2223,22,,2-bed,2 Bed,2,2,1463,4939,4939,4989,available_on,2026-08-25,,
2026-08-25T23:43:40.531Z,circa-la,Circa LA,E1813,18,,2-bed,2 Bed,2,2.5,1898,5965,5965,6015,available_on,2026-08-25,,
2026-08-25T23:43:40.531Z,circa-la,Circa LA,E1405,14,,1-bed,1 Bed,1,1,745,2941,2941,2991,available_on,2026-09-24,,
2026-08-25T23:43:40.531Z,circa-la,Circa LA,E1115,11,,1-bed,1 Bed,1,1,868,3269,3269,3319,available_on,2026-10-04,,
2026-08-25T23:43:40.531Z,circa-la,Circa LA,E3301,33,,3-bed,3 Bed,3,4.5,3984,19486,19486,19536,available_on,2026-08-25,,
2026-08-25T23:43:40.531Z,circa-la,Circa LA,W3302,33,,3-bed,3 Bed,3,4.5,3842,22551,22551,22601,available_on,2026-08-25,,
2026-08-25T23:43:40.531Z,circa-la,Circa LA,W3312,33,,3-bed,3 Bed,3,3.5,2900,17028,17028,17078,available_on,2026-08-25,,
2026-08-25T23:43:40.531Z,circa-la,Circa LA,E3411,34,,3-bed,3 Bed,3,3.5,2878,13006,13006,13056,available_on,2026-08-25,,
2026-08-25T23:43:40.531Z,circa-la,Circa LA,W3402,34,,3-bed,3 Bed,3,4.5,3842,22643,22643,22693,available_on,2026-08-25,,
2026-08-25T23:43:40.531Z,circa-la,Circa LA,W3406,34,,2-bed,2 Bed,2,2,1338,7315,7315,7365,available_on,2026-09-01,,
2026-08-25T23:43:40.531Z,circa-la,Circa LA,E3501,35,,3-bed,3 Bed,3,4.5,3984,22435,22435,22485,available_on,2026-08-25,,
2026-08-25T23:43:40.531Z,circa-la,Circa LA,E3505,35,,2-bed,2 Bed,2,2,1338,6188,6188,6238,available_on,2026-08-25,,
2026-08-25T23:43:40.531Z,circa-la,Circa LA,E3511,35,,3-bed,3 Bed,3,3.5,2878,14850,14850,14900,available_on,2026-08-25,,
2026-08-25T23:43:40.531Z,circa-la,Circa LA,W3502,35,,3-bed,3 Bed,3,4.5,3842,23359,23359,23409,available_on,2026-08-25,,
2026-08-25T23:43:40.531Z,circa-la,Circa LA,W3508,35,,2-bed,2 Bed,2,2,1524,8045,8045,8095,available_on,2026-10-31,,
2026-08-25T23:43:40.531Z,circa-la,Circa LA,W3512,35,,3-bed,3 Bed,3,3.5,2900,17398,17398,17448,available_on,2026-08-25,,
2026-08-26T15:55:02.726Z,825-south-hill,825 South Hill,201,2,A2,2-bed-den,2 Bed + Den,2,,1090,3909,5010,,available,,29417540,2413008
2026-08-26T15:55:02.726Z,825-south-hill,825 South Hill,301,3,A2,2-bed-den,2 Bed + Den,2,,1090,3924,5030,,available,,29417543,2413008
2026-08-26T15:55:02.726Z,825-south-hill,825 South Hill,302,3,B,2-bed,2 Bed,2,,993,3619,4647,,available,,29417544,2413011
2026-08-26T15:55:02.726Z,825-south-hill,825 South Hill,607,6,TH2,townhomes,Townhomes,,,1385,5578,7507,,available,,29417562,2413022
2026-08-26T15:55:02.726Z,825-south-hill,825 South Hill,1505,15,J,2-bed,2 Bed,2,,991,3788,4858,,available_on,2026-09-19,29417141,2413023
2026-08-26T15:55:02.726Z,825-south-hill,825 South Hill,4211,42,J1,2-bed,2 Bed,2,,988,4478,5743,,available_on,2026-09-05,29417134,2413026
2026-08-26T15:55:02.726Z,825-south-hill,825 South Hill,3012,30,K,1-bed,1 Bed,1,,670,3499,4457,,available_on,2026-10-12,29417188,2413027
2026-08-26T15:55:02.726Z,825-south-hill,825 South Hill,3412,34,K,1-bed,1 Bed,1,,670,3514,4496,,available_on,2026-08-29,29417189,2413027
2026-08-26T15:55:02.726Z,825-south-hill,825 South Hill,4312,43,K,1-bed,1 Bed,1,,670,3511,4492,,available,,29417198,2413027
2026-08-26T15:55:02.726Z,825-south-hill,825 South Hill,2901,29,K1,1-bed,1 Bed,1,,716,3514,4489,,available_on,2026-09-09,29417218,2413028
2026-08-26T15:55:02.726Z,825-south-hill,825 South Hill,3603,36,M,2-bed-den,2 Bed + Den,2,,1099,4514,5803,,available_on,2026-09-07,29417253,2413032
2026-08-26T15:55:02.726Z,825-south-hill,825 South Hill,3809,38,M1,2-bed-den,2 Bed + Den,2,,1109,4412,5655,,available,,29417286,2413033
2026-08-26T15:55:02.726Z,825-south-hill,825 South Hill,1504,15,N,jr-2-bed,Jr. 2 Bed,2,,792,3223,4145,,available,,29417296,2413034
2026-08-26T15:55:02.726Z,825-south-hill,825 South Hill,2204,22,N,jr-2-bed,Jr. 2 Bed,2,,792,3308,4250,,available_on,2026-09-28,29417302,2413034
2026-08-26T15:55:02.726Z,825-south-hill,825 South Hill,3704,37,N,jr-2-bed,Jr. 2 Bed,2,,792,3548,4558,,available_on,2026-09-14,29417313,2413034
2026-08-26T15:55:02.726Z,825-south-hill,825 South Hill,4204,42,N,jr-2-bed,Jr. 2 Bed,2,,792,3668,4717,,available,,29417317,2413034
2026-08-26T15:55:02.726Z,825-south-hill,825 South Hill,1910,19,N1,jr-2-bed,Jr. 2 Bed,2,,807,3123,4012,,available_on,2026-09-11,29417327,2413035
2026-08-26T15:55:02.726Z,825-south-hill,825 South Hill,3610,36,N1,jr-2-bed,Jr. 2 Bed,2,,807,3433,4415,,available_on,2026-08-29,29417341,2413035
2026-08-26T15:55:02.726Z,825-south-hill,825 South Hill,4110,41,N1,jr-2-bed,Jr. 2 Bed,2,,807,3496,4496,,available,,29417346,2413035
2026-08-26T15:55:02.726Z,825-south-hill,825 South Hill,4310,43,N1,jr-2-bed,Jr. 2 Bed,2,,807,3618,4637,,available_on,2026-10-07,29417348,2413035
2026-08-26T15:55:02.726Z,825-south-hill,825 South Hill,3902,39,O,1-bed,1 Bed,1,,538,3397,4302,,available_on,2026-10-10,29417415,2413037
2026-08-26T15:55:02.726Z,825-south-hill,825 South Hill,4602,46,O,1-bed,1 Bed,1,,538,3542,4471,,available_on,2026-11-07,29417390,2413037
2026-08-26T15:55:02.726Z,825-south-hill,825 South Hill,1107,11,O1,1-bed,1 Bed,1,,560,3052,3879,,available_on,2026-09-28,29417419,2413039
2026-08-26T15:55:02.726Z,825-south-hill,825 South Hill,2406,24,O3,1-bed,1 Bed,1,,562,3187,4036,,available_on,2026-10-02,29417461,2522879
2026-08-26T15:55:02.726Z,atelier,Atelier,0707,7,,1-bed,1 Bed,1,1,778,3389,3389,3406,available_on,2026-10-22,,
2026-08-26T15:55:02.726Z,atelier,Atelier,0806,8,,1-bed,1 Bed,1,1,829,3869,3869,3886,available_on,2026-10-02,,
2026-08-26T15:55:02.726Z,atelier,Atelier,1402,14,,1-bed,1 Bed,1,1,622,3439,3439,3456,available_on,2026-11-07,,
2026-08-26T15:55:02.726Z,atelier,Atelier,1407,14,,1-bed,1 Bed,1,1,778,3539,3539,3556,available_on,2026-10-07,,
2026-08-26T15:55:02.726Z,atelier,Atelier,1508,15,,1-bed,1 Bed,1,1,778,3554,3554,3571,available_on,2026-10-18,,
2026-08-26T15:55:02.726Z,atelier,Atelier,1905,19,,1-bed,1 Bed,1,1,778,3899,3899,3916,available_on,2026-09-15,,
2026-08-26T15:55:02.726Z,atelier,Atelier,2312,23,,1-bed,1 Bed,1,1,685,3964,3964,3981,available_on,2026-10-08,,
2026-08-26T15:55:02.726Z,atelier,Atelier,2404,24,,1-bed,1 Bed,1,1,829,4259,4259,4276,available_on,2026-08-26,,
2026-08-26T15:55:02.726Z,atelier,Atelier,2414,24,,2-bed,2 Bed,2,2,975,4716,4716,4733,available_on,2026-09-07,,
2026-08-26T15:55:02.726Z,atelier,Atelier,2501,25,,2-bed,2 Bed,2,2.5,1377,6483,6483,6500,available_on,2026-08-31,,
2026-08-26T15:55:02.726Z,atelier,Atelier,2504,25,,1-bed,1 Bed,1,1,829,4279,4279,4296,available_on,2026-10-28,,
2026-08-26T15:55:02.726Z,atelier,Atelier,2602,26,,2-bed,2 Bed,2,2.5,1514,7548,7548,7565,available_on,2026-08-27,,
2026-08-26T15:55:02.726Z,atelier,Atelier,3001,30,,2-bed,2 Bed,2,2.5,1377,6673,6673,6690,available_on,2026-09-21,,
2026-08-26T15:55:02.726Z,atelier,Atelier,3106,31,,1-bed,1 Bed,1,1,778,4214,4214,4231,available_on,2026-08-26,,
2026-08-26T15:55:02.726Z,atelier,Atelier,3108,31,,1-bed,1 Bed,1,1,685,4304,4304,4321,available_on,2026-08-26,,
2026-08-26T15:55:02.726Z,atelier,Atelier,3110,31,,1-bed,1 Bed,1,1,685,4389,4389,4406,available_on,2026-08-26,,
2026-08-26T15:55:02.726Z,atelier,Atelier,3210,32,,1-bed,1 Bed,1,1,685,4459,4459,4476,available_on,2026-08-26,,
2026-08-26T15:55:02.726Z,atelier,Atelier,PH01,,,2-bed,2 Bed,2,2.5,1470,8955,8955,8972,available_on,2026-08-26,,
2026-08-26T15:55:02.726Z,atelier,Atelier,PH08,,,3-bed,3 Bed,3,3,1731,9231,9231,9248,available_on,2026-08-26,,
2026-08-26T15:55:02.726Z,eighth-and-grand,Eighth & Grand,0-2017,,,1-bed,1 Bed,1,1,762,2449,2449,2468,available_on,2026-09-10,,
2026-08-26T15:55:02.726Z,eighth-and-grand,Eighth & Grand,0-2037,,,1-bed,1 Bed,1,1,762,2449,2449,2468,available_on,2026-09-15,,
2026-08-26T15:55:02.726Z,eighth-and-grand,Eighth & Grand,0-2041,,,1-bed,1 Bed,1,1,762,2449,2449,2468,available_on,2026-09-05,,
2026-08-26T15:55:02.726Z,eighth-and-grand,Eighth & Grand,0-2051,,,2-bed,2 Bed,2,2.5,1094,3786,3786,3805,available_on,2026-08-26,,
2026-08-26T15:55:02.726Z,eighth-and-grand,Eighth & Grand,0-2077,,,1-bed,1 Bed,1,1,578,2250,2250,2269,available_on,2026-09-26,,
2026-08-26T15:55:02.726Z,eighth-and-grand,Eighth & Grand,0-2102,,,studio,Studio,0,1,527,2174,2174,2193,available_on,2026-10-17,,
2026-08-26T15:55:02.726Z,eighth-and-grand,Eighth & Grand,0-2152,,,studio,Studio,0,1,540,2179,2179,2198,available_on,2026-10-16,,
2026-08-26T15:55:02.726Z,eighth-and-grand,Eighth & Grand,0-2153,,,2-bed,2 Bed,2,2,1168,3541,3541,3560,available_on,2026-08-26,,
2026-08-26T15:55:02.726Z,eighth-and-grand,Eighth & Grand,0-2161,,,2-bed,2 Bed,2,2,1109,3336,3336,3355,available_on,2026-10-10,,
2026-08-26T15:55:02.726Z,eighth-and-grand,Eighth & Grand,0-3028,,,1-bed,1 Bed,1,1,779,2769,2769,2788,available_on,2026-08-26,,
2026-08-26T15:55:02.726Z,eighth-and-grand,Eighth & Grand,0-3104,,,1-bed,1 Bed,1,1,802,2634,2634,2653,available_on,2026-09-28,,
2026-08-26T15:55:02.726Z,eighth-and-grand,Eighth & Grand,0-3136,,,1-bed,1 Bed,1,1,777,2309,2309,2328,available_on,2026-10-12,,
2026-08-26T15:55:02.726Z,eighth-and-grand,Eighth & Grand,0-4028,,,1-bed,1 Bed,1,1,779,2789,2789,2808,available_on,2026-10-09,,
2026-08-26T15:55:02.726Z,eighth-and-grand,Eighth & Grand,0-4071,,,1-bed,1 Bed,1,1,840,2414,2414,2433,available_on,2026-10-23,,
2026-08-26T15:55:02.726Z,eighth-and-grand,Eighth & Grand,0-4080,,,1-bed,1 Bed,1,1,777,2304,2304,2323,available_on,2026-09-29,,
2026-08-26T15:55:02.726Z,eighth-and-grand,Eighth & Grand,0-4108,,,studio,Studio,0,1,540,2304,2304,2323,available_on,2026-08-28,,
2026-08-26T15:55:02.726Z,eighth-and-grand,Eighth & Grand,0-4114,,,studio,Studio,0,1,520,2259,2259,2278,available_on,2026-10-15,,
2026-08-26T15:55:02.726Z,eighth-and-grand,Eighth & Grand,0-4139,,,1-bed,1 Bed,1,1,578,2425,2425,2444,available_on,2026-08-26,,
2026-08-26T15:55:02.726Z,eighth-and-grand,Eighth & Grand,0-5005,,,1-bed,1 Bed,1,1,762,2859,2859,2878,available_on,2026-08-26,,
2026-08-26T15:55:02.726Z,eighth-and-grand,Eighth & Grand,0-5026,,,1-bed,1 Bed,1,1,779,2849,2849,2868,available_on,2026-08-26,,
2026-08-26T15:55:02.726Z,eighth-and-grand,Eighth & Grand,0-5029,,,1-bed,1 Bed,1,1,880,2934,2934,2953,available_on,2026-08-26,,
2026-08-26T15:55:02.726Z,eighth-and-grand,Eighth & Grand,0-5032,,,1-bed,1 Bed,1,1,779,2849,2849,2868,available_on,2026-08-26,,
2026-08-26T15:55:02.726Z,eighth-and-grand,Eighth & Grand,0-5034,,,2-bed,2 Bed,2,2,1046,3346,3346,3365,available_on,2026-08-26,,
2026-08-26T15:55:02.726Z,eighth-and-grand,Eighth & Grand,0-5035,,,1-bed,1 Bed,1,1,880,2859,2859,2878,available_on,2026-08-26,,
2026-08-26T15:55:02.726Z,eighth-and-grand,Eighth & Grand,0-5046,,,1-bed,1 Bed,1,1,578,2470,2470,2489,available_on,2026-09-20,,
2026-08-26T15:55:02.726Z,eighth-and-grand,Eighth & Grand,0-5086,,,1-bed,1 Bed,1,1,777,2449,2449,2468,available_on,2026-10-06,,
2026-08-26T15:55:02.726Z,eighth-and-grand,Eighth & Grand,0-5094,,,1-bed,1 Bed,1,1,715,2699,2699,2718,available_on,2026-08-26,,
2026-08-26T15:55:02.726Z,eighth-and-grand,Eighth & Grand,0-5096,,,1-bed,1 Bed,1,1,584,2534,2534,2553,available_on,2026-08-30,,
2026-08-26T15:55:02.726Z,eighth-and-grand,Eighth & Grand,0-5153,,,2-bed,2 Bed,2,2,1278,3991,3991,4010,available_on,2026-09-23,,
2026-08-26T15:55:02.726Z,eighth-and-grand,Eighth & Grand,0-5162,,,studio,Studio,0,1,520,2269,2269,2288,available_on,2026-10-30,,
2026-08-26T15:55:02.726Z,eighth-and-grand,Eighth & Grand,0-6002,,,1-bed,1 Bed,1,1,639,2499,2499,2518,available_on,2026-08-26,,
2026-08-26T15:55:02.726Z,eighth-and-grand,Eighth & Grand,0-6011,,,1-bed,1 Bed,1,1,880,2909,2909,2928,available_on,2026-08-26,,
2026-08-26T15:55:02.726Z,eighth-and-grand,Eighth & Grand,0-6017,,,1-bed,1 Bed,1,1,880,2959,2959,2978,available_on,2026-08-26,,
2026-08-26T15:55:02.726Z,eighth-and-grand,Eighth & Grand,0-6035,,,1-bed,1 Bed,1,1,762,2779,2779,2798,available_on,2026-09-02,,
2026-08-26T15:55:02.726Z,eighth-and-grand,Eighth & Grand,0-6037,,,1-bed,1 Bed,1,1,762,2874,2874,2893,available_on,2026-08-26,,
2026-08-26T15:55:02.726Z,eighth-and-grand,Eighth & Grand,0-6057,,,2-bed,2 Bed,2,2,1211,3666,3666,3685,available_on,2026-09-06,,
2026-08-26T15:55:02.726Z,eighth-and-grand,Eighth & Grand,0-6066,,,1-bed,1 Bed,1,1,762,2774,2774,2793,available_on,2026-08-26,,
2026-08-26T15:55:02.726Z,eighth-and-grand,Eighth & Grand,0-6068,,,1-bed,1 Bed,1,1,579,2344,2344,2363,available_on,2026-09-18,,
2026-08-26T15:55:02.726Z,eighth-and-grand,Eighth & Grand,0-6071,,,1-bed,1 Bed,1,1,840,2514,2514,2533,available_on,2026-09-09,,
2026-08-26T15:55:02.726Z,eighth-and-grand,Eighth & Grand,0-6094,,,1-bed,1 Bed,1,1,715,2824,2824,2843,available_on,2026-08-26,,
2026-08-26T15:55:02.726Z,eighth-and-grand,Eighth & Grand,0-6137,,,1-bed,1 Bed,1,1,578,2475,2475,2494,available_on,2026-09-10,,
2026-08-26T15:55:02.726Z,eighth-and-grand,Eighth & Grand,0-6149,,,studio,Studio,0,1,558,2399,2399,2418,available_on,2026-08-26,,
2026-08-26T15:55:02.726Z,eighth-and-grand,Eighth & Grand,0-6152,,,studio,Studio,0,1,540,2404,2404,2423,available_on,2026-11-01,,
2026-08-26T15:55:02.726Z,eighth-and-grand,Eighth & Grand,0-6154,,,studio,Studio,0,1,520,2319,2319,2338,available_on,2026-11-07,,
2026-08-26T15:55:02.726Z,eighth-and-grand,Eighth & Grand,0-6166,,,1-bed,1 Bed,1,1,822,2824,2824,2843,available_on,2026-09-28,,
2026-08-26T15:55:02.726Z,eighth-and-grand,Eighth & Grand,0-7024,,,1-bed,1 Bed,1,1,791,2779,2779,2798,available_on,2026-08-26,,
2026-08-26T15:55:02.726Z,eighth-and-grand,Eighth & Grand,0-7042,,,1-bed,1 Bed,1,1,578,2395,2395,2414,available_on,2026-08-26,,
2026-08-26T15:55:02.726Z,eighth-and-grand,Eighth & Grand,0-7066,,,1-bed,1 Bed,1,1,762,2824,2824,2843,available_on,2026-08-26,,
2026-08-26T15:55:02.726Z,eighth-and-grand,Eighth & Grand,0-7071,,,1-bed,1 Bed,1,1,840,2839,2839,2858,available_on,2026-09-07,,
2026-08-26T15:55:02.726Z,eighth-and-grand,Eighth & Grand,0-7082,,,1-bed,1 Bed,1,1,777,2654,2654,2673,available_on,2026-08-31,,
2026-08-26T15:55:02.726Z,eighth-and-grand,Eighth & Grand,0-7090,,,2-bed,2 Bed,2,1,976,3271,3271,3290,available_on,2026-08-26,,
2026-08-26T15:55:02.726Z,eighth-and-grand,Eighth & Grand,0-7096,,,1-bed,1 Bed,1,1,584,2709,2709,2728,available_on,2026-08-26,,
2026-08-26T15:55:02.726Z,eighth-and-grand,Eighth & Grand,0-7145,,,2-bed,2 Bed,2,2,1099,4111,4111,4130,available_on,2026-10-01,,
2026-08-26T15:55:02.726Z,eighth-and-grand,Eighth & Grand,0-7167,,,1-bed,1 Bed,1,1,578,2575,2575,2594,available_on,2026-10-08,,
2026-08-26T15:55:02.726Z,beaudry,Beaudry,B-0514,5,,1-bed,1 Bed,1,1,794,4097,4097,4113,available_on,2026-10-31,,
2026-08-26T15:55:02.726Z,beaudry,Beaudry,B-1007,10,,studio,Studio,0,1,550,2660,2660,2676,available_on,2026-10-22,,
2026-08-26T15:55:02.726Z,beaudry,Beaudry,B-1014,10,,1-bed,1 Bed,1,1,802,4147,4147,4163,available_on,2026-09-12,,
2026-08-26T15:55:02.726Z,beaudry,Beaudry,B-1104,11,,1-bed,1 Bed,1,1.5,875,3987,3987,4003,available_on,2026-10-27,,
2026-08-26T15:55:02.726Z,beaudry,Beaudry,B-1204,12,,1-bed,1 Bed,1,1.5,875,4052,4052,4068,available_on,2026-10-01,,
2026-08-26T15:55:02.726Z,beaudry,Beaudry,B-1401,14,,1-bed,1 Bed,1,1.5,818,4712,4712,4728,available_on,2026-09-29,,
2026-08-26T15:55:02.726Z,beaudry,Beaudry,B-1409,14,,1-bed,1 Bed,1,1,860,4952,4952,4968,available_on,2026-09-10,,
2026-08-26T15:55:02.726Z,beaudry,Beaudry,B-1416,14,,2-bed,2 Bed,2,2,1192,6308,6308,6324,available_on,2026-09-06,,
2026-08-26T15:55:02.726Z,beaudry,Beaudry,B-1502,15,,studio,Studio,0,1,539,2695,2695,2711,available_on,2026-10-07,,
2026-08-26T15:55:02.726Z,beaudry,Beaudry,B-1602,16,,studio,Studio,0,1,539,2705,2705,2721,available_on,2026-10-09,,
2026-08-26T15:55:02.726Z,beaudry,Beaudry,B-1801,18,,1-bed,1 Bed,1,1.5,818,4752,4752,4768,available_on,2026-09-16,,
2026-08-26T15:55:02.726Z,beaudry,Beaudry,B-1804,18,,1-bed,1 Bed,1,1.5,875,4102,4102,4118,available_on,2026-09-21,,
2026-08-26T15:55:02.726Z,beaudry,Beaudry,B-1806,18,,1-bed,1 Bed,1,1,868,4332,4332,4348,available_on,2026-10-10,,
2026-08-26T15:55:02.726Z,beaudry,Beaudry,B-1904,19,,1-bed,1 Bed,1,1.5,891,4077,4077,4093,available_on,2026-09-18,,
2026-08-26T15:55:02.726Z,beaudry,Beaudry,B-2004,20,,1-bed,1 Bed,1,1.5,891,4087,4087,4103,available_on,2026-10-04,,
2026-08-26T15:55:02.726Z,beaudry,Beaudry,B-2008,20,,2-bed,2 Bed,2,2,1200,6723,6723,6739,available_on,2026-08-26,,
2026-08-26T15:55:02.726Z,beaudry,Beaudry,B-2009,20,,1-bed,1 Bed,1,1,860,5012,5012,5028,available_on,2026-09-24,,
2026-08-26T15:55:02.726Z,beaudry,Beaudry,B-2013,20,,2-bed,2 Bed,2,2,1192,6043,6043,6059,available_on,2026-09-16,,
2026-08-26T15:55:02.726Z,beaudry,Beaudry,B-2014,20,,1-bed,1 Bed,1,1,817,4287,4287,4303,available_on,2026-10-23,,
2026-08-26T15:55:02.726Z,beaudry,Beaudry,B-2101,21,,1-bed,1 Bed,1,1.5,818,4782,4782,4798,available_on,2026-09-18,,
2026-08-26T15:55:02.726Z,beaudry,Beaudry,B-2111,21,,studio,Studio,0,1,514,2585,2585,2601,available_on,2026-10-20,,
2026-08-26T15:55:02.726Z,beaudry,Beaudry,B-2114,21,,1-bed,1 Bed,1,1,817,4297,4297,4313,available_on,2026-09-21,,
2026-08-26T15:55:02.726Z,beaudry,Beaudry,B-2204,22,,1-bed,1 Bed,1,1.5,891,4107,4107,4123,available_on,2026-09-29,,
2026-08-26T15:55:02.726Z,beaudry,Beaudry,B-2313,23,,2-bed,2 Bed,2,2,1192,6073,6073,6089,available_on,2026-08-26,,
2026-08-26T15:55:02.726Z,beaudry,Beaudry,B-2413,24,,2-bed,2 Bed,2,2,1192,6083,6083,6099,available_on,2026-09-12,,
2026-08-26T15:55:02.726Z,beaudry,Beaudry,B-2415,24,,1-bed,1 Bed,1,1,568,3081,3081,3097,available_on,2026-10-08,,
2026-08-26T15:55:02.726Z,beaudry,Beaudry,B-2514,25,,1-bed,1 Bed,1,1,817,4337,4337,4353,available_on,2026-09-16,,
2026-08-26T15:55:02.726Z,beaudry,Beaudry,B-2803,28,,1-bed,1 Bed,1,1,627,3196,3196,3212,available_on,2026-10-02,,
2026-08-26T15:55:02.726Z,beaudry,Beaudry,B-2805,28,,1-bed,1 Bed,1,1,939,4572,4572,4588,available_on,2026-10-01,,
2026-08-26T15:55:02.726Z,beaudry,Beaudry,B-2906,29,,1-bed,1 Bed,1,1,882,4467,4467,4483,available_on,2026-09-30,,
2026-08-26T15:55:02.726Z,beaudry,Beaudry,B-3005,30,,1-bed,1 Bed,1,1,939,4592,4592,4608,available_on,2026-09-27,,
2026-08-26T15:55:02.726Z,beaudry,Beaudry,B-3008,30,,2-bed,2 Bed,2,2,1200,6913,6913,6929,available_on,2026-09-01,,
2026-08-26T15:55:02.726Z,beaudry,Beaudry,B-3205,32,,1-bed,1 Bed,1,1,939,4612,4612,4628,available_on,2026-10-14,,
2026-08-26T15:55:02.726Z,beaudry,Beaudry,B-3310,33,,1-bed,1 Bed,1,1,594,3106,3106,3122,available_on,2026-10-08,,
2026-08-26T15:55:02.726Z,beaudry,Beaudry,B-3401,34,,1-bed,1 Bed,1,1.5,818,4912,4912,4928,available_on,2026-10-02,,
2026-08-26T15:55:02.726Z,beaudry,Beaudry,B-3406,34,,1-bed,1 Bed,1,1,882,4517,4517,4533,available_on,2026-10-16,,
2026-08-26T15:55:02.726Z,beaudry,Beaudry,B-3709,37,,1-bed,1 Bed,1,1,860,5357,5357,5373,available_on,2026-10-24,,
2026-08-26T15:55:02.726Z,beaudry,Beaudry,B-3713,37,,2-bed,2 Bed,2,2,1192,6238,6238,6254,available_on,2026-08-26,,
2026-08-26T15:55:02.726Z,beaudry,Beaudry,B-4002,40,,studio,Studio,0,1,539,2970,2970,2986,available_on,2026-10-22,,
2026-08-26T15:55:02.726Z,beaudry,Beaudry,B-4011,40,,studio,Studio,0,1,514,2800,2800,2816,available_on,2026-10-01,,
2026-08-26T15:55:02.726Z,beaudry,Beaudry,B-4105,41,,1-bed,1 Bed,1,1.5,1044,4617,4617,4633,available_on,2026-09-30,,
2026-08-26T15:55:02.726Z,beaudry,Beaudry,B-4303,43,,1-bed,1 Bed,1,1,627,3371,3371,3387,available_on,2026-10-11,,
2026-08-26T15:55:02.726Z,beaudry,Beaudry,B-4306,43,,1-bed,1 Bed,1,1,882,4632,4632,4648,available_on,2026-11-04,,
2026-08-26T15:55:02.726Z,beaudry,Beaudry,B-4413,44,,2-bed,2 Bed,2,2,1192,6308,6308,6324,available_on,2026-08-26,,
2026-08-26T15:55:02.726Z,beaudry,Beaudry,B-4504,45,,1-bed,1 Bed,1,1.5,1134,4977,4977,4993,available_on,2026-10-06,,
2026-08-26T15:55:02.726Z,beaudry,Beaudry,B-4507,45,,studio,Studio,0,1,550,3180,3180,3196,available_on,2026-10-08,,
2026-08-26T15:55:02.726Z,beaudry,Beaudry,B-4615,46,,1-bed,1 Bed,1,1,568,3326,3326,3342,available_on,2026-11-15,,
2026-08-26T15:55:02.726Z,beaudry,Beaudry,B-4704,47,,1-bed,1 Bed,1,1.5,1134,4997,4997,5013,available_on,2026-09-24,,
2026-08-26T15:55:02.726Z,beaudry,Beaudry,B-4707,47,,studio,Studio,0,1,550,3200,3200,3216,available_on,2026-10-17,,
2026-08-26T15:55:02.726Z,beaudry,Beaudry,B-4713,47,,2-bed,2 Bed,2,2,1192,6338,6338,6354,available_on,2026-11-03,,
2026-08-26T15:55:02.726Z,beaudry,Beaudry,B-4910,49,,1-bed,1 Bed,1,1.5,926,4355,4355,4371,available_on,2026-10-10,,
2026-08-26T15:55:02.726Z,beaudry,Beaudry,B-5209,52,,2-bed,2 Bed,2,2,1230,6295,6295,6311,available_on,2026-09-15,,
2026-08-26T15:55:02.726Z,beaudry,Beaudry,B-5405,54,,3-bed,3 Bed,3,2.5,1734,9076,9076,9092,available_on,2026-10-05,,
2026-08-26T15:55:02.726Z,beaudry,Beaudry,B-5607,56,,1-bed,1 Bed,1,1,1006,5610,5610,5626,available_on,2026-08-26,,
2026-08-26T15:55:02.726Z,circa-la,Circa LA,W3206,32,,1-bed,1 Bed,1,1,745,3358,3358,3408,available_on,2026-08-26,,
2026-08-26T15:55:02.726Z,circa-la,Circa LA,W3208,32,,1-bed,1 Bed,1,1,770,3636,3636,3686,available_on,2026-08-26,,
2026-08-26T15:55:02.726Z,circa-la,Circa LA,W2618,26,,1-bed,1 Bed,1,1,923,4069,4069,4119,available_on,2026-08-27,,
2026-08-26T15:55:02.726Z,circa-la,Circa LA,W2518,25,,1-bed,1 Bed,1,1,923,3856,3856,3906,available_on,2026-08-26,,
2026-08-26T15:55:02.726Z,circa-la,Circa LA,W2006,20,,1-bed,1 Bed,1,1,745,3388,3388,3438,available_on,2026-09-14,,
2026-08-26T15:55:02.726Z,circa-la,Circa LA,W1708,17,,1-bed,1 Bed,1,1,770,3327,3327,3377,available_on,2026-08-26,,
2026-08-26T15:55:02.726Z,circa-la,Circa LA,W1724,17,,2-bed,2 Bed,2,2,1463,4755,4755,4805,available_on,2026-10-28,,
2026-08-26T15:55:02.726Z,circa-la,Circa LA,W1624,16,,2-bed,2 Bed,2,2,1463,4747,4747,4797,available_on,2026-09-03,,
2026-08-26T15:55:02.726Z,circa-la,Circa LA,W1412,14,,2-bed,2 Bed,2,2.5,1762,5527,5527,5577,available_on,2026-09-26,,
2026-08-26T15:55:02.726Z,circa-la,Circa LA,W1120,11,,1-bed,1 Bed,1,1,927,3335,3335,3385,available_on,2026-09-18,,
2026-08-26T15:55:02.726Z,circa-la,Circa LA,W924,9,,2-bed,2 Bed,2,2,1463,4601,4601,4651,available_on,2026-08-26,,
2026-08-26T15:55:02.726Z,circa-la,Circa LA,W820,8,,1-bed,1 Bed,1,1,927,4051,4051,4101,available_on,2026-08-26,,
2026-08-26T15:55:02.726Z,circa-la,Circa LA,E3201,32,,1-bed,1 Bed,1,1,627,3107,3107,3157,available_on,2026-08-26,,
2026-08-26T15:55:02.726Z,circa-la,Circa LA,E3221,32,,1-bed,1 Bed,1,1,871,3720,3720,3770,available_on,2026-08-26,,
2026-08-26T15:55:02.726Z,circa-la,Circa LA,E3001,30,,1-bed,1 Bed,1,1,627,2825,2825,2875,available_on,2026-08-26,,
2026-08-26T15:55:02.726Z,circa-la,Circa LA,E2911,29,,2-bed,2 Bed,2,2.5,1762,5677,5677,5727,available_on,2026-08-26,,
2026-08-26T15:55:02.726Z,circa-la,Circa LA,E2917,29,,1-bed,1 Bed,1,1,923,3872,3872,3922,available_on,2026-09-05,,
2026-08-26T15:55:02.726Z,circa-la,Circa LA,E2921,29,,1-bed,1 Bed,1,1,871,3644,3644,3694,available_on,2026-10-04,,
2026-08-26T15:55:02.726Z,circa-la,Circa LA,E2501,25,,1-bed,1 Bed,1,1,627,2876,2876,2926,available_on,2026-09-17,,
2026-08-26T15:55:02.726Z,circa-la,Circa LA,E2411,24,,2-bed,2 Bed,2,2.5,1762,5576,5576,5626,available_on,2026-09-05,,
2026-08-26T15:55:02.726Z,circa-la,Circa LA,E2419,24,,1-bed,1 Bed,1,1,927,3530,3530,3580,available_on,2026-09-21,,
2026-08-26T15:55:02.726Z,circa-la,Circa LA,E2223,22,,2-bed,2 Bed,2,2,1463,4939,4939,4989,available_on,2026-08-26,,
2026-08-26T15:55:02.726Z,circa-la,Circa LA,E1813,18,,2-bed,2 Bed,2,2.5,1898,5965,5965,6015,available_on,2026-08-26,,
2026-08-26T15:55:02.726Z,circa-la,Circa LA,E1405,14,,1-bed,1 Bed,1,1,745,2941,2941,2991,available_on,2026-09-24,,
2026-08-26T15:55:02.726Z,circa-la,Circa LA,E1115,11,,1-bed,1 Bed,1,1,868,3269,3269,3319,available_on,2026-10-04,,
2026-08-26T15:55:02.726Z,circa-la,Circa LA,E3301,33,,3-bed,3 Bed,3,4.5,3984,19486,19486,19536,available_on,2026-08-26,,
2026-08-26T15:55:02.726Z,circa-la,Circa LA,W3302,33,,3-bed,3 Bed,3,4.5,3842,22551,22551,22601,available_on,2026-08-26,,
2026-08-26T15:55:02.726Z,circa-la,Circa LA,W3312,33,,3-bed,3 Bed,3,3.5,2900,17028,17028,17078,available_on,2026-08-26,,
2026-08-26T15:55:02.726Z,circa-la,Circa LA,E3411,34,,3-bed,3 Bed,3,3.5,2878,12966,12966,13016,available_on,2026-08-26,,
2026-08-26T15:55:02.726Z,circa-la,Circa LA,W3402,34,,3-bed,3 Bed,3,4.5,3842,22643,22643,22693,available_on,2026-08-26,,
2026-08-26T15:55:02.726Z,circa-la,Circa LA,W3406,34,,2-bed,2 Bed,2,2,1338,7315,7315,7365,available_on,2026-09-01,,
2026-08-26T15:55:02.726Z,circa-la,Circa LA,E3501,35,,3-bed,3 Bed,3,4.5,3984,22435,22435,22485,available_on,2026-08-26,,
2026-08-26T15:55:02.726Z,circa-la,Circa LA,E3505,35,,2-bed,2 Bed,2,2,1338,6188,6188,6238,available_on,2026-08-26,,
2026-08-26T15:55:02.726Z,circa-la,Circa LA,E3511,35,,3-bed,3 Bed,3,3.5,2878,14850,14850,14900,available_on,2026-08-26,,
2026-08-26T15:55:02.726Z,circa-la,Circa LA,W3502,35,,3-bed,3 Bed,3,4.5,3842,23359,23359,23409,available_on,2026-08-26,,
2026-08-26T15:55:02.726Z,circa-la,Circa LA,W3508,35,,2-bed,2 Bed,2,2,1524,8045,8045,8095,available_on,2026-10-31,,
2026-08-26T15:55:02.726Z,circa-la,Circa LA,W3512,35,,3-bed,3 Bed,3,3.5,2900,17398,17398,17448,available_on,2026-08-26,,
2026-08-27T04:33:23.367Z,825-south-hill,825 South Hill,201,2,A2,2-bed-den,2 Bed + Den,2,,1090,3950,5063,,available,,29417540,2413008
2026-08-27T04:33:23.367Z,825-south-hill,825 South Hill,301,3,A2,2-bed-den,2 Bed + Den,2,,1090,3950,5063,,available,,29417543,2413008
2026-08-27T04:33:23.367Z,825-south-hill,825 South Hill,302,3,B,2-bed,2 Bed,2,,993,3619,4647,,available,,29417544,2413011
2026-08-27T04:33:23.367Z,825-south-hill,825 South Hill,607,6,TH2,townhomes,Townhomes,,,1385,5482,7378,,available,,29417562,2413022
2026-08-27T04:33:23.367Z,825-south-hill,825 South Hill,3012,30,K,1-bed,1 Bed,1,,670,3399,4329,,available_on,2026-10-12,29417188,2413027
2026-08-27T04:33:23.367Z,825-south-hill,825 South Hill,3412,34,K,1-bed,1 Bed,1,,670,3414,4367,,available_on,2026-08-29,29417189,2413027
2026-08-27T04:33:23.367Z,825-south-hill,825 South Hill,4312,43,K,1-bed,1 Bed,1,,670,3411,4363,,available,,29417198,2413027
2026-08-27T04:33:23.367Z,825-south-hill,825 South Hill,2901,29,K1,1-bed,1 Bed,1,,716,3414,4361,,available_on,2026-09-09,29417218,2413028
2026-08-27T04:33:23.367Z,825-south-hill,825 South Hill,3603,36,M,2-bed-den,2 Bed + Den,2,,1099,4514,5803,,available_on,2026-09-07,29417253,2413032
2026-08-27T04:33:23.367Z,825-south-hill,825 South Hill,3809,38,M1,2-bed-den,2 Bed + Den,2,,1109,4412,5655,,available,,29417286,2413033
2026-08-27T04:33:23.367Z,825-south-hill,825 South Hill,1504,15,N,jr-2-bed,Jr. 2 Bed,2,,792,3223,4145,,available,,29417296,2413034
2026-08-27T04:33:23.367Z,825-south-hill,825 South Hill,2204,22,N,jr-2-bed,Jr. 2 Bed,2,,792,3308,4250,,available_on,2026-09-28,29417302,2413034
2026-08-27T04:33:23.367Z,825-south-hill,825 South Hill,3704,37,N,jr-2-bed,Jr. 2 Bed,2,,792,3548,4558,,available_on,2026-09-14,29417313,2413034
2026-08-27T04:33:23.367Z,825-south-hill,825 South Hill,4204,42,N,jr-2-bed,Jr. 2 Bed,2,,792,3668,4717,,available,,29417317,2413034
2026-08-27T04:33:23.367Z,825-south-hill,825 South Hill,1910,19,N1,jr-2-bed,Jr. 2 Bed,2,,807,3123,4012,,available_on,2026-09-11,29417327,2413035
2026-08-27T04:33:23.367Z,825-south-hill,825 South Hill,3610,36,N1,jr-2-bed,Jr. 2 Bed,2,,807,3433,4415,,available_on,2026-08-29,29417341,2413035
2026-08-27T04:33:23.367Z,825-south-hill,825 South Hill,4310,43,N1,jr-2-bed,Jr. 2 Bed,2,,807,3618,4637,,available_on,2026-10-07,29417348,2413035
2026-08-27T04:33:23.367Z,825-south-hill,825 South Hill,3902,39,O,1-bed,1 Bed,1,,538,3247,4112,,available_on,2026-10-10,29417415,2413037
2026-08-27T04:33:23.367Z,825-south-hill,825 South Hill,4602,46,O,1-bed,1 Bed,1,,538,3392,4281,,available_on,2026-11-07,29417390,2413037
2026-08-27T04:33:23.367Z,825-south-hill,825 South Hill,1107,11,O1,1-bed,1 Bed,1,,560,2902,3688,,available_on,2026-09-28,29417419,2413039
2026-08-27T04:33:23.367Z,825-south-hill,825 South Hill,2406,24,O3,1-bed,1 Bed,1,,562,3037,3846,,available_on,2026-10-02,29417461,2522879
2026-08-27T04:33:23.367Z,atelier,Atelier,0707,7,,1-bed,1 Bed,1,1,778,3389,3389,3406,available_on,2026-10-22,,
2026-08-27T04:33:23.367Z,atelier,Atelier,0806,8,,1-bed,1 Bed,1,1,829,3869,3869,3886,available_on,2026-10-02,,
2026-08-27T04:33:23.367Z,atelier,Atelier,1402,14,,1-bed,1 Bed,1,1,622,3439,3439,3456,available_on,2026-11-07,,
2026-08-27T04:33:23.367Z,atelier,Atelier,1407,14,,1-bed,1 Bed,1,1,778,3539,3539,3556,available_on,2026-10-07,,
2026-08-27T04:33:23.367Z,atelier,Atelier,1508,15,,1-bed,1 Bed,1,1,778,3554,3554,3571,available_on,2026-10-18,,
2026-08-27T04:33:23.367Z,atelier,Atelier,1905,19,,1-bed,1 Bed,1,1,778,3899,3899,3916,available_on,2026-09-15,,
2026-08-27T04:33:23.367Z,atelier,Atelier,2312,23,,1-bed,1 Bed,1,1,685,3964,3964,3981,available_on,2026-10-08,,
2026-08-27T04:33:23.367Z,atelier,Atelier,2404,24,,1-bed,1 Bed,1,1,829,4259,4259,4276,available_on,2026-08-27,,
2026-08-27T04:33:23.367Z,atelier,Atelier,2414,24,,2-bed,2 Bed,2,2,975,4716,4716,4733,available_on,2026-09-07,,
2026-08-27T04:33:23.367Z,atelier,Atelier,2501,25,,2-bed,2 Bed,2,2.5,1377,6483,6483,6500,available_on,2026-08-31,,
2026-08-27T04:33:23.367Z,atelier,Atelier,2504,25,,1-bed,1 Bed,1,1,829,4279,4279,4296,available_on,2026-10-28,,
2026-08-27T04:33:23.367Z,atelier,Atelier,2602,26,,2-bed,2 Bed,2,2.5,1514,7548,7548,7565,available_on,2026-08-27,,
2026-08-27T04:33:23.367Z,atelier,Atelier,3001,30,,2-bed,2 Bed,2,2.5,1377,6673,6673,6690,available_on,2026-09-21,,
2026-08-27T04:33:23.367Z,atelier,Atelier,3106,31,,1-bed,1 Bed,1,1,778,4214,4214,4231,available_on,2026-08-27,,
2026-08-27T04:33:23.367Z,atelier,Atelier,3108,31,,1-bed,1 Bed,1,1,685,4304,4304,4321,available_on,2026-08-27,,
2026-08-27T04:33:23.367Z,atelier,Atelier,3110,31,,1-bed,1 Bed,1,1,685,4389,4389,4406,available_on,2026-08-27,,
2026-08-27T04:33:23.367Z,atelier,Atelier,3208,32,,1-bed,1 Bed,1,1,685,4512,4512,4529,available_on,2026-08-27,,
2026-08-27T04:33:23.367Z,atelier,Atelier,3210,32,,1-bed,1 Bed,1,1,685,4459,4459,4476,available_on,2026-08-27,,
2026-08-27T04:33:23.367Z,atelier,Atelier,PH01,,,2-bed,2 Bed,2,2.5,1470,8955,8955,8972,available_on,2026-08-27,,
2026-08-27T04:33:23.367Z,atelier,Atelier,PH08,,,3-bed,3 Bed,3,3,1731,9231,9231,9248,available_on,2026-08-27,,
2026-08-27T04:33:23.367Z,eighth-and-grand,Eighth & Grand,0-2017,,,1-bed,1 Bed,1,1,762,2449,2449,2468,available_on,2026-09-10,,
2026-08-27T04:33:23.367Z,eighth-and-grand,Eighth & Grand,0-2037,,,1-bed,1 Bed,1,1,762,2449,2449,2468,available_on,2026-09-15,,
2026-08-27T04:33:23.367Z,eighth-and-grand,Eighth & Grand,0-2041,,,1-bed,1 Bed,1,1,762,2449,2449,2468,available_on,2026-09-05,,
2026-08-27T04:33:23.367Z,eighth-and-grand,Eighth & Grand,0-2051,,,2-bed,2 Bed,2,2.5,1094,3786,3786,3805,available_on,2026-08-27,,
2026-08-27T04:33:23.367Z,eighth-and-grand,Eighth & Grand,0-2077,,,1-bed,1 Bed,1,1,578,2250,2250,2269,available_on,2026-09-26,,
2026-08-27T04:33:23.367Z,eighth-and-grand,Eighth & Grand,0-2102,,,studio,Studio,0,1,527,2174,2174,2193,available_on,2026-10-17,,
2026-08-27T04:33:23.367Z,eighth-and-grand,Eighth & Grand,0-2110,,,studio,Studio,0,1,520,2084,2084,2099,available_on,2026-08-27,,
2026-08-27T04:33:23.367Z,eighth-and-grand,Eighth & Grand,0-2152,,,studio,Studio,0,1,540,2179,2179,2198,available_on,2026-10-16,,
2026-08-27T04:33:23.367Z,eighth-and-grand,Eighth & Grand,0-2153,,,2-bed,2 Bed,2,2,1168,3541,3541,3560,available_on,2026-08-27,,
2026-08-27T04:33:23.367Z,eighth-and-grand,Eighth & Grand,0-2161,,,2-bed,2 Bed,2,2,1109,3336,3336,3355,available_on,2026-10-10,,
2026-08-27T04:33:23.367Z,eighth-and-grand,Eighth & Grand,0-3028,,,1-bed,1 Bed,1,1,779,2769,2769,2788,available_on,2026-08-27,,
2026-08-27T04:33:23.367Z,eighth-and-grand,Eighth & Grand,0-3104,,,1-bed,1 Bed,1,1,802,2634,2634,2653,available_on,2026-09-28,,
2026-08-27T04:33:23.367Z,eighth-and-grand,Eighth & Grand,0-3136,,,1-bed,1 Bed,1,1,777,2309,2309,2328,available_on,2026-10-12,,
2026-08-27T04:33:23.367Z,eighth-and-grand,Eighth & Grand,0-4028,,,1-bed,1 Bed,1,1,779,2789,2789,2808,available_on,2026-10-09,,
2026-08-27T04:33:23.367Z,eighth-and-grand,Eighth & Grand,0-4071,,,1-bed,1 Bed,1,1,840,2414,2414,2433,available_on,2026-10-23,,
2026-08-27T04:33:23.367Z,eighth-and-grand,Eighth & Grand,0-4080,,,1-bed,1 Bed,1,1,777,2304,2304,2323,available_on,2026-09-29,,
2026-08-27T04:33:23.367Z,eighth-and-grand,Eighth & Grand,0-4108,,,studio,Studio,0,1,540,2304,2304,2323,available_on,2026-08-28,,
2026-08-27T04:33:23.367Z,eighth-and-grand,Eighth & Grand,0-4114,,,studio,Studio,0,1,520,2259,2259,2278,available_on,2026-10-15,,
2026-08-27T04:33:23.367Z,eighth-and-grand,Eighth & Grand,0-4139,,,1-bed,1 Bed,1,1,578,2425,2425,2444,available_on,2026-08-27,,
2026-08-27T04:33:23.367Z,eighth-and-grand,Eighth & Grand,0-5005,,,1-bed,1 Bed,1,1,762,2859,2859,2878,available_on,2026-08-27,,
2026-08-27T04:33:23.367Z,eighth-and-grand,Eighth & Grand,0-5026,,,1-bed,1 Bed,1,1,779,2849,2849,2868,available_on,2026-08-27,,
2026-08-27T04:33:23.367Z,eighth-and-grand,Eighth & Grand,0-5029,,,1-bed,1 Bed,1,1,880,2934,2934,2953,available_on,2026-08-27,,
2026-08-27T04:33:23.367Z,eighth-and-grand,Eighth & Grand,0-5032,,,1-bed,1 Bed,1,1,779,2849,2849,2868,available_on,2026-08-27,,
2026-08-27T04:33:23.367Z,eighth-and-grand,Eighth & Grand,0-5034,,,2-bed,2 Bed,2,2,1046,3346,3346,3365,available_on,2026-08-27,,
2026-08-27T04:33:23.367Z,eighth-and-grand,Eighth & Grand,0-5035,,,1-bed,1 Bed,1,1,880,2859,2859,2878,available_on,2026-08-27,,
2026-08-27T04:33:23.367Z,eighth-and-grand,Eighth & Grand,0-5046,,,1-bed,1 Bed,1,1,578,2470,2470,2489,available_on,2026-09-20,,
2026-08-27T04:33:23.367Z,eighth-and-grand,Eighth & Grand,0-5086,,,1-bed,1 Bed,1,1,777,2449,2449,2468,available_on,2026-10-06,,
2026-08-27T04:33:23.367Z,eighth-and-grand,Eighth & Grand,0-5094,,,1-bed,1 Bed,1,1,715,2699,2699,2718,available_on,2026-08-27,,
2026-08-27T04:33:23.367Z,eighth-and-grand,Eighth & Grand,0-5096,,,1-bed,1 Bed,1,1,584,2534,2534,2553,available_on,2026-08-30,,
2026-08-27T04:33:23.367Z,eighth-and-grand,Eighth & Grand,0-5153,,,2-bed,2 Bed,2,2,1278,3991,3991,4010,available_on,2026-09-23,,
2026-08-27T04:33:23.367Z,eighth-and-grand,Eighth & Grand,0-5162,,,studio,Studio,0,1,520,2269,2269,2288,available_on,2026-10-30,,
2026-08-27T04:33:23.367Z,eighth-and-grand,Eighth & Grand,0-6002,,,1-bed,1 Bed,1,1,639,2499,2499,2518,available_on,2026-08-27,,
2026-08-27T04:33:23.367Z,eighth-and-grand,Eighth & Grand,0-6011,,,1-bed,1 Bed,1,1,880,2909,2909,2928,available_on,2026-08-27,,
2026-08-27T04:33:23.367Z,eighth-and-grand,Eighth & Grand,0-6017,,,1-bed,1 Bed,1,1,880,2959,2959,2978,available_on,2026-08-27,,
2026-08-27T04:33:23.367Z,eighth-and-grand,Eighth & Grand,0-6035,,,1-bed,1 Bed,1,1,762,2779,2779,2798,available_on,2026-09-02,,
2026-08-27T04:33:23.367Z,eighth-and-grand,Eighth & Grand,0-6037,,,1-bed,1 Bed,1,1,762,2874,2874,2893,available_on,2026-08-27,,
2026-08-27T04:33:23.367Z,eighth-and-grand,Eighth & Grand,0-6057,,,2-bed,2 Bed,2,2,1211,3666,3666,3685,available_on,2026-09-06,,
2026-08-27T04:33:23.367Z,eighth-and-grand,Eighth & Grand,0-6066,,,1-bed,1 Bed,1,1,762,2774,2774,2793,available_on,2026-08-27,,
2026-08-27T04:33:23.367Z,eighth-and-grand,Eighth & Grand,0-6068,,,1-bed,1 Bed,1,1,579,2344,2344,2363,available_on,2026-09-18,,
2026-08-27T04:33:23.367Z,eighth-and-grand,Eighth & Grand,0-6094,,,1-bed,1 Bed,1,1,715,2824,2824,2843,available_on,2026-08-27,,
2026-08-27T04:33:23.367Z,eighth-and-grand,Eighth & Grand,0-6137,,,1-bed,1 Bed,1,1,578,2475,2475,2494,available_on,2026-09-10,,
2026-08-27T04:33:23.367Z,eighth-and-grand,Eighth & Grand,0-6149,,,studio,Studio,0,1,558,2399,2399,2418,available_on,2026-08-27,,
2026-08-27T04:33:23.367Z,eighth-and-grand,Eighth & Grand,0-6152,,,studio,Studio,0,1,540,2404,2404,2423,available_on,2026-11-01,,
2026-08-27T04:33:23.367Z,eighth-and-grand,Eighth & Grand,0-6154,,,studio,Studio,0,1,520,2319,2319,2338,available_on,2026-11-07,,
2026-08-27T04:33:23.367Z,eighth-and-grand,Eighth & Grand,0-6166,,,1-bed,1 Bed,1,1,822,2824,2824,2843,available_on,2026-09-28,,
2026-08-27T04:33:23.367Z,eighth-and-grand,Eighth & Grand,0-7024,,,1-bed,1 Bed,1,1,791,2779,2779,2798,available_on,2026-08-27,,
2026-08-27T04:33:23.367Z,eighth-and-grand,Eighth & Grand,0-7042,,,1-bed,1 Bed,1,1,578,2395,2395,2414,available_on,2026-08-27,,
2026-08-27T04:33:23.367Z,eighth-and-grand,Eighth & Grand,0-7066,,,1-bed,1 Bed,1,1,762,2824,2824,2843,available_on,2026-08-27,,
2026-08-27T04:33:23.367Z,eighth-and-grand,Eighth & Grand,0-7071,,,1-bed,1 Bed,1,1,840,2839,2839,2858,available_on,2026-09-07,,
2026-08-27T04:33:23.367Z,eighth-and-grand,Eighth & Grand,0-7082,,,1-bed,1 Bed,1,1,777,2654,2654,2673,available_on,2026-08-31,,
2026-08-27T04:33:23.367Z,eighth-and-grand,Eighth & Grand,0-7090,,,2-bed,2 Bed,2,1,976,3271,3271,3290,available_on,2026-08-27,,
2026-08-27T04:33:23.367Z,eighth-and-grand,Eighth & Grand,0-7096,,,1-bed,1 Bed,1,1,584,2709,2709,2728,available_on,2026-08-27,,
2026-08-27T04:33:23.367Z,eighth-and-grand,Eighth & Grand,0-7145,,,2-bed,2 Bed,2,2,1099,4111,4111,4130,available_on,2026-10-01,,
2026-08-27T04:33:23.367Z,eighth-and-grand,Eighth & Grand,0-7167,,,1-bed,1 Bed,1,1,578,2575,2575,2594,available_on,2026-10-08,,
2026-08-27T04:33:23.367Z,beaudry,Beaudry,B-0514,5,,1-bed,1 Bed,1,1,794,4097,4097,4113,available_on,2026-10-31,,
2026-08-27T04:33:23.367Z,beaudry,Beaudry,B-1007,10,,studio,Studio,0,1,550,2660,2660,2676,available_on,2026-10-22,,
2026-08-27T04:33:23.367Z,beaudry,Beaudry,B-1014,10,,1-bed,1 Bed,1,1,802,4147,4147,4163,available_on,2026-09-12,,
2026-08-27T04:33:23.367Z,beaudry,Beaudry,B-1101,11,,1-bed,1 Bed,1,1.5,818,4637,4637,4653,available_on,2026-09-13,,
2026-08-27T04:33:23.367Z,beaudry,Beaudry,B-1104,11,,1-bed,1 Bed,1,1.5,875,3987,3987,4003,available_on,2026-10-27,,
2026-08-27T04:33:23.367Z,beaudry,Beaudry,B-1204,12,,1-bed,1 Bed,1,1.5,875,4052,4052,4068,available_on,2026-10-01,,
2026-08-27T04:33:23.367Z,beaudry,Beaudry,B-1401,14,,1-bed,1 Bed,1,1.5,818,4712,4712,4728,available_on,2026-09-29,,
2026-08-27T04:33:23.367Z,beaudry,Beaudry,B-1409,14,,1-bed,1 Bed,1,1,860,4952,4952,4968,available_on,2026-09-10,,
2026-08-27T04:33:23.367Z,beaudry,Beaudry,B-1416,14,,2-bed,2 Bed,2,2,1192,6308,6308,6324,available_on,2026-09-06,,
2026-08-27T04:33:23.367Z,beaudry,Beaudry,B-1502,15,,studio,Studio,0,1,539,2695,2695,2711,available_on,2026-10-07,,
2026-08-27T04:33:23.367Z,beaudry,Beaudry,B-1602,16,,studio,Studio,0,1,539,2705,2705,2721,available_on,2026-10-09,,
2026-08-27T04:33:23.367Z,beaudry,Beaudry,B-1804,18,,1-bed,1 Bed,1,1.5,875,4102,4102,4118,available_on,2026-09-21,,
2026-08-27T04:33:23.367Z,beaudry,Beaudry,B-1806,18,,1-bed,1 Bed,1,1,868,4332,4332,4348,available_on,2026-10-10,,
2026-08-27T04:33:23.367Z,beaudry,Beaudry,B-1904,19,,1-bed,1 Bed,1,1.5,891,4077,4077,4093,available_on,2026-09-18,,
2026-08-27T04:33:23.367Z,beaudry,Beaudry,B-2004,20,,1-bed,1 Bed,1,1.5,891,4087,4087,4103,available_on,2026-10-04,,
2026-08-27T04:33:23.367Z,beaudry,Beaudry,B-2008,20,,2-bed,2 Bed,2,2,1200,6723,6723,6739,available_on,2026-08-27,,
2026-08-27T04:33:23.367Z,beaudry,Beaudry,B-2009,20,,1-bed,1 Bed,1,1,860,5012,5012,5028,available_on,2026-09-24,,
2026-08-27T04:33:23.367Z,beaudry,Beaudry,B-2013,20,,2-bed,2 Bed,2,2,1192,6043,6043,6059,available_on,2026-09-16,,
2026-08-27T04:33:23.367Z,beaudry,Beaudry,B-2014,20,,1-bed,1 Bed,1,1,817,4287,4287,4303,available_on,2026-10-23,,
2026-08-27T04:33:23.367Z,beaudry,Beaudry,B-2101,21,,1-bed,1 Bed,1,1.5,818,4782,4782,4798,available_on,2026-09-18,,
2026-08-27T04:33:23.367Z,beaudry,Beaudry,B-2111,21,,studio,Studio,0,1,514,2585,2585,2601,available_on,2026-10-20,,
2026-08-27T04:33:23.367Z,beaudry,Beaudry,B-2114,21,,1-bed,1 Bed,1,1,817,4297,4297,4313,available_on,2026-09-21,,
2026-08-27T04:33:23.367Z,beaudry,Beaudry,B-2204,22,,1-bed,1 Bed,1,1.5,891,4107,4107,4123,available_on,2026-09-29,,
2026-08-27T04:33:23.367Z,beaudry,Beaudry,B-2313,23,,2-bed,2 Bed,2,2,1192,6073,6073,6089,available_on,2026-08-27,,
2026-08-27T04:33:23.367Z,beaudry,Beaudry,B-2413,24,,2-bed,2 Bed,2,2,1192,6083,6083,6099,available_on,2026-09-12,,
2026-08-27T04:33:23.367Z,beaudry,Beaudry,B-2415,24,,1-bed,1 Bed,1,1,568,3081,3081,3097,available_on,2026-10-08,,
2026-08-27T04:33:23.367Z,beaudry,Beaudry,B-2514,25,,1-bed,1 Bed,1,1,817,4337,4337,4353,available_on,2026-09-16,,
2026-08-27T04:33:23.367Z,beaudry,Beaudry,B-2803,28,,1-bed,1 Bed,1,1,627,3196,3196,3212,available_on,2026-10-02,,
2026-08-27T04:33:23.367Z,beaudry,Beaudry,B-2805,28,,1-bed,1 Bed,1,1,939,4572,4572,4588,available_on,2026-10-01,,
2026-08-27T04:33:23.367Z,beaudry,Beaudry,B-2906,29,,1-bed,1 Bed,1,1,882,4467,4467,4483,available_on,2026-09-30,,
2026-08-27T04:33:23.367Z,beaudry,Beaudry,B-3005,30,,1-bed,1 Bed,1,1,939,4592,4592,4608,available_on,2026-09-27,,
2026-08-27T04:33:23.367Z,beaudry,Beaudry,B-3008,30,,2-bed,2 Bed,2,2,1200,6913,6913,6929,available_on,2026-09-01,,
2026-08-27T04:33:23.367Z,beaudry,Beaudry,B-3205,32,,1-bed,1 Bed,1,1,939,4612,4612,4628,available_on,2026-10-14,,
2026-08-27T04:33:23.367Z,beaudry,Beaudry,B-3310,33,,1-bed,1 Bed,1,1,594,3106,3106,3122,available_on,2026-10-08,,
2026-08-27T04:33:23.367Z,beaudry,Beaudry,B-3401,34,,1-bed,1 Bed,1,1.5,818,4912,4912,4928,available_on,2026-10-02,,
2026-08-27T04:33:23.367Z,beaudry,Beaudry,B-3406,34,,1-bed,1 Bed,1,1,882,4517,4517,4533,available_on,2026-10-16,,
2026-08-27T04:33:23.367Z,beaudry,Beaudry,B-3709,37,,1-bed,1 Bed,1,1,860,5357,5357,5373,available_on,2026-10-24,,
2026-08-27T04:33:23.367Z,beaudry,Beaudry,B-3713,37,,2-bed,2 Bed,2,2,1192,6238,6238,6254,available_on,2026-08-27,,
2026-08-27T04:33:23.367Z,beaudry,Beaudry,B-4002,40,,studio,Studio,0,1,539,2970,2970,2986,available_on,2026-10-22,,
2026-08-27T04:33:23.367Z,beaudry,Beaudry,B-4105,41,,1-bed,1 Bed,1,1.5,1044,4617,4617,4633,available_on,2026-09-30,,
2026-08-27T04:33:23.367Z,beaudry,Beaudry,B-4303,43,,1-bed,1 Bed,1,1,627,3371,3371,3387,available_on,2026-10-11,,
2026-08-27T04:33:23.367Z,beaudry,Beaudry,B-4306,43,,1-bed,1 Bed,1,1,882,4632,4632,4648,available_on,2026-11-04,,
2026-08-27T04:33:23.367Z,beaudry,Beaudry,B-4413,44,,2-bed,2 Bed,2,2,1192,6308,6308,6324,available_on,2026-08-27,,
2026-08-27T04:33:23.367Z,beaudry,Beaudry,B-4504,45,,1-bed,1 Bed,1,1.5,1134,4977,4977,4993,available_on,2026-10-06,,
2026-08-27T04:33:23.367Z,beaudry,Beaudry,B-4507,45,,studio,Studio,0,1,550,3180,3180,3196,available_on,2026-10-08,,
2026-08-27T04:33:23.367Z,beaudry,Beaudry,B-4615,46,,1-bed,1 Bed,1,1,568,3326,3326,3342,available_on,2026-11-15,,
2026-08-27T04:33:23.367Z,beaudry,Beaudry,B-4704,47,,1-bed,1 Bed,1,1.5,1134,4997,4997,5013,available_on,2026-09-24,,
2026-08-27T04:33:23.367Z,beaudry,Beaudry,B-4707,47,,studio,Studio,0,1,550,3200,3200,3216,available_on,2026-10-17,,
2026-08-27T04:33:23.367Z,beaudry,Beaudry,B-4713,47,,2-bed,2 Bed,2,2,1192,6338,6338,6354,available_on,2026-11-03,,
2026-08-27T04:33:23.367Z,beaudry,Beaudry,B-4910,49,,1-bed,1 Bed,1,1.5,926,4355,4355,4371,available_on,2026-10-10,,
2026-08-27T04:33:23.367Z,beaudry,Beaudry,B-5209,52,,2-bed,2 Bed,2,2,1230,6295,6295,6311,available_on,2026-09-15,,
2026-08-27T04:33:23.367Z,beaudry,Beaudry,B-5405,54,,3-bed,3 Bed,3,2.5,1734,9076,9076,9092,available_on,2026-10-05,,
2026-08-27T04:33:23.367Z,beaudry,Beaudry,B-5607,56,,1-bed,1 Bed,1,1,1006,5610,5610,5626,available_on,2026-08-27,,
2026-08-27T04:33:23.367Z,circa-la,Circa LA,W3206,32,,1-bed,1 Bed,1,1,745,3358,3358,3408,available_on,2026-08-26,,
2026-08-27T04:33:23.367Z,circa-la,Circa LA,W3208,32,,1-bed,1 Bed,1,1,770,3636,3636,3686,available_on,2026-08-26,,
2026-08-27T04:33:23.367Z,circa-la,Circa LA,W2618,26,,1-bed,1 Bed,1,1,923,4069,4069,4119,available_on,2026-08-27,,
2026-08-27T04:33:23.367Z,circa-la,Circa LA,W2518,25,,1-bed,1 Bed,1,1,923,3856,3856,3906,available_on,2026-08-26,,
2026-08-27T04:33:23.367Z,circa-la,Circa LA,W2006,20,,1-bed,1 Bed,1,1,745,3388,3388,3438,available_on,2026-09-14,,
2026-08-27T04:33:23.367Z,circa-la,Circa LA,W1708,17,,1-bed,1 Bed,1,1,770,3327,3327,3377,available_on,2026-08-26,,
2026-08-27T04:33:23.367Z,circa-la,Circa LA,W1724,17,,2-bed,2 Bed,2,2,1463,4755,4755,4805,available_on,2026-10-28,,
2026-08-27T04:33:23.367Z,circa-la,Circa LA,W1624,16,,2-bed,2 Bed,2,2,1463,4747,4747,4797,available_on,2026-09-03,,
2026-08-27T04:33:23.367Z,circa-la,Circa LA,W1412,14,,2-bed,2 Bed,2,2.5,1762,5527,5527,5577,available_on,2026-09-26,,
2026-08-27T04:33:23.367Z,circa-la,Circa LA,W1102,11,,1-bed,1 Bed,1,1,627,2777,2777,2827,available_on,2026-08-28,,
2026-08-27T04:33:23.367Z,circa-la,Circa LA,W1120,11,,1-bed,1 Bed,1,1,927,3335,3335,3385,available_on,2026-09-18,,
2026-08-27T04:33:23.367Z,circa-la,Circa LA,W924,9,,2-bed,2 Bed,2,2,1463,4601,4601,4651,available_on,2026-08-26,,
2026-08-27T04:33:23.367Z,circa-la,Circa LA,W820,8,,1-bed,1 Bed,1,1,927,4051,4051,4101,available_on,2026-08-26,,
2026-08-27T04:33:23.367Z,circa-la,Circa LA,E3201,32,,1-bed,1 Bed,1,1,627,3107,3107,3157,available_on,2026-08-26,,
2026-08-27T04:33:23.367Z,circa-la,Circa LA,E3221,32,,1-bed,1 Bed,1,1,871,3720,3720,3770,available_on,2026-08-26,,
2026-08-27T04:33:23.367Z,circa-la,Circa LA,E3001,30,,1-bed,1 Bed,1,1,627,2825,2825,2875,available_on,2026-08-26,,
2026-08-27T04:33:23.367Z,circa-la,Circa LA,E2911,29,,2-bed,2 Bed,2,2.5,1762,5677,5677,5727,available_on,2026-08-26,,
2026-08-27T04:33:23.367Z,circa-la,Circa LA,E2917,29,,1-bed,1 Bed,1,1,923,3872,3872,3922,available_on,2026-09-05,,
2026-08-27T04:33:23.367Z,circa-la,Circa LA,E2921,29,,1-bed,1 Bed,1,1,871,3644,3644,3694,available_on,2026-10-04,,
2026-08-27T04:33:23.367Z,circa-la,Circa LA,E2501,25,,1-bed,1 Bed,1,1,627,2876,2876,2926,available_on,2026-09-17,,
2026-08-27T04:33:23.367Z,circa-la,Circa LA,E2411,24,,2-bed,2 Bed,2,2.5,1762,5576,5576,5626,available_on,2026-09-05,,
2026-08-27T04:33:23.367Z,circa-la,Circa LA,E2419,24,,1-bed,1 Bed,1,1,927,3530,3530,3580,available_on,2026-09-21,,
2026-08-27T04:33:23.367Z,circa-la,Circa LA,E2223,22,,2-bed,2 Bed,2,2,1463,4939,4939,4989,available_on,2026-08-26,,
2026-08-27T04:33:23.367Z,circa-la,Circa LA,E1813,18,,2-bed,2 Bed,2,2.5,1898,5965,5965,6015,available_on,2026-08-26,,
2026-08-27T04:33:23.367Z,circa-la,Circa LA,E1405,14,,1-bed,1 Bed,1,1,745,2941,2941,2991,available_on,2026-09-24,,
2026-08-27T04:33:23.367Z,circa-la,Circa LA,E1115,11,,1-bed,1 Bed,1,1,868,3269,3269,3319,available_on,2026-10-04,,
2026-08-27T04:33:23.367Z,circa-la,Circa LA,E3301,33,,3-bed,3 Bed,3,4.5,3984,19486,19486,19536,available_on,2026-08-26,,
2026-08-27T04:33:23.367Z,circa-la,Circa LA,W3302,33,,3-bed,3 Bed,3,4.5,3842,22551,22551,22601,available_on,2026-08-26,,
2026-08-27T04:33:23.367Z,circa-la,Circa LA,W3312,33,,3-bed,3 Bed,3,3.5,2900,17028,17028,17078,available_on,2026-08-26,,
2026-08-27T04:33:23.367Z,circa-la,Circa LA,E3411,34,,3-bed,3 Bed,3,3.5,2878,12966,12966,13016,available_on,2026-08-26,,
2026-08-27T04:33:23.367Z,circa-la,Circa LA,W3402,34,,3-bed,3 Bed,3,4.5,3842,22643,22643,22693,available_on,2026-08-26,,
2026-08-27T04:33:23.367Z,circa-la,Circa LA,W3406,34,,2-bed,2 Bed,2,2,1338,7315,7315,7365,available_on,2026-09-01,,
2026-08-27T04:33:23.367Z,circa-la,Circa LA,E3501,35,,3-bed,3 Bed,3,4.5,3984,22435,22435,22485,available_on,2026-08-26,,
2026-08-27T04:33:23.367Z,circa-la,Circa LA,E3505,35,,2-bed,2 Bed,2,2,1338,6188,6188,6238,available_on,2026-08-26,,
2026-08-27T04:33:23.367Z,circa-la,Circa LA,E3511,35,,3-bed,3 Bed,3,3.5,2878,14850,14850,14900,available_on,2026-08-26,,
2026-08-27T04:33:23.367Z,circa-la,Circa LA,W3502,35,,3-bed,3 Bed,3,4.5,3842,23359,23359,23409,available_on,2026-08-26,,
2026-08-27T04:33:23.367Z,circa-la,Circa LA,W3508,35,,2-bed,2 Bed,2,2,1524,8045,8045,8095,available_on,2026-10-31,,
2026-08-27T04:33:23.367Z,circa-la,Circa LA,W3512,35,,3-bed,3 Bed,3,3.5,2900,17398,17398,17448,available_on,2026-08-26,,
2026-08-27T23:47:39.486Z,825-south-hill,825 South Hill,201,2,A2,2-bed-den,2 Bed + Den,2,,1090,3950,5063,,available,,29417540,2413008
2026-08-27T23:47:39.486Z,825-south-hill,825 South Hill,301,3,A2,2-bed-den,2 Bed + Den,2,,1090,3950,5063,,available,,29417543,2413008
2026-08-27T23:47:39.486Z,825-south-hill,825 South Hill,302,3,B,2-bed,2 Bed,2,,993,3619,4647,,available,,29417544,2413011
2026-08-27T23:47:39.486Z,825-south-hill,825 South Hill,607,6,TH2,townhomes,Townhomes,,,1385,5482,7378,,available,,29417562,2413022
2026-08-27T23:47:39.486Z,825-south-hill,825 South Hill,3012,30,K,1-bed,1 Bed,1,,670,3399,4329,,available_on,2026-10-12,29417188,2413027
2026-08-27T23:47:39.486Z,825-south-hill,825 South Hill,3412,34,K,1-bed,1 Bed,1,,670,3414,4367,,available_on,2026-08-29,29417189,2413027
2026-08-27T23:47:39.486Z,825-south-hill,825 South Hill,4312,43,K,1-bed,1 Bed,1,,670,3411,4363,,available,,29417198,2413027
2026-08-27T23:47:39.486Z,825-south-hill,825 South Hill,2901,29,K1,1-bed,1 Bed,1,,716,3414,4361,,available_on,2026-09-09,29417218,2413028
2026-08-27T23:47:39.486Z,825-south-hill,825 South Hill,3603,36,M,2-bed-den,2 Bed + Den,2,,1099,4514,5803,,available_on,2026-09-07,29417253,2413032
2026-08-27T23:47:39.486Z,825-south-hill,825 South Hill,3809,38,M1,2-bed-den,2 Bed + Den,2,,1109,4412,5655,,available,,29417286,2413033
2026-08-27T23:47:39.486Z,825-south-hill,825 South Hill,1504,15,N,jr-2-bed,Jr. 2 Bed,2,,792,3223,4145,,available,,29417296,2413034
2026-08-27T23:47:39.486Z,825-south-hill,825 South Hill,2204,22,N,jr-2-bed,Jr. 2 Bed,2,,792,3308,4250,,available_on,2026-09-28,29417302,2413034
2026-08-27T23:47:39.486Z,825-south-hill,825 South Hill,3704,37,N,jr-2-bed,Jr. 2 Bed,2,,792,3548,4558,,available_on,2026-09-14,29417313,2413034
2026-08-27T23:47:39.486Z,825-south-hill,825 South Hill,4204,42,N,jr-2-bed,Jr. 2 Bed,2,,792,3668,4717,,available,,29417317,2413034
2026-08-27T23:47:39.486Z,825-south-hill,825 South Hill,1910,19,N1,jr-2-bed,Jr. 2 Bed,2,,807,3123,4012,,available_on,2026-09-11,29417327,2413035
2026-08-27T23:47:39.486Z,825-south-hill,825 South Hill,3610,36,N1,jr-2-bed,Jr. 2 Bed,2,,807,3433,4415,,available_on,2026-08-29,29417341,2413035
2026-08-27T23:47:39.486Z,825-south-hill,825 South Hill,4310,43,N1,jr-2-bed,Jr. 2 Bed,2,,807,3618,4637,,available_on,2026-10-07,29417348,2413035
2026-08-27T23:47:39.486Z,825-south-hill,825 South Hill,3902,39,O,1-bed,1 Bed,1,,538,3247,4112,,available_on,2026-10-10,29417415,2413037
2026-08-27T23:47:39.486Z,825-south-hill,825 South Hill,4602,46,O,1-bed,1 Bed,1,,538,3392,4281,,available_on,2026-11-07,29417390,2413037
2026-08-27T23:47:39.486Z,825-south-hill,825 South Hill,1107,11,O1,1-bed,1 Bed,1,,560,2902,3688,,available_on,2026-09-28,29417419,2413039
2026-08-27T23:47:39.486Z,825-south-hill,825 South Hill,2406,24,O3,1-bed,1 Bed,1,,562,3037,3846,,available_on,2026-10-02,29417461,2522879
2026-08-27T23:47:39.486Z,atelier,Atelier,0707,7,,1-bed,1 Bed,1,1,778,3397,3397,3414,available_on,2026-10-22,,
2026-08-27T23:47:39.486Z,atelier,Atelier,1402,14,,1-bed,1 Bed,1,1,622,3447,3447,3464,available_on,2026-11-07,,
2026-08-27T23:47:39.486Z,atelier,Atelier,1407,14,,1-bed,1 Bed,1,1,778,3547,3547,3564,available_on,2026-10-07,,
2026-08-27T23:47:39.486Z,atelier,Atelier,1508,15,,1-bed,1 Bed,1,1,778,3562,3562,3579,available_on,2026-10-18,,
2026-08-27T23:47:39.486Z,atelier,Atelier,1905,19,,1-bed,1 Bed,1,1,778,3907,3907,3924,available_on,2026-09-15,,
2026-08-27T23:47:39.486Z,atelier,Atelier,2312,23,,1-bed,1 Bed,1,1,685,3972,3972,3989,available_on,2026-10-08,,
2026-08-27T23:47:39.486Z,atelier,Atelier,2404,24,,1-bed,1 Bed,1,1,829,4267,4267,4284,available_on,2026-08-27,,
2026-08-27T23:47:39.486Z,atelier,Atelier,2414,24,,2-bed,2 Bed,2,2,975,4684,4684,4701,available_on,2026-09-07,,
2026-08-27T23:47:39.486Z,atelier,Atelier,2501,25,,2-bed,2 Bed,2,2.5,1377,6451,6451,6468,available_on,2026-08-31,,
2026-08-27T23:47:39.486Z,atelier,Atelier,2504,25,,1-bed,1 Bed,1,1,829,4287,4287,4304,available_on,2026-10-28,,
2026-08-27T23:47:39.486Z,atelier,Atelier,2602,26,,2-bed,2 Bed,2,2.5,1514,7516,7516,7533,available_on,2026-08-27,,
2026-08-27T23:47:39.486Z,atelier,Atelier,3001,30,,2-bed,2 Bed,2,2.5,1377,6641,6641,6658,available_on,2026-09-21,,
2026-08-27T23:47:39.486Z,atelier,Atelier,3106,31,,1-bed,1 Bed,1,1,778,4222,4222,4239,available_on,2026-08-27,,
2026-08-27T23:47:39.486Z,atelier,Atelier,3108,31,,1-bed,1 Bed,1,1,685,4312,4312,4329,available_on,2026-08-27,,
2026-08-27T23:47:39.486Z,atelier,Atelier,3110,31,,1-bed,1 Bed,1,1,685,4397,4397,4414,available_on,2026-08-27,,
2026-08-27T23:47:39.486Z,atelier,Atelier,3202,32,,2-bed,2 Bed,2,2.5,1514,7776,7776,7793,available_on,2026-09-25,,
2026-08-27T23:47:39.486Z,atelier,Atelier,3208,32,,1-bed,1 Bed,1,1,685,4382,4382,4399,available_on,2026-08-27,,
2026-08-27T23:47:39.486Z,atelier,Atelier,3210,32,,1-bed,1 Bed,1,1,685,4467,4467,4484,available_on,2026-08-27,,
2026-08-27T23:47:39.486Z,atelier,Atelier,PH01,,,2-bed,2 Bed,2,2.5,1470,8923,8923,8940,available_on,2026-08-27,,
2026-08-27T23:47:39.486Z,atelier,Atelier,PH08,,,3-bed,3 Bed,3,3,1731,9199,9199,9216,available_on,2026-08-27,,
2026-08-27T23:47:39.486Z,eighth-and-grand,Eighth & Grand,0-2017,,,1-bed,1 Bed,1,1,762,2439,2439,2458,available_on,2026-09-10,,
2026-08-27T23:47:39.486Z,eighth-and-grand,Eighth & Grand,0-2034,,,2-bed,2 Bed,2,1,905,3037,3037,3056,available_on,2026-10-06,,
2026-08-27T23:47:39.486Z,eighth-and-grand,Eighth & Grand,0-2037,,,1-bed,1 Bed,1,1,762,2439,2439,2458,available_on,2026-09-15,,
2026-08-27T23:47:39.486Z,eighth-and-grand,Eighth & Grand,0-2041,,,1-bed,1 Bed,1,1,762,2439,2439,2458,available_on,2026-09-05,,
2026-08-27T23:47:39.486Z,eighth-and-grand,Eighth & Grand,0-2051,,,2-bed,2 Bed,2,2.5,1094,3786,3786,3805,available_on,2026-08-27,,
2026-08-27T23:47:39.486Z,eighth-and-grand,Eighth & Grand,0-2077,,,1-bed,1 Bed,1,1,578,2248,2248,2267,available_on,2026-09-26,,
2026-08-27T23:47:39.486Z,eighth-and-grand,Eighth & Grand,0-2102,,,studio,Studio,0,1,527,2174,2174,2193,available_on,2026-10-17,,
2026-08-27T23:47:39.486Z,eighth-and-grand,Eighth & Grand,0-2110,,,studio,Studio,0,1,520,2119,2119,2138,available_on,2026-08-27,,
2026-08-27T23:47:39.486Z,eighth-and-grand,Eighth & Grand,0-2152,,,studio,Studio,0,1,540,2179,2179,2198,available_on,2026-10-16,,
2026-08-27T23:47:39.486Z,eighth-and-grand,Eighth & Grand,0-2153,,,2-bed,2 Bed,2,2,1168,3541,3541,3560,available_on,2026-08-27,,
2026-08-27T23:47:39.486Z,eighth-and-grand,Eighth & Grand,0-2161,,,2-bed,2 Bed,2,2,1109,3336,3336,3355,available_on,2026-10-10,,
2026-08-27T23:47:39.486Z,eighth-and-grand,Eighth & Grand,0-3028,,,1-bed,1 Bed,1,1,779,2759,2759,2778,available_on,2026-08-27,,
2026-08-27T23:47:39.486Z,eighth-and-grand,Eighth & Grand,0-3104,,,1-bed,1 Bed,1,1,802,2624,2624,2643,available_on,2026-09-28,,
2026-08-27T23:47:39.486Z,eighth-and-grand,Eighth & Grand,0-3136,,,1-bed,1 Bed,1,1,777,2299,2299,2318,available_on,2026-10-12,,
2026-08-27T23:47:39.486Z,eighth-and-grand,Eighth & Grand,0-4028,,,1-bed,1 Bed,1,1,779,2779,2779,2798,available_on,2026-10-09,,
2026-08-27T23:47:39.486Z,eighth-and-grand,Eighth & Grand,0-4071,,,1-bed,1 Bed,1,1,840,2404,2404,2423,available_on,2026-10-23,,
2026-08-27T23:47:39.486Z,eighth-and-grand,Eighth & Grand,0-4080,,,1-bed,1 Bed,1,1,777,2294,2294,2313,available_on,2026-09-29,,
2026-08-27T23:47:39.486Z,eighth-and-grand,Eighth & Grand,0-4108,,,studio,Studio,0,1,540,2304,2304,2323,available_on,2026-08-28,,
2026-08-27T23:47:39.486Z,eighth-and-grand,Eighth & Grand,0-4114,,,studio,Studio,0,1,520,2259,2259,2278,available_on,2026-10-15,,
2026-08-27T23:47:39.486Z,eighth-and-grand,Eighth & Grand,0-4131,,,1-bed,1 Bed,1,1,578,2373,2373,2392,available_on,2026-08-27,,
2026-08-27T23:47:39.486Z,eighth-and-grand,Eighth & Grand,0-4139,,,1-bed,1 Bed,1,1,578,2423,2423,2442,available_on,2026-08-27,,
2026-08-27T23:47:39.486Z,eighth-and-grand,Eighth & Grand,0-5005,,,1-bed,1 Bed,1,1,762,2849,2849,2868,available_on,2026-08-27,,
2026-08-27T23:47:39.486Z,eighth-and-grand,Eighth & Grand,0-5026,,,1-bed,1 Bed,1,1,779,2839,2839,2858,available_on,2026-08-27,,
2026-08-27T23:47:39.486Z,eighth-and-grand,Eighth & Grand,0-5029,,,1-bed,1 Bed,1,1,880,2924,2924,2943,available_on,2026-08-27,,
2026-08-27T23:47:39.486Z,eighth-and-grand,Eighth & Grand,0-5032,,,1-bed,1 Bed,1,1,779,2839,2839,2858,available_on,2026-08-27,,
2026-08-27T23:47:39.486Z,eighth-and-grand,Eighth & Grand,0-5034,,,2-bed,2 Bed,2,2,1046,3346,3346,3365,available_on,2026-08-27,,
2026-08-27T23:47:39.486Z,eighth-and-grand,Eighth & Grand,0-5035,,,1-bed,1 Bed,1,1,880,2849,2849,2868,available_on,2026-08-27,,
2026-08-27T23:47:39.486Z,eighth-and-grand,Eighth & Grand,0-5046,,,1-bed,1 Bed,1,1,578,2468,2468,2487,available_on,2026-09-20,,
2026-08-27T23:47:39.486Z,eighth-and-grand,Eighth & Grand,0-5086,,,1-bed,1 Bed,1,1,777,2439,2439,2458,available_on,2026-10-06,,
2026-08-27T23:47:39.486Z,eighth-and-grand,Eighth & Grand,0-5094,,,1-bed,1 Bed,1,1,715,2689,2689,2708,available_on,2026-08-27,,
2026-08-27T23:47:39.486Z,eighth-and-grand,Eighth & Grand,0-5096,,,1-bed,1 Bed,1,1,584,2524,2524,2543,available_on,2026-08-30,,
2026-08-27T23:47:39.486Z,eighth-and-grand,Eighth & Grand,0-5153,,,2-bed,2 Bed,2,2,1278,3991,3991,4010,available_on,2026-09-23,,
2026-08-27T23:47:39.486Z,eighth-and-grand,Eighth & Grand,0-5162,,,studio,Studio,0,1,520,2269,2269,2288,available_on,2026-10-30,,
2026-08-27T23:47:39.486Z,eighth-and-grand,Eighth & Grand,0-6002,,,1-bed,1 Bed,1,1,639,2489,2489,2508,available_on,2026-08-27,,
2026-08-27T23:47:39.486Z,eighth-and-grand,Eighth & Grand,0-6011,,,1-bed,1 Bed,1,1,880,2899,2899,2918,available_on,2026-08-27,,
2026-08-27T23:47:39.486Z,eighth-and-grand,Eighth & Grand,0-6017,,,1-bed,1 Bed,1,1,880,2949,2949,2968,available_on,2026-08-27,,
2026-08-27T23:47:39.486Z,eighth-and-grand,Eighth & Grand,0-6032,,,1-bed,1 Bed,1,1,779,2889,2889,2908,available_on,2026-11-04,,
2026-08-27T23:47:39.486Z,eighth-and-grand,Eighth & Grand,0-6035,,,1-bed,1 Bed,1,1,762,2769,2769,2788,available_on,2026-09-02,,
2026-08-27T23:47:39.486Z,eighth-and-grand,Eighth & Grand,0-6057,,,2-bed,2 Bed,2,2,1211,3666,3666,3685,available_on,2026-09-06,,
2026-08-27T23:47:39.486Z,eighth-and-grand,Eighth & Grand,0-6066,,,1-bed,1 Bed,1,1,762,2764,2764,2783,available_on,2026-08-27,,
2026-08-27T23:47:39.486Z,eighth-and-grand,Eighth & Grand,0-6068,,,1-bed,1 Bed,1,1,579,2334,2334,2353,available_on,2026-09-18,,
2026-08-27T23:47:39.486Z,eighth-and-grand,Eighth & Grand,0-6094,,,1-bed,1 Bed,1,1,715,2814,2814,2833,available_on,2026-08-27,,
2026-08-27T23:47:39.486Z,eighth-and-grand,Eighth & Grand,0-6137,,,1-bed,1 Bed,1,1,578,2473,2473,2492,available_on,2026-09-10,,
2026-08-27T23:47:39.486Z,eighth-and-grand,Eighth & Grand,0-6149,,,studio,Studio,0,1,558,2399,2399,2418,available_on,2026-08-27,,
2026-08-27T23:47:39.486Z,eighth-and-grand,Eighth & Grand,0-6152,,,studio,Studio,0,1,540,2404,2404,2423,available_on,2026-11-01,,
2026-08-27T23:47:39.486Z,eighth-and-grand,Eighth & Grand,0-6154,,,studio,Studio,0,1,520,2319,2319,2338,available_on,2026-11-07,,
2026-08-27T23:47:39.486Z,eighth-and-grand,Eighth & Grand,0-6166,,,1-bed,1 Bed,1,1,822,2814,2814,2833,available_on,2026-09-28,,
2026-08-27T23:47:39.486Z,eighth-and-grand,Eighth & Grand,0-7024,,,1-bed,1 Bed,1,1,791,2769,2769,2788,available_on,2026-08-27,,
2026-08-27T23:47:39.486Z,eighth-and-grand,Eighth & Grand,0-7042,,,1-bed,1 Bed,1,1,578,2393,2393,2412,available_on,2026-08-27,,
2026-08-27T23:47:39.486Z,eighth-and-grand,Eighth & Grand,0-7066,,,1-bed,1 Bed,1,1,762,2814,2814,2833,available_on,2026-08-27,,
2026-08-27T23:47:39.486Z,eighth-and-grand,Eighth & Grand,0-7071,,,1-bed,1 Bed,1,1,840,2829,2829,2848,available_on,2026-09-07,,
2026-08-27T23:47:39.486Z,eighth-and-grand,Eighth & Grand,0-7082,,,1-bed,1 Bed,1,1,777,2644,2644,2663,available_on,2026-08-31,,
2026-08-27T23:47:39.486Z,eighth-and-grand,Eighth & Grand,0-7090,,,2-bed,2 Bed,2,1,976,3271,3271,3290,available_on,2026-08-27,,
2026-08-27T23:47:39.486Z,eighth-and-grand,Eighth & Grand,0-7096,,,1-bed,1 Bed,1,1,584,2699,2699,2718,available_on,2026-08-27,,
2026-08-27T23:47:39.486Z,eighth-and-grand,Eighth & Grand,0-7145,,,2-bed,2 Bed,2,2,1099,4111,4111,4130,available_on,2026-10-01,,
2026-08-27T23:47:39.486Z,eighth-and-grand,Eighth & Grand,0-7167,,,1-bed,1 Bed,1,1,578,2573,2573,2592,available_on,2026-10-08,,
2026-08-27T23:47:39.486Z,beaudry,Beaudry,B-0514,5,,1-bed,1 Bed,1,1,794,4097,4097,4113,available_on,2026-10-31,,
2026-08-27T23:47:39.486Z,beaudry,Beaudry,B-0814,8,,1-bed,1 Bed,1,1,802,4127,4127,4143,available_on,2026-11-06,,
2026-08-27T23:47:39.486Z,beaudry,Beaudry,B-1007,10,,studio,Studio,0,1,550,2660,2660,2676,available_on,2026-10-22,,
2026-08-27T23:47:39.486Z,beaudry,Beaudry,B-1014,10,,1-bed,1 Bed,1,1,802,4147,4147,4163,available_on,2026-09-12,,
2026-08-27T23:47:39.486Z,beaudry,Beaudry,B-1101,11,,1-bed,1 Bed,1,1.5,818,4637,4637,4653,available_on,2026-09-13,,
2026-08-27T23:47:39.486Z,beaudry,Beaudry,B-1104,11,,1-bed,1 Bed,1,1.5,875,3987,3987,4003,available_on,2026-10-27,,
2026-08-27T23:47:39.486Z,beaudry,Beaudry,B-1204,12,,1-bed,1 Bed,1,1.5,875,4052,4052,4068,available_on,2026-10-01,,
2026-08-27T23:47:39.486Z,beaudry,Beaudry,B-1401,14,,1-bed,1 Bed,1,1.5,818,4712,4712,4728,available_on,2026-09-29,,
2026-08-27T23:47:39.486Z,beaudry,Beaudry,B-1409,14,,1-bed,1 Bed,1,1,860,4952,4952,4968,available_on,2026-09-10,,
2026-08-27T23:47:39.486Z,beaudry,Beaudry,B-1416,14,,2-bed,2 Bed,2,2,1192,6297,6297,6313,available_on,2026-09-06,,
2026-08-27T23:47:39.486Z,beaudry,Beaudry,B-1502,15,,studio,Studio,0,1,539,2695,2695,2711,available_on,2026-10-07,,
2026-08-27T23:47:39.486Z,beaudry,Beaudry,B-1602,16,,studio,Studio,0,1,539,2705,2705,2721,available_on,2026-10-09,,
2026-08-27T23:47:39.486Z,beaudry,Beaudry,B-1804,18,,1-bed,1 Bed,1,1.5,875,4102,4102,4118,available_on,2026-09-21,,
2026-08-27T23:47:39.486Z,beaudry,Beaudry,B-1806,18,,1-bed,1 Bed,1,1,868,4332,4332,4348,available_on,2026-10-10,,
2026-08-27T23:47:39.486Z,beaudry,Beaudry,B-1904,19,,1-bed,1 Bed,1,1.5,891,4077,4077,4093,available_on,2026-09-18,,
2026-08-27T23:47:39.486Z,beaudry,Beaudry,B-2004,20,,1-bed,1 Bed,1,1.5,891,4087,4087,4103,available_on,2026-10-04,,
2026-08-27T23:47:39.486Z,beaudry,Beaudry,B-2008,20,,2-bed,2 Bed,2,2,1200,6712,6712,6728,available_on,2026-08-27,,
2026-08-27T23:47:39.486Z,beaudry,Beaudry,B-2009,20,,1-bed,1 Bed,1,1,860,5012,5012,5028,available_on,2026-09-24,,
2026-08-27T23:47:39.486Z,beaudry,Beaudry,B-2013,20,,2-bed,2 Bed,2,2,1192,6032,6032,6048,available_on,2026-09-16,,
2026-08-27T23:47:39.486Z,beaudry,Beaudry,B-2014,20,,1-bed,1 Bed,1,1,817,4287,4287,4303,available_on,2026-10-23,,
2026-08-27T23:47:39.486Z,beaudry,Beaudry,B-2101,21,,1-bed,1 Bed,1,1.5,818,4782,4782,4798,available_on,2026-09-18,,
2026-08-27T23:47:39.486Z,beaudry,Beaudry,B-2111,21,,studio,Studio,0,1,514,2585,2585,2601,available_on,2026-10-20,,
2026-08-27T23:47:39.486Z,beaudry,Beaudry,B-2114,21,,1-bed,1 Bed,1,1,817,4297,4297,4313,available_on,2026-09-21,,
2026-08-27T23:47:39.486Z,beaudry,Beaudry,B-2204,22,,1-bed,1 Bed,1,1.5,891,4107,4107,4123,available_on,2026-09-29,,
2026-08-27T23:47:39.486Z,beaudry,Beaudry,B-2313,23,,2-bed,2 Bed,2,2,1192,6062,6062,6078,available_on,2026-08-27,,
2026-08-27T23:47:39.486Z,beaudry,Beaudry,B-2413,24,,2-bed,2 Bed,2,2,1192,6072,6072,6088,available_on,2026-09-12,,
2026-08-27T23:47:39.486Z,beaudry,Beaudry,B-2415,24,,1-bed,1 Bed,1,1,568,3084,3084,3100,available_on,2026-10-08,,
2026-08-27T23:47:39.486Z,beaudry,Beaudry,B-2514,25,,1-bed,1 Bed,1,1,817,4337,4337,4353,available_on,2026-09-16,,
2026-08-27T23:47:39.486Z,beaudry,Beaudry,B-2803,28,,1-bed,1 Bed,1,1,627,3199,3199,3215,available_on,2026-10-02,,
2026-08-27T23:47:39.486Z,beaudry,Beaudry,B-2805,28,,1-bed,1 Bed,1,1,939,4572,4572,4588,available_on,2026-10-01,,
2026-08-27T23:47:39.486Z,beaudry,Beaudry,B-2906,29,,1-bed,1 Bed,1,1,882,4467,4467,4483,available_on,2026-09-30,,
2026-08-27T23:47:39.486Z,beaudry,Beaudry,B-3005,30,,1-bed,1 Bed,1,1,939,4592,4592,4608,available_on,2026-09-27,,
2026-08-27T23:47:39.486Z,beaudry,Beaudry,B-3008,30,,2-bed,2 Bed,2,2,1200,6902,6902,6918,available_on,2026-09-01,,
2026-08-27T23:47:39.486Z,beaudry,Beaudry,B-3205,32,,1-bed,1 Bed,1,1,939,4612,4612,4628,available_on,2026-10-14,,
2026-08-27T23:47:39.486Z,beaudry,Beaudry,B-3310,33,,1-bed,1 Bed,1,1,594,3109,3109,3125,available_on,2026-10-08,,
2026-08-27T23:47:39.486Z,beaudry,Beaudry,B-3401,34,,1-bed,1 Bed,1,1.5,818,4912,4912,4928,available_on,2026-10-02,,
2026-08-27T23:47:39.486Z,beaudry,Beaudry,B-3406,34,,1-bed,1 Bed,1,1,882,4517,4517,4533,available_on,2026-10-16,,
2026-08-27T23:47:39.486Z,beaudry,Beaudry,B-3709,37,,1-bed,1 Bed,1,1,860,5357,5357,5373,available_on,2026-10-24,,
2026-08-27T23:47:39.486Z,beaudry,Beaudry,B-3713,37,,2-bed,2 Bed,2,2,1192,6227,6227,6243,available_on,2026-08-27,,
2026-08-27T23:47:39.486Z,beaudry,Beaudry,B-4002,40,,studio,Studio,0,1,539,2970,2970,2986,available_on,2026-10-22,,
2026-08-27T23:47:39.486Z,beaudry,Beaudry,B-4006,40,,1-bed,1 Bed,1,1,882,4602,4602,4618,available_on,2026-09-07,,
2026-08-27T23:47:39.486Z,beaudry,Beaudry,B-4105,41,,1-bed,1 Bed,1,1.5,1044,4617,4617,4633,available_on,2026-09-30,,
2026-08-27T23:47:39.486Z,beaudry,Beaudry,B-4303,43,,1-bed,1 Bed,1,1,627,3374,3374,3390,available_on,2026-10-11,,
2026-08-27T23:47:39.486Z,beaudry,Beaudry,B-4306,43,,1-bed,1 Bed,1,1,882,4632,4632,4648,available_on,2026-11-04,,
2026-08-27T23:47:39.486Z,beaudry,Beaudry,B-4413,44,,2-bed,2 Bed,2,2,1192,6297,6297,6313,available_on,2026-08-27,,
2026-08-27T23:47:39.486Z,beaudry,Beaudry,B-4504,45,,1-bed,1 Bed,1,1.5,1134,4977,4977,4993,available_on,2026-10-06,,
2026-08-27T23:47:39.486Z,beaudry,Beaudry,B-4507,45,,studio,Studio,0,1,550,3180,3180,3196,available_on,2026-10-08,,
2026-08-27T23:47:39.486Z,beaudry,Beaudry,B-4615,46,,1-bed,1 Bed,1,1,568,3329,3329,3345,available_on,2026-11-15,,
2026-08-27T23:47:39.486Z,beaudry,Beaudry,B-4704,47,,1-bed,1 Bed,1,1.5,1134,4997,4997,5013,available_on,2026-09-24,,
2026-08-27T23:47:39.486Z,beaudry,Beaudry,B-4707,47,,studio,Studio,0,1,550,3200,3200,3216,available_on,2026-10-17,,
2026-08-27T23:47:39.486Z,beaudry,Beaudry,B-4713,47,,2-bed,2 Bed,2,2,1192,6327,6327,6343,available_on,2026-11-03,,
2026-08-27T23:47:39.486Z,beaudry,Beaudry,B-4910,49,,1-bed,1 Bed,1,1.5,926,4355,4355,4371,available_on,2026-10-10,,
2026-08-27T23:47:39.486Z,beaudry,Beaudry,B-5209,52,,2-bed,2 Bed,2,2,1230,6295,6295,6311,available_on,2026-09-15,,
2026-08-27T23:47:39.486Z,beaudry,Beaudry,B-5405,54,,3-bed,3 Bed,3,2.5,1734,9064,9064,9080,available_on,2026-10-05,,
2026-08-27T23:47:39.486Z,beaudry,Beaudry,B-5607,56,,1-bed,1 Bed,1,1,1006,5610,5610,5626,available_on,2026-08-27,,
2026-08-27T23:47:39.486Z,circa-la,Circa LA,W3206,32,,1-bed,1 Bed,1,1,745,3358,3358,3408,available_on,2026-08-27,,
2026-08-27T23:47:39.486Z,circa-la,Circa LA,W3208,32,,1-bed,1 Bed,1,1,770,3636,3636,3686,available_on,2026-08-27,,
2026-08-27T23:47:39.486Z,circa-la,Circa LA,W2618,26,,1-bed,1 Bed,1,1,923,4069,4069,4119,available_on,2026-08-27,,
2026-08-27T23:47:39.486Z,circa-la,Circa LA,W2518,25,,1-bed,1 Bed,1,1,923,3842,3842,3892,available_on,2026-08-27,,
2026-08-27T23:47:39.486Z,circa-la,Circa LA,W2006,20,,1-bed,1 Bed,1,1,745,3388,3388,3438,available_on,2026-09-14,,
2026-08-27T23:47:39.486Z,circa-la,Circa LA,W1708,17,,1-bed,1 Bed,1,1,770,3327,3327,3377,available_on,2026-08-27,,
2026-08-27T23:47:39.486Z,circa-la,Circa LA,W1724,17,,2-bed,2 Bed,2,2,1463,4755,4755,4805,available_on,2026-10-28,,
2026-08-27T23:47:39.486Z,circa-la,Circa LA,W1624,16,,2-bed,2 Bed,2,2,1463,4747,4747,4797,available_on,2026-09-03,,
2026-08-27T23:47:39.486Z,circa-la,Circa LA,W1412,14,,2-bed,2 Bed,2,2.5,1762,5527,5527,5577,available_on,2026-09-26,,
2026-08-27T23:47:39.486Z,circa-la,Circa LA,W1102,11,,1-bed,1 Bed,1,1,627,2777,2777,2827,available_on,2026-08-28,,
2026-08-27T23:47:39.486Z,circa-la,Circa LA,W1120,11,,1-bed,1 Bed,1,1,927,3335,3335,3385,available_on,2026-09-18,,
2026-08-27T23:47:39.486Z,circa-la,Circa LA,W924,9,,2-bed,2 Bed,2,2,1463,4601,4601,4651,available_on,2026-08-27,,
2026-08-27T23:47:39.486Z,circa-la,Circa LA,W820,8,,1-bed,1 Bed,1,1,927,4036,4036,4086,available_on,2026-08-27,,
2026-08-27T23:47:39.486Z,circa-la,Circa LA,E3201,32,,1-bed,1 Bed,1,1,627,3107,3107,3157,available_on,2026-08-27,,
2026-08-27T23:47:39.486Z,circa-la,Circa LA,E3221,32,,1-bed,1 Bed,1,1,871,3720,3720,3770,available_on,2026-08-27,,
2026-08-27T23:47:39.486Z,circa-la,Circa LA,E3001,30,,1-bed,1 Bed,1,1,627,2825,2825,2875,available_on,2026-08-27,,
2026-08-27T23:47:39.486Z,circa-la,Circa LA,E2911,29,,2-bed,2 Bed,2,2.5,1762,5677,5677,5727,available_on,2026-08-27,,
2026-08-27T23:47:39.486Z,circa-la,Circa LA,E2917,29,,1-bed,1 Bed,1,1,923,3872,3872,3922,available_on,2026-09-05,,
2026-08-27T23:47:39.486Z,circa-la,Circa LA,E2921,29,,1-bed,1 Bed,1,1,871,3644,3644,3694,available_on,2026-10-04,,
2026-08-27T23:47:39.486Z,circa-la,Circa LA,E2501,25,,1-bed,1 Bed,1,1,627,2876,2876,2926,available_on,2026-09-17,,
2026-08-27T23:47:39.486Z,circa-la,Circa LA,E2411,24,,2-bed,2 Bed,2,2.5,1762,5576,5576,5626,available_on,2026-09-05,,
2026-08-27T23:47:39.486Z,circa-la,Circa LA,E2419,24,,1-bed,1 Bed,1,1,927,3530,3530,3580,available_on,2026-09-21,,
2026-08-27T23:47:39.486Z,circa-la,Circa LA,E2223,22,,2-bed,2 Bed,2,2,1463,4939,4939,4989,available_on,2026-08-27,,
2026-08-27T23:47:39.486Z,circa-la,Circa LA,E1813,18,,2-bed,2 Bed,2,2.5,1898,5965,5965,6015,available_on,2026-08-27,,
2026-08-27T23:47:39.486Z,circa-la,Circa LA,E1405,14,,1-bed,1 Bed,1,1,745,2941,2941,2991,available_on,2026-09-24,,
2026-08-27T23:47:39.486Z,circa-la,Circa LA,E1115,11,,1-bed,1 Bed,1,1,868,3269,3269,3319,available_on,2026-10-04,,
2026-08-27T23:47:39.486Z,circa-la,Circa LA,E3301,33,,3-bed,3 Bed,3,4.5,3984,19486,19486,19536,available_on,2026-08-27,,
2026-08-27T23:47:39.486Z,circa-la,Circa LA,W3302,33,,3-bed,3 Bed,3,4.5,3842,22551,22551,22601,available_on,2026-08-27,,
2026-08-27T23:47:39.486Z,circa-la,Circa LA,W3312,33,,3-bed,3 Bed,3,3.5,2900,17028,17028,17078,available_on,2026-08-27,,
2026-08-27T23:47:39.486Z,circa-la,Circa LA,E3411,34,,3-bed,3 Bed,3,3.5,2878,12926,12926,12976,available_on,2026-08-27,,
2026-08-27T23:47:39.486Z,circa-la,Circa LA,W3402,34,,3-bed,3 Bed,3,4.5,3842,22643,22643,22693,available_on,2026-08-27,,
2026-08-27T23:47:39.486Z,circa-la,Circa LA,W3406,34,,2-bed,2 Bed,2,2,1338,7315,7315,7365,available_on,2026-09-01,,
2026-08-27T23:47:39.486Z,circa-la,Circa LA,E3501,35,,3-bed,3 Bed,3,4.5,3984,22435,22435,22485,available_on,2026-08-27,,
2026-08-27T23:47:39.486Z,circa-la,Circa LA,E3505,35,,2-bed,2 Bed,2,2,1338,6188,6188,6238,available_on,2026-08-27,,
2026-08-27T23:47:39.486Z,circa-la,Circa LA,E3511,35,,3-bed,3 Bed,3,3.5,2878,14850,14850,14900,available_on,2026-08-27,,
2026-08-27T23:47:39.486Z,circa-la,Circa LA,W3502,35,,3-bed,3 Bed,3,4.5,3842,23359,23359,23409,available_on,2026-08-27,,
2026-08-27T23:47:39.486Z,circa-la,Circa LA,W3508,35,,2-bed,2 Bed,2,2,1524,8045,8045,8095,available_on,2026-10-31,,
2026-08-27T23:47:39.486Z,circa-la,Circa LA,W3512,35,,3-bed,3 Bed,3,3.5,2900,17398,17398,17448,available_on,2026-08-27,,
2026-08-28T06:57:35.089Z,825-south-hill,825 South Hill,201,2,A2,2-bed-den,2 Bed + Den,2,,1090,3950,5063,,available,,29417540,2413008
2026-08-28T06:57:35.089Z,825-south-hill,825 South Hill,301,3,A2,2-bed-den,2 Bed + Den,2,,1090,3950,5063,,available,,29417543,2413008
2026-08-28T06:57:35.089Z,825-south-hill,825 South Hill,302,3,B,2-bed,2 Bed,2,,993,3619,4647,,available,,29417544,2413011
2026-08-28T06:57:35.089Z,825-south-hill,825 South Hill,607,6,TH2,townhomes,Townhomes,,,1385,5482,7378,,available,,29417562,2413022
2026-08-28T06:57:35.089Z,825-south-hill,825 South Hill,3012,30,K,1-bed,1 Bed,1,,670,3399,4329,,available_on,2026-10-12,29417188,2413027
2026-08-28T06:57:35.089Z,825-south-hill,825 South Hill,3412,34,K,1-bed,1 Bed,1,,670,3414,4367,,available_on,2026-08-29,29417189,2413027
2026-08-28T06:57:35.089Z,825-south-hill,825 South Hill,4312,43,K,1-bed,1 Bed,1,,670,3411,4363,,available,,29417198,2413027
2026-08-28T06:57:35.089Z,825-south-hill,825 South Hill,2901,29,K1,1-bed,1 Bed,1,,716,3414,4361,,available_on,2026-09-09,29417218,2413028
2026-08-28T06:57:35.089Z,825-south-hill,825 South Hill,3603,36,M,2-bed-den,2 Bed + Den,2,,1099,4514,5803,,available_on,2026-09-07,29417253,2413032
2026-08-28T06:57:35.089Z,825-south-hill,825 South Hill,3809,38,M1,2-bed-den,2 Bed + Den,2,,1109,4412,5655,,available,,29417286,2413033
2026-08-28T06:57:35.089Z,825-south-hill,825 South Hill,1504,15,N,jr-2-bed,Jr. 2 Bed,2,,792,3223,4145,,available,,29417296,2413034
2026-08-28T06:57:35.089Z,825-south-hill,825 South Hill,2204,22,N,jr-2-bed,Jr. 2 Bed,2,,792,3308,4250,,available_on,2026-09-28,29417302,2413034
2026-08-28T06:57:35.089Z,825-south-hill,825 South Hill,3704,37,N,jr-2-bed,Jr. 2 Bed,2,,792,3548,4558,,available_on,2026-09-14,29417313,2413034
2026-08-28T06:57:35.089Z,825-south-hill,825 South Hill,4204,42,N,jr-2-bed,Jr. 2 Bed,2,,792,3668,4717,,available,,29417317,2413034
2026-08-28T06:57:35.089Z,825-south-hill,825 South Hill,1910,19,N1,jr-2-bed,Jr. 2 Bed,2,,807,3123,4012,,available_on,2026-09-11,29417327,2413035
2026-08-28T06:57:35.089Z,825-south-hill,825 South Hill,3610,36,N1,jr-2-bed,Jr. 2 Bed,2,,807,3433,4415,,available_on,2026-08-29,29417341,2413035
2026-08-28T06:57:35.089Z,825-south-hill,825 South Hill,4310,43,N1,jr-2-bed,Jr. 2 Bed,2,,807,3618,4637,,available_on,2026-10-07,29417348,2413035
2026-08-28T06:57:35.089Z,825-south-hill,825 South Hill,3902,39,O,1-bed,1 Bed,1,,538,3247,4112,,available_on,2026-10-10,29417415,2413037
2026-08-28T06:57:35.089Z,825-south-hill,825 South Hill,4602,46,O,1-bed,1 Bed,1,,538,3392,4281,,available_on,2026-11-07,29417390,2413037
2026-08-28T06:57:35.089Z,825-south-hill,825 South Hill,1107,11,O1,1-bed,1 Bed,1,,560,2902,3688,,available_on,2026-09-28,29417419,2413039
2026-08-28T06:57:35.089Z,825-south-hill,825 South Hill,2406,24,O3,1-bed,1 Bed,1,,562,3037,3846,,available_on,2026-10-02,29417461,2522879
2026-08-28T06:57:35.089Z,atelier,Atelier,0707,7,,1-bed,1 Bed,1,1,778,3397,3397,3414,available_on,2026-10-22,,
2026-08-28T06:57:35.089Z,atelier,Atelier,1402,14,,1-bed,1 Bed,1,1,622,3447,3447,3464,available_on,2026-11-07,,
2026-08-28T06:57:35.089Z,atelier,Atelier,1407,14,,1-bed,1 Bed,1,1,778,3547,3547,3564,available_on,2026-10-07,,
2026-08-28T06:57:35.089Z,atelier,Atelier,1508,15,,1-bed,1 Bed,1,1,778,3562,3562,3579,available_on,2026-10-18,,
2026-08-28T06:57:35.089Z,atelier,Atelier,1905,19,,1-bed,1 Bed,1,1,778,3907,3907,3924,available_on,2026-09-15,,
2026-08-28T06:57:35.089Z,atelier,Atelier,2312,23,,1-bed,1 Bed,1,1,685,3972,3972,3989,available_on,2026-10-08,,
2026-08-28T06:57:35.089Z,atelier,Atelier,2404,24,,1-bed,1 Bed,1,1,829,4267,4267,4284,available_on,2026-08-28,,
2026-08-28T06:57:35.089Z,atelier,Atelier,2414,24,,2-bed,2 Bed,2,2,975,4684,4684,4701,available_on,2026-09-07,,
2026-08-28T06:57:35.089Z,atelier,Atelier,2501,25,,2-bed,2 Bed,2,2.5,1377,6451,6451,6468,available_on,2026-08-31,,
2026-08-28T06:57:35.089Z,atelier,Atelier,2504,25,,1-bed,1 Bed,1,1,829,4287,4287,4304,available_on,2026-10-28,,
2026-08-28T06:57:35.089Z,atelier,Atelier,2602,26,,2-bed,2 Bed,2,2.5,1514,7516,7516,7533,available_on,2026-08-28,,
2026-08-28T06:57:35.089Z,atelier,Atelier,3001,30,,2-bed,2 Bed,2,2.5,1377,6641,6641,6658,available_on,2026-09-21,,
2026-08-28T06:57:35.089Z,atelier,Atelier,3106,31,,1-bed,1 Bed,1,1,778,4222,4222,4239,available_on,2026-08-28,,
2026-08-28T06:57:35.089Z,atelier,Atelier,3108,31,,1-bed,1 Bed,1,1,685,4312,4312,4329,available_on,2026-08-28,,
2026-08-28T06:57:35.089Z,atelier,Atelier,3110,31,,1-bed,1 Bed,1,1,685,4397,4397,4414,available_on,2026-08-28,,
2026-08-28T06:57:35.089Z,atelier,Atelier,3202,32,,2-bed,2 Bed,2,2.5,1514,7776,7776,7793,available_on,2026-09-25,,
2026-08-28T06:57:35.089Z,atelier,Atelier,3208,32,,1-bed,1 Bed,1,1,685,4382,4382,4399,available_on,2026-08-28,,
2026-08-28T06:57:35.089Z,atelier,Atelier,3210,32,,1-bed,1 Bed,1,1,685,4467,4467,4484,available_on,2026-08-28,,
2026-08-28T06:57:35.089Z,atelier,Atelier,PH01,,,2-bed,2 Bed,2,2.5,1470,8923,8923,8940,available_on,2026-08-28,,
2026-08-28T06:57:35.089Z,atelier,Atelier,PH08,,,3-bed,3 Bed,3,3,1731,9199,9199,9216,available_on,2026-08-28,,
2026-08-28T06:57:35.089Z,eighth-and-grand,Eighth & Grand,0-2017,,,1-bed,1 Bed,1,1,762,2439,2439,2458,available_on,2026-09-10,,
2026-08-28T06:57:35.089Z,eighth-and-grand,Eighth & Grand,0-2034,,,2-bed,2 Bed,2,1,905,3037,3037,3056,available_on,2026-10-06,,
2026-08-28T06:57:35.089Z,eighth-and-grand,Eighth & Grand,0-2037,,,1-bed,1 Bed,1,1,762,2439,2439,2458,available_on,2026-09-15,,
2026-08-28T06:57:35.089Z,eighth-and-grand,Eighth & Grand,0-2041,,,1-bed,1 Bed,1,1,762,2439,2439,2458,available_on,2026-09-05,,
2026-08-28T06:57:35.089Z,eighth-and-grand,Eighth & Grand,0-2051,,,2-bed,2 Bed,2,2.5,1094,3786,3786,3805,available_on,2026-08-28,,
2026-08-28T06:57:35.089Z,eighth-and-grand,Eighth & Grand,0-2077,,,1-bed,1 Bed,1,1,578,2248,2248,2267,available_on,2026-09-26,,
2026-08-28T06:57:35.089Z,eighth-and-grand,Eighth & Grand,0-2102,,,studio,Studio,0,1,527,2174,2174,2193,available_on,2026-10-17,,
2026-08-28T06:57:35.089Z,eighth-and-grand,Eighth & Grand,0-2110,,,studio,Studio,0,1,520,2119,2119,2138,available_on,2026-08-28,,
2026-08-28T06:57:35.089Z,eighth-and-grand,Eighth & Grand,0-2152,,,studio,Studio,0,1,540,2179,2179,2198,available_on,2026-10-16,,
2026-08-28T06:57:35.089Z,eighth-and-grand,Eighth & Grand,0-2153,,,2-bed,2 Bed,2,2,1168,3541,3541,3560,available_on,2026-08-28,,
2026-08-28T06:57:35.089Z,eighth-and-grand,Eighth & Grand,0-2161,,,2-bed,2 Bed,2,2,1109,3336,3336,3355,available_on,2026-10-10,,
2026-08-28T06:57:35.089Z,eighth-and-grand,Eighth & Grand,0-3028,,,1-bed,1 Bed,1,1,779,2759,2759,2778,available_on,2026-08-28,,
2026-08-28T06:57:35.089Z,eighth-and-grand,Eighth & Grand,0-3104,,,1-bed,1 Bed,1,1,802,2624,2624,2643,available_on,2026-09-28,,
2026-08-28T06:57:35.089Z,eighth-and-grand,Eighth & Grand,0-3136,,,1-bed,1 Bed,1,1,777,2299,2299,2318,available_on,2026-10-12,,
2026-08-28T06:57:35.089Z,eighth-and-grand,Eighth & Grand,0-4028,,,1-bed,1 Bed,1,1,779,2779,2779,2798,available_on,2026-10-09,,
2026-08-28T06:57:35.089Z,eighth-and-grand,Eighth & Grand,0-4071,,,1-bed,1 Bed,1,1,840,2404,2404,2423,available_on,2026-10-23,,
2026-08-28T06:57:35.089Z,eighth-and-grand,Eighth & Grand,0-4080,,,1-bed,1 Bed,1,1,777,2294,2294,2313,available_on,2026-09-29,,
2026-08-28T06:57:35.089Z,eighth-and-grand,Eighth & Grand,0-4108,,,studio,Studio,0,1,540,2304,2304,2323,available_on,2026-08-28,,
2026-08-28T06:57:35.089Z,eighth-and-grand,Eighth & Grand,0-4114,,,studio,Studio,0,1,520,2259,2259,2278,available_on,2026-10-15,,
2026-08-28T06:57:35.089Z,eighth-and-grand,Eighth & Grand,0-4131,,,1-bed,1 Bed,1,1,578,2373,2373,2392,available_on,2026-08-28,,
2026-08-28T06:57:35.089Z,eighth-and-grand,Eighth & Grand,0-4139,,,1-bed,1 Bed,1,1,578,2423,2423,2442,available_on,2026-08-28,,
2026-08-28T06:57:35.089Z,eighth-and-grand,Eighth & Grand,0-5005,,,1-bed,1 Bed,1,1,762,2849,2849,2868,available_on,2026-08-28,,
2026-08-28T06:57:35.089Z,eighth-and-grand,Eighth & Grand,0-5026,,,1-bed,1 Bed,1,1,779,2839,2839,2858,available_on,2026-08-28,,
2026-08-28T06:57:35.089Z,eighth-and-grand,Eighth & Grand,0-5029,,,1-bed,1 Bed,1,1,880,2924,2924,2943,available_on,2026-08-28,,
2026-08-28T06:57:35.089Z,eighth-and-grand,Eighth & Grand,0-5032,,,1-bed,1 Bed,1,1,779,2839,2839,2858,available_on,2026-08-28,,
2026-08-28T06:57:35.089Z,eighth-and-grand,Eighth & Grand,0-5034,,,2-bed,2 Bed,2,2,1046,3346,3346,3365,available_on,2026-08-28,,
2026-08-28T06:57:35.089Z,eighth-and-grand,Eighth & Grand,0-5035,,,1-bed,1 Bed,1,1,880,2849,2849,2868,available_on,2026-08-28,,
2026-08-28T06:57:35.089Z,eighth-and-grand,Eighth & Grand,0-5046,,,1-bed,1 Bed,1,1,578,2468,2468,2487,available_on,2026-09-20,,
2026-08-28T06:57:35.089Z,eighth-and-grand,Eighth & Grand,0-5086,,,1-bed,1 Bed,1,1,777,2439,2439,2458,available_on,2026-10-06,,
2026-08-28T06:57:35.089Z,eighth-and-grand,Eighth & Grand,0-5094,,,1-bed,1 Bed,1,1,715,2689,2689,2708,available_on,2026-08-28,,
2026-08-28T06:57:35.089Z,eighth-and-grand,Eighth & Grand,0-5096,,,1-bed,1 Bed,1,1,584,2524,2524,2543,available_on,2026-08-30,,
2026-08-28T06:57:35.089Z,eighth-and-grand,Eighth & Grand,0-5153,,,2-bed,2 Bed,2,2,1278,3991,3991,4010,available_on,2026-09-23,,
2026-08-28T06:57:35.089Z,eighth-and-grand,Eighth & Grand,0-5162,,,studio,Studio,0,1,520,2269,2269,2288,available_on,2026-10-30,,
2026-08-28T06:57:35.089Z,eighth-and-grand,Eighth & Grand,0-6002,,,1-bed,1 Bed,1,1,639,2489,2489,2508,available_on,2026-08-28,,
2026-08-28T06:57:35.089Z,eighth-and-grand,Eighth & Grand,0-6011,,,1-bed,1 Bed,1,1,880,2899,2899,2918,available_on,2026-08-28,,
2026-08-28T06:57:35.089Z,eighth-and-grand,Eighth & Grand,0-6017,,,1-bed,1 Bed,1,1,880,2949,2949,2968,available_on,2026-08-28,,
2026-08-28T06:57:35.089Z,eighth-and-grand,Eighth & Grand,0-6032,,,1-bed,1 Bed,1,1,779,2889,2889,2908,available_on,2026-11-04,,
2026-08-28T06:57:35.089Z,eighth-and-grand,Eighth & Grand,0-6035,,,1-bed,1 Bed,1,1,762,2769,2769,2788,available_on,2026-09-02,,
2026-08-28T06:57:35.089Z,eighth-and-grand,Eighth & Grand,0-6057,,,2-bed,2 Bed,2,2,1211,3666,3666,3685,available_on,2026-09-06,,
2026-08-28T06:57:35.089Z,eighth-and-grand,Eighth & Grand,0-6066,,,1-bed,1 Bed,1,1,762,2764,2764,2783,available_on,2026-08-28,,
2026-08-28T06:57:35.089Z,eighth-and-grand,Eighth & Grand,0-6068,,,1-bed,1 Bed,1,1,579,2334,2334,2353,available_on,2026-09-18,,
2026-08-28T06:57:35.089Z,eighth-and-grand,Eighth & Grand,0-6094,,,1-bed,1 Bed,1,1,715,2814,2814,2833,available_on,2026-08-28,,
2026-08-28T06:57:35.089Z,eighth-and-grand,Eighth & Grand,0-6137,,,1-bed,1 Bed,1,1,578,2473,2473,2492,available_on,2026-09-10,,
2026-08-28T06:57:35.089Z,eighth-and-grand,Eighth & Grand,0-6149,,,studio,Studio,0,1,558,2399,2399,2418,available_on,2026-08-28,,
2026-08-28T06:57:35.089Z,eighth-and-grand,Eighth & Grand,0-6152,,,studio,Studio,0,1,540,2404,2404,2423,available_on,2026-11-01,,
2026-08-28T06:57:35.089Z,eighth-and-grand,Eighth & Grand,0-6154,,,studio,Studio,0,1,520,2319,2319,2338,available_on,2026-11-07,,
2026-08-28T06:57:35.089Z,eighth-and-grand,Eighth & Grand,0-6166,,,1-bed,1 Bed,1,1,822,2814,2814,2833,available_on,2026-09-28,,
2026-08-28T06:57:35.089Z,eighth-and-grand,Eighth & Grand,0-7024,,,1-bed,1 Bed,1,1,791,2769,2769,2788,available_on,2026-08-28,,
2026-08-28T06:57:35.089Z,eighth-and-grand,Eighth & Grand,0-7042,,,1-bed,1 Bed,1,1,578,2393,2393,2412,available_on,2026-08-28,,
2026-08-28T06:57:35.089Z,eighth-and-grand,Eighth & Grand,0-7066,,,1-bed,1 Bed,1,1,762,2814,2814,2833,available_on,2026-08-28,,
2026-08-28T06:57:35.089Z,eighth-and-grand,Eighth & Grand,0-7071,,,1-bed,1 Bed,1,1,840,2829,2829,2848,available_on,2026-09-07,,
2026-08-28T06:57:35.089Z,eighth-and-grand,Eighth & Grand,0-7082,,,1-bed,1 Bed,1,1,777,2644,2644,2663,available_on,2026-08-31,,
2026-08-28T06:57:35.089Z,eighth-and-grand,Eighth & Grand,0-7090,,,2-bed,2 Bed,2,1,976,3271,3271,3290,available_on,2026-08-28,,
2026-08-28T06:57:35.089Z,eighth-and-grand,Eighth & Grand,0-7096,,,1-bed,1 Bed,1,1,584,2699,2699,2718,available_on,2026-08-28,,
2026-08-28T06:57:35.089Z,eighth-and-grand,Eighth & Grand,0-7145,,,2-bed,2 Bed,2,2,1099,4111,4111,4130,available_on,2026-10-01,,
2026-08-28T06:57:35.089Z,eighth-and-grand,Eighth & Grand,0-7167,,,1-bed,1 Bed,1,1,578,2573,2573,2592,available_on,2026-10-08,,
2026-08-28T06:57:35.089Z,beaudry,Beaudry,B-0514,5,,1-bed,1 Bed,1,1,794,4097,4097,4113,available_on,2026-10-31,,
2026-08-28T06:57:35.089Z,beaudry,Beaudry,B-0814,8,,1-bed,1 Bed,1,1,802,4127,4127,4143,available_on,2026-11-06,,
2026-08-28T06:57:35.089Z,beaudry,Beaudry,B-1007,10,,studio,Studio,0,1,550,2660,2660,2676,available_on,2026-10-22,,
2026-08-28T06:57:35.089Z,beaudry,Beaudry,B-1014,10,,1-bed,1 Bed,1,1,802,4147,4147,4163,available_on,2026-09-12,,
2026-08-28T06:57:35.089Z,beaudry,Beaudry,B-1101,11,,1-bed,1 Bed,1,1.5,818,4637,4637,4653,available_on,2026-09-13,,
2026-08-28T06:57:35.089Z,beaudry,Beaudry,B-1104,11,,1-bed,1 Bed,1,1.5,875,3987,3987,4003,available_on,2026-10-27,,
2026-08-28T06:57:35.089Z,beaudry,Beaudry,B-1204,12,,1-bed,1 Bed,1,1.5,875,4052,4052,4068,available_on,2026-10-01,,
2026-08-28T06:57:35.089Z,beaudry,Beaudry,B-1401,14,,1-bed,1 Bed,1,1.5,818,4712,4712,4728,available_on,2026-09-29,,
2026-08-28T06:57:35.089Z,beaudry,Beaudry,B-1409,14,,1-bed,1 Bed,1,1,860,4952,4952,4968,available_on,2026-09-10,,
2026-08-28T06:57:35.089Z,beaudry,Beaudry,B-1416,14,,2-bed,2 Bed,2,2,1192,6297,6297,6313,available_on,2026-09-06,,
2026-08-28T06:57:35.089Z,beaudry,Beaudry,B-1502,15,,studio,Studio,0,1,539,2695,2695,2711,available_on,2026-10-07,,
2026-08-28T06:57:35.089Z,beaudry,Beaudry,B-1602,16,,studio,Studio,0,1,539,2705,2705,2721,available_on,2026-10-09,,
2026-08-28T06:57:35.089Z,beaudry,Beaudry,B-1804,18,,1-bed,1 Bed,1,1.5,875,4102,4102,4118,available_on,2026-09-21,,
2026-08-28T06:57:35.089Z,beaudry,Beaudry,B-1806,18,,1-bed,1 Bed,1,1,868,4332,4332,4348,available_on,2026-10-10,,
2026-08-28T06:57:35.089Z,beaudry,Beaudry,B-1904,19,,1-bed,1 Bed,1,1.5,891,4077,4077,4093,available_on,2026-09-18,,
2026-08-28T06:57:35.089Z,beaudry,Beaudry,B-2004,20,,1-bed,1 Bed,1,1.5,891,4087,4087,4103,available_on,2026-10-04,,
2026-08-28T06:57:35.089Z,beaudry,Beaudry,B-2008,20,,2-bed,2 Bed,2,2,1200,6712,6712,6728,available_on,2026-08-28,,
2026-08-28T06:57:35.089Z,beaudry,Beaudry,B-2009,20,,1-bed,1 Bed,1,1,860,5012,5012,5028,available_on,2026-09-24,,
2026-08-28T06:57:35.089Z,beaudry,Beaudry,B-2013,20,,2-bed,2 Bed,2,2,1192,6032,6032,6048,available_on,2026-09-16,,
2026-08-28T06:57:35.089Z,beaudry,Beaudry,B-2014,20,,1-bed,1 Bed,1,1,817,4287,4287,4303,available_on,2026-10-23,,
2026-08-28T06:57:35.089Z,beaudry,Beaudry,B-2101,21,,1-bed,1 Bed,1,1.5,818,4782,4782,4798,available_on,2026-09-18,,
2026-08-28T06:57:35.089Z,beaudry,Beaudry,B-2111,21,,studio,Studio,0,1,514,2585,2585,2601,available_on,2026-10-20,,
2026-08-28T06:57:35.089Z,beaudry,Beaudry,B-2114,21,,1-bed,1 Bed,1,1,817,4297,4297,4313,available_on,2026-09-21,,
2026-08-28T06:57:35.089Z,beaudry,Beaudry,B-2204,22,,1-bed,1 Bed,1,1.5,891,4107,4107,4123,available_on,2026-09-29,,
2026-08-28T06:57:35.089Z,beaudry,Beaudry,B-2313,23,,2-bed,2 Bed,2,2,1192,6062,6062,6078,available_on,2026-08-28,,
2026-08-28T06:57:35.089Z,beaudry,Beaudry,B-2413,24,,2-bed,2 Bed,2,2,1192,6072,6072,6088,available_on,2026-09-12,,
2026-08-28T06:57:35.089Z,beaudry,Beaudry,B-2415,24,,1-bed,1 Bed,1,1,568,3084,3084,3100,available_on,2026-10-08,,
2026-08-28T06:57:35.089Z,beaudry,Beaudry,B-2514,25,,1-bed,1 Bed,1,1,817,4337,4337,4353,available_on,2026-09-16,,
2026-08-28T06:57:35.089Z,beaudry,Beaudry,B-2803,28,,1-bed,1 Bed,1,1,627,3199,3199,3215,available_on,2026-10-02,,
2026-08-28T06:57:35.089Z,beaudry,Beaudry,B-2805,28,,1-bed,1 Bed,1,1,939,4572,4572,4588,available_on,2026-10-01,,
2026-08-28T06:57:35.089Z,beaudry,Beaudry,B-2906,29,,1-bed,1 Bed,1,1,882,4467,4467,4483,available_on,2026-09-30,,
2026-08-28T06:57:35.089Z,beaudry,Beaudry,B-3005,30,,1-bed,1 Bed,1,1,939,4592,4592,4608,available_on,2026-09-27,,
2026-08-28T06:57:35.089Z,beaudry,Beaudry,B-3008,30,,2-bed,2 Bed,2,2,1200,6902,6902,6918,available_on,2026-09-01,,
2026-08-28T06:57:35.089Z,beaudry,Beaudry,B-3205,32,,1-bed,1 Bed,1,1,939,4612,4612,4628,available_on,2026-10-14,,
2026-08-28T06:57:35.089Z,beaudry,Beaudry,B-3310,33,,1-bed,1 Bed,1,1,594,3109,3109,3125,available_on,2026-10-08,,
2026-08-28T06:57:35.089Z,beaudry,Beaudry,B-3401,34,,1-bed,1 Bed,1,1.5,818,4912,4912,4928,available_on,2026-10-02,,
2026-08-28T06:57:35.089Z,beaudry,Beaudry,B-3406,34,,1-bed,1 Bed,1,1,882,4517,4517,4533,available_on,2026-10-16,,
2026-08-28T06:57:35.089Z,beaudry,Beaudry,B-3709,37,,1-bed,1 Bed,1,1,860,5357,5357,5373,available_on,2026-10-24,,
2026-08-28T06:57:35.089Z,beaudry,Beaudry,B-3713,37,,2-bed,2 Bed,2,2,1192,6227,6227,6243,available_on,2026-08-28,,
2026-08-28T06:57:35.089Z,beaudry,Beaudry,B-4002,40,,studio,Studio,0,1,539,2970,2970,2986,available_on,2026-10-22,,
2026-08-28T06:57:35.089Z,beaudry,Beaudry,B-4006,40,,1-bed,1 Bed,1,1,882,4602,4602,4618,available_on,2026-09-07,,
2026-08-28T06:57:35.089Z,beaudry,Beaudry,B-4105,41,,1-bed,1 Bed,1,1.5,1044,4617,4617,4633,available_on,2026-09-30,,
2026-08-28T06:57:35.089Z,beaudry,Beaudry,B-4303,43,,1-bed,1 Bed,1,1,627,3374,3374,3390,available_on,2026-10-11,,
2026-08-28T06:57:35.089Z,beaudry,Beaudry,B-4306,43,,1-bed,1 Bed,1,1,882,4632,4632,4648,available_on,2026-11-04,,
2026-08-28T06:57:35.089Z,beaudry,Beaudry,B-4413,44,,2-bed,2 Bed,2,2,1192,6297,6297,6313,available_on,2026-08-28,,
2026-08-28T06:57:35.089Z,beaudry,Beaudry,B-4504,45,,1-bed,1 Bed,1,1.5,1134,4977,4977,4993,available_on,2026-10-06,,
2026-08-28T06:57:35.089Z,beaudry,Beaudry,B-4507,45,,studio,Studio,0,1,550,3180,3180,3196,available_on,2026-10-08,,
2026-08-28T06:57:35.089Z,beaudry,Beaudry,B-4615,46,,1-bed,1 Bed,1,1,568,3329,3329,3345,available_on,2026-11-15,,
2026-08-28T06:57:35.089Z,beaudry,Beaudry,B-4704,47,,1-bed,1 Bed,1,1.5,1134,4997,4997,5013,available_on,2026-09-24,,
2026-08-28T06:57:35.089Z,beaudry,Beaudry,B-4707,47,,studio,Studio,0,1,550,3200,3200,3216,available_on,2026-10-17,,
2026-08-28T06:57:35.089Z,beaudry,Beaudry,B-4713,47,,2-bed,2 Bed,2,2,1192,6327,6327,6343,available_on,2026-11-03,,
2026-08-28T06:57:35.089Z,beaudry,Beaudry,B-4910,49,,1-bed,1 Bed,1,1.5,926,4355,4355,4371,available_on,2026-10-10,,
2026-08-28T06:57:35.089Z,beaudry,Beaudry,B-5209,52,,2-bed,2 Bed,2,2,1230,6295,6295,6311,available_on,2026-09-15,,
2026-08-28T06:57:35.089Z,beaudry,Beaudry,B-5405,54,,3-bed,3 Bed,3,2.5,1734,9064,9064,9080,available_on,2026-10-05,,
2026-08-28T06:57:35.089Z,beaudry,Beaudry,B-5607,56,,1-bed,1 Bed,1,1,1006,5610,5610,5626,available_on,2026-08-28,,
2026-08-28T06:57:35.089Z,circa-la,Circa LA,W3206,32,,1-bed,1 Bed,1,1,745,3358,3358,3408,available_on,2026-08-28,,
2026-08-28T06:57:35.089Z,circa-la,Circa LA,W3208,32,,1-bed,1 Bed,1,1,770,3636,3636,3686,available_on,2026-08-28,,
2026-08-28T06:57:35.089Z,circa-la,Circa LA,W2618,26,,1-bed,1 Bed,1,1,923,4069,4069,4119,available_on,2026-08-28,,
2026-08-28T06:57:35.089Z,circa-la,Circa LA,W2518,25,,1-bed,1 Bed,1,1,923,3842,3842,3892,available_on,2026-08-28,,
2026-08-28T06:57:35.089Z,circa-la,Circa LA,W2006,20,,1-bed,1 Bed,1,1,745,3388,3388,3438,available_on,2026-09-14,,
2026-08-28T06:57:35.089Z,circa-la,Circa LA,W1708,17,,1-bed,1 Bed,1,1,770,3327,3327,3377,available_on,2026-08-28,,
2026-08-28T06:57:35.089Z,circa-la,Circa LA,W1724,17,,2-bed,2 Bed,2,2,1463,4755,4755,4805,available_on,2026-10-28,,
2026-08-28T06:57:35.089Z,circa-la,Circa LA,W1624,16,,2-bed,2 Bed,2,2,1463,4747,4747,4797,available_on,2026-09-03,,
2026-08-28T06:57:35.089Z,circa-la,Circa LA,W1412,14,,2-bed,2 Bed,2,2.5,1762,5527,5527,5577,available_on,2026-09-26,,
2026-08-28T06:57:35.089Z,circa-la,Circa LA,W1102,11,,1-bed,1 Bed,1,1,627,2777,2777,2827,available_on,2026-08-28,,
2026-08-28T06:57:35.089Z,circa-la,Circa LA,W1120,11,,1-bed,1 Bed,1,1,927,3335,3335,3385,available_on,2026-09-18,,
2026-08-28T06:57:35.089Z,circa-la,Circa LA,W924,9,,2-bed,2 Bed,2,2,1463,4601,4601,4651,available_on,2026-08-28,,
2026-08-28T06:57:35.089Z,circa-la,Circa LA,W820,8,,1-bed,1 Bed,1,1,927,4036,4036,4086,available_on,2026-08-28,,
2026-08-28T06:57:35.089Z,circa-la,Circa LA,E3201,32,,1-bed,1 Bed,1,1,627,3107,3107,3157,available_on,2026-08-28,,
2026-08-28T06:57:35.089Z,circa-la,Circa LA,E3221,32,,1-bed,1 Bed,1,1,871,3720,3720,3770,available_on,2026-08-28,,
2026-08-28T06:57:35.089Z,circa-la,Circa LA,E3001,30,,1-bed,1 Bed,1,1,627,2825,2825,2875,available_on,2026-08-28,,
2026-08-28T06:57:35.089Z,circa-la,Circa LA,E2911,29,,2-bed,2 Bed,2,2.5,1762,5677,5677,5727,available_on,2026-08-28,,
2026-08-28T06:57:35.089Z,circa-la,Circa LA,E2917,29,,1-bed,1 Bed,1,1,923,3872,3872,3922,available_on,2026-09-05,,
2026-08-28T06:57:35.089Z,circa-la,Circa LA,E2921,29,,1-bed,1 Bed,1,1,871,3644,3644,3694,available_on,2026-10-04,,
2026-08-28T06:57:35.089Z,circa-la,Circa LA,E2501,25,,1-bed,1 Bed,1,1,627,2876,2876,2926,available_on,2026-09-17,,
2026-08-28T06:57:35.089Z,circa-la,Circa LA,E2411,24,,2-bed,2 Bed,2,2.5,1762,5576,5576,5626,available_on,2026-09-05,,
2026-08-28T06:57:35.089Z,circa-la,Circa LA,E2419,24,,1-bed,1 Bed,1,1,927,3530,3530,3580,available_on,2026-09-21,,
2026-08-28T06:57:35.089Z,circa-la,Circa LA,E2223,22,,2-bed,2 Bed,2,2,1463,4939,4939,4989,available_on,2026-08-28,,
2026-08-28T06:57:35.089Z,circa-la,Circa LA,E1813,18,,2-bed,2 Bed,2,2.5,1898,5965,5965,6015,available_on,2026-08-28,,
2026-08-28T06:57:35.089Z,circa-la,Circa LA,E1405,14,,1-bed,1 Bed,1,1,745,2941,2941,2991,available_on,2026-09-24,,
2026-08-28T06:57:35.089Z,circa-la,Circa LA,E1115,11,,1-bed,1 Bed,1,1,868,3269,3269,3319,available_on,2026-10-04,,
2026-08-28T06:57:35.089Z,circa-la,Circa LA,E3301,33,,3-bed,3 Bed,3,4.5,3984,19486,19486,19536,available_on,2026-08-28,,
2026-08-28T06:57:35.089Z,circa-la,Circa LA,W3302,33,,3-bed,3 Bed,3,4.5,3842,22551,22551,22601,available_on,2026-08-28,,
2026-08-28T06:57:35.089Z,circa-la,Circa LA,W3312,33,,3-bed,3 Bed,3,3.5,2900,17028,17028,17078,available_on,2026-08-28,,
2026-08-28T06:57:35.089Z,circa-la,Circa LA,E3411,34,,3-bed,3 Bed,3,3.5,2878,12926,12926,12976,available_on,2026-08-28,,
2026-08-28T06:57:35.089Z,circa-la,Circa LA,W3402,34,,3-bed,3 Bed,3,4.5,3842,22643,22643,22693,available_on,2026-08-28,,
2026-08-28T06:57:35.089Z,circa-la,Circa LA,W3406,34,,2-bed,2 Bed,2,2,1338,7315,7315,7365,available_on,2026-09-01,,
2026-08-28T06:57:35.089Z,circa-la,Circa LA,E3501,35,,3-bed,3 Bed,3,4.5,3984,22435,22435,22485,available_on,2026-08-28,,
2026-08-28T06:57:35.089Z,circa-la,Circa LA,E3505,35,,2-bed,2 Bed,2,2,1338,6188,6188,6238,available_on,2026-08-28,,
2026-08-28T06:57:35.089Z,circa-la,Circa LA,E3511,35,,3-bed,3 Bed,3,3.5,2878,14850,14850,14900,available_on,2026-08-28,,
2026-08-28T06:57:35.089Z,circa-la,Circa LA,W3502,35,,3-bed,3 Bed,3,4.5,3842,23359,23359,23409,available_on,2026-08-28,,
2026-08-28T06:57:35.089Z,circa-la,Circa LA,W3508,35,,2-bed,2 Bed,2,2,1524,8045,8045,8095,available_on,2026-10-31,,
2026-08-28T06:57:35.089Z,circa-la,Circa LA,W3512,35,,3-bed,3 Bed,3,3.5,2900,17398,17398,17448,available_on,2026-08-28,,
2026-08-28T23:33:25.568Z,825-south-hill,825 South Hill,201,2,A2,2-bed-den,2 Bed + Den,2,,1090,3949,5062,,available,,29417540,2413008
2026-08-28T23:33:25.568Z,825-south-hill,825 South Hill,301,3,A2,2-bed-den,2 Bed + Den,2,,1090,3949,5062,,available,,29417543,2413008
2026-08-28T23:33:25.568Z,825-south-hill,825 South Hill,302,3,B,2-bed,2 Bed,2,,993,3894,4999,,available,,29417544,2413011
2026-08-28T23:33:25.568Z,825-south-hill,825 South Hill,607,6,TH2,townhomes,Townhomes,,,1385,5564,7488,,available,,29417562,2413022
2026-08-28T23:33:25.568Z,825-south-hill,825 South Hill,3012,30,K,1-bed,1 Bed,1,,670,3399,4329,,available_on,2026-10-12,29417188,2413027
2026-08-28T23:33:25.568Z,825-south-hill,825 South Hill,3412,34,K,1-bed,1 Bed,1,,670,3414,4367,,available_on,2026-08-29,29417189,2413027
2026-08-28T23:33:25.568Z,825-south-hill,825 South Hill,4312,43,K,1-bed,1 Bed,1,,670,3411,4363,,available,,29417198,2413027
2026-08-28T23:33:25.568Z,825-south-hill,825 South Hill,2901,29,K1,1-bed,1 Bed,1,,716,3414,4361,,available_on,2026-09-09,29417218,2413028
2026-08-28T23:33:25.568Z,825-south-hill,825 South Hill,3603,36,M,2-bed-den,2 Bed + Den,2,,1099,4513,5802,,available_on,2026-09-07,29417253,2413032
2026-08-28T23:33:25.568Z,825-south-hill,825 South Hill,1504,15,N,jr-2-bed,Jr. 2 Bed,2,,792,3223,4145,,available,,29417296,2413034
2026-08-28T23:33:25.568Z,825-south-hill,825 South Hill,2204,22,N,jr-2-bed,Jr. 2 Bed,2,,792,3308,4250,,available_on,2026-09-28,29417302,2413034
2026-08-28T23:33:25.568Z,825-south-hill,825 South Hill,3704,37,N,jr-2-bed,Jr. 2 Bed,2,,792,3548,4558,,available_on,2026-09-14,29417313,2413034
2026-08-28T23:33:25.568Z,825-south-hill,825 South Hill,4204,42,N,jr-2-bed,Jr. 2 Bed,2,,792,3668,4717,,available,,29417317,2413034
2026-08-28T23:33:25.568Z,825-south-hill,825 South Hill,1910,19,N1,jr-2-bed,Jr. 2 Bed,2,,807,3123,4012,,available_on,2026-09-11,29417327,2413035
2026-08-28T23:33:25.568Z,825-south-hill,825 South Hill,3610,36,N1,jr-2-bed,Jr. 2 Bed,2,,807,3433,4415,,available_on,2026-08-29,29417341,2413035
2026-08-28T23:33:25.568Z,825-south-hill,825 South Hill,4310,43,N1,jr-2-bed,Jr. 2 Bed,2,,807,3618,4637,,available_on,2026-10-07,29417348,2413035
2026-08-28T23:33:25.568Z,825-south-hill,825 South Hill,3902,39,O,1-bed,1 Bed,1,,538,3247,4112,,available_on,2026-10-10,29417415,2413037
2026-08-28T23:33:25.568Z,825-south-hill,825 South Hill,4602,46,O,1-bed,1 Bed,1,,538,3392,4281,,available_on,2026-11-07,29417390,2413037
2026-08-28T23:33:25.568Z,825-south-hill,825 South Hill,1107,11,O1,1-bed,1 Bed,1,,560,2902,3688,,available_on,2026-09-28,29417419,2413039
2026-08-28T23:33:25.568Z,825-south-hill,825 South Hill,2406,24,O3,1-bed,1 Bed,1,,562,3037,3846,,available_on,2026-10-02,29417461,2522879
2026-08-28T23:33:25.568Z,825-south-hill,825 South Hill,4706,47,SKY3,skyhomes,Skyhomes,,,1365,5807,7456,,available_on,2026-10-14,38827826,2413047
2026-08-28T23:33:25.568Z,atelier,Atelier,0707,7,,1-bed,1 Bed,1,1,778,3401,3401,3418,available_on,2026-10-22,,
2026-08-28T23:33:25.568Z,atelier,Atelier,1402,14,,1-bed,1 Bed,1,1,622,3451,3451,3468,available_on,2026-11-07,,
2026-08-28T23:33:25.568Z,atelier,Atelier,1407,14,,1-bed,1 Bed,1,1,778,3551,3551,3568,available_on,2026-10-07,,
2026-08-28T23:33:25.568Z,atelier,Atelier,1508,15,,1-bed,1 Bed,1,1,778,3566,3566,3583,available_on,2026-10-18,,
2026-08-28T23:33:25.568Z,atelier,Atelier,1905,19,,1-bed,1 Bed,1,1,778,3911,3911,3928,available_on,2026-09-15,,
2026-08-28T23:33:25.568Z,atelier,Atelier,2312,23,,1-bed,1 Bed,1,1,685,3976,3976,3993,available_on,2026-10-08,,
2026-08-28T23:33:25.568Z,atelier,Atelier,2404,24,,1-bed,1 Bed,1,1,829,4271,4271,4288,available_on,2026-08-28,,
2026-08-28T23:33:25.568Z,atelier,Atelier,2411,24,,2-bed,2 Bed,2,2,1043,4631,4631,4648,available_on,2026-11-05,,
2026-08-28T23:33:25.568Z,atelier,Atelier,2414,24,,2-bed,2 Bed,2,2,975,4681,4681,4698,available_on,2026-09-07,,
2026-08-28T23:33:25.568Z,atelier,Atelier,2501,25,,2-bed,2 Bed,2,2.5,1377,6448,6448,6465,available_on,2026-08-31,,
2026-08-28T23:33:25.568Z,atelier,Atelier,2502,25,,2-bed,2 Bed,2,2.5,1514,7493,7493,7510,available_on,2026-09-03,,
2026-08-28T23:33:25.568Z,atelier,Atelier,2504,25,,1-bed,1 Bed,1,1,829,4291,4291,4308,available_on,2026-10-28,,
2026-08-28T23:33:25.568Z,atelier,Atelier,2602,26,,2-bed,2 Bed,2,2.5,1514,7513,7513,7530,available_on,2026-08-28,,
2026-08-28T23:33:25.568Z,atelier,Atelier,3001,30,,2-bed,2 Bed,2,2.5,1377,6638,6638,6655,available_on,2026-09-21,,
2026-08-28T23:33:25.568Z,atelier,Atelier,3106,31,,1-bed,1 Bed,1,1,778,4226,4226,4243,available_on,2026-08-28,,
2026-08-28T23:33:25.568Z,atelier,Atelier,3108,31,,1-bed,1 Bed,1,1,685,4316,4316,4333,available_on,2026-08-28,,
2026-08-28T23:33:25.568Z,atelier,Atelier,3110,31,,1-bed,1 Bed,1,1,685,4401,4401,4418,available_on,2026-08-28,,
2026-08-28T23:33:25.568Z,atelier,Atelier,3202,32,,2-bed,2 Bed,2,2.5,1514,7773,7773,7790,available_on,2026-09-25,,
2026-08-28T23:33:25.568Z,atelier,Atelier,3208,32,,1-bed,1 Bed,1,1,685,4386,4386,4403,available_on,2026-08-28,,
2026-08-28T23:33:25.568Z,atelier,Atelier,3210,32,,1-bed,1 Bed,1,1,685,4471,4471,4488,available_on,2026-08-28,,
2026-08-28T23:33:25.568Z,atelier,Atelier,PH01,,,2-bed,2 Bed,2,2.5,1470,8920,8920,8937,available_on,2026-08-28,,
2026-08-28T23:33:25.568Z,atelier,Atelier,PH08,,,3-bed,3 Bed,3,3,1731,9196,9196,9213,available_on,2026-08-28,,
2026-08-28T23:33:25.568Z,eighth-and-grand,Eighth & Grand,0-2017,,,1-bed,1 Bed,1,1,762,2430,2430,2449,available_on,2026-09-10,,
2026-08-28T23:33:25.568Z,eighth-and-grand,Eighth & Grand,0-2034,,,2-bed,2 Bed,2,1,905,3037,3037,3056,available_on,2026-10-06,,
2026-08-28T23:33:25.568Z,eighth-and-grand,Eighth & Grand,0-2037,,,1-bed,1 Bed,1,1,762,2430,2430,2449,available_on,2026-09-15,,
2026-08-28T23:33:25.568Z,eighth-and-grand,Eighth & Grand,0-2041,,,1-bed,1 Bed,1,1,762,2430,2430,2449,available_on,2026-09-05,,
2026-08-28T23:33:25.568Z,eighth-and-grand,Eighth & Grand,0-2051,,,2-bed,2 Bed,2,2.5,1094,3786,3786,3805,available_on,2026-08-28,,
2026-08-28T23:33:25.568Z,eighth-and-grand,Eighth & Grand,0-2102,,,studio,Studio,0,1,527,2174,2174,2193,available_on,2026-10-17,,
2026-08-28T23:33:25.568Z,eighth-and-grand,Eighth & Grand,0-2110,,,studio,Studio,0,1,520,2119,2119,2138,available_on,2026-08-28,,
2026-08-28T23:33:25.568Z,eighth-and-grand,Eighth & Grand,0-2152,,,studio,Studio,0,1,540,2179,2179,2198,available_on,2026-10-16,,
2026-08-28T23:33:25.568Z,eighth-and-grand,Eighth & Grand,0-2153,,,2-bed,2 Bed,2,2,1168,3541,3541,3560,available_on,2026-08-28,,
2026-08-28T23:33:25.568Z,eighth-and-grand,Eighth & Grand,0-2161,,,2-bed,2 Bed,2,2,1109,3336,3336,3355,available_on,2026-10-10,,
2026-08-28T23:33:25.568Z,eighth-and-grand,Eighth & Grand,0-3028,,,1-bed,1 Bed,1,1,779,2750,2750,2769,available_on,2026-08-28,,
2026-08-28T23:33:25.568Z,eighth-and-grand,Eighth & Grand,0-3104,,,1-bed,1 Bed,1,1,802,2615,2615,2634,available_on,2026-09-28,,
2026-08-28T23:33:25.568Z,eighth-and-grand,Eighth & Grand,0-3136,,,1-bed,1 Bed,1,1,777,2290,2290,2309,available_on,2026-10-12,,
2026-08-28T23:33:25.568Z,eighth-and-grand,Eighth & Grand,0-4028,,,1-bed,1 Bed,1,1,779,2770,2770,2789,available_on,2026-10-09,,
2026-08-28T23:33:25.568Z,eighth-and-grand,Eighth & Grand,0-4071,,,1-bed,1 Bed,1,1,840,2395,2395,2414,available_on,2026-10-23,,
2026-08-28T23:33:25.568Z,eighth-and-grand,Eighth & Grand,0-4080,,,1-bed,1 Bed,1,1,777,2285,2285,2304,available_on,2026-09-29,,
2026-08-28T23:33:25.568Z,eighth-and-grand,Eighth & Grand,0-4108,,,studio,Studio,0,1,540,2304,2304,2323,available_on,2026-08-28,,
2026-08-28T23:33:25.568Z,eighth-and-grand,Eighth & Grand,0-4114,,,studio,Studio,0,1,520,2259,2259,2278,available_on,2026-10-15,,
2026-08-28T23:33:25.568Z,eighth-and-grand,Eighth & Grand,0-4131,,,1-bed,1 Bed,1,1,578,2390,2390,2409,available_on,2026-08-28,,
2026-08-28T23:33:25.568Z,eighth-and-grand,Eighth & Grand,0-5005,,,1-bed,1 Bed,1,1,762,2840,2840,2859,available_on,2026-08-28,,
2026-08-28T23:33:25.568Z,eighth-and-grand,Eighth & Grand,0-5026,,,1-bed,1 Bed,1,1,779,2830,2830,2849,available_on,2026-08-28,,
2026-08-28T23:33:25.568Z,eighth-and-grand,Eighth & Grand,0-5029,,,1-bed,1 Bed,1,1,880,2815,2815,2834,available_on,2026-08-28,,
2026-08-28T23:33:25.568Z,eighth-and-grand,Eighth & Grand,0-5032,,,1-bed,1 Bed,1,1,779,2830,2830,2849,available_on,2026-08-28,,
2026-08-28T23:33:25.568Z,eighth-and-grand,Eighth & Grand,0-5034,,,2-bed,2 Bed,2,2,1046,3346,3346,3365,available_on,2026-08-28,,
2026-08-28T23:33:25.568Z,eighth-and-grand,Eighth & Grand,0-5035,,,1-bed,1 Bed,1,1,880,2840,2840,2859,available_on,2026-08-28,,
2026-08-28T23:33:25.568Z,eighth-and-grand,Eighth & Grand,0-5039,,,1-bed,1 Bed,1,1,762,2805,2805,2824,available_on,2026-08-28,,
2026-08-28T23:33:25.568Z,eighth-and-grand,Eighth & Grand,0-5046,,,1-bed,1 Bed,1,1,578,2485,2485,2504,available_on,2026-09-20,,
2026-08-28T23:33:25.568Z,eighth-and-grand,Eighth & Grand,0-5086,,,1-bed,1 Bed,1,1,777,2430,2430,2449,available_on,2026-10-06,,
2026-08-28T23:33:25.568Z,eighth-and-grand,Eighth & Grand,0-5094,,,1-bed,1 Bed,1,1,715,2680,2680,2699,available_on,2026-08-28,,
2026-08-28T23:33:25.568Z,eighth-and-grand,Eighth & Grand,0-5096,,,1-bed,1 Bed,1,1,584,2515,2515,2534,available_on,2026-08-30,,
2026-08-28T23:33:25.568Z,eighth-and-grand,Eighth & Grand,0-5153,,,2-bed,2 Bed,2,2,1278,3991,3991,4010,available_on,2026-09-23,,
2026-08-28T23:33:25.568Z,eighth-and-grand,Eighth & Grand,0-5162,,,studio,Studio,0,1,520,2269,2269,2288,available_on,2026-10-30,,
2026-08-28T23:33:25.568Z,eighth-and-grand,Eighth & Grand,0-6002,,,1-bed,1 Bed,1,1,639,2480,2480,2499,available_on,2026-08-28,,
2026-08-28T23:33:25.568Z,eighth-and-grand,Eighth & Grand,0-6011,,,1-bed,1 Bed,1,1,880,2790,2790,2809,available_on,2026-08-28,,
2026-08-28T23:33:25.568Z,eighth-and-grand,Eighth & Grand,0-6017,,,1-bed,1 Bed,1,1,880,2840,2840,2859,available_on,2026-08-28,,
2026-08-28T23:33:25.568Z,eighth-and-grand,Eighth & Grand,0-6032,,,1-bed,1 Bed,1,1,779,2880,2880,2899,available_on,2026-11-04,,
2026-08-28T23:33:25.568Z,eighth-and-grand,Eighth & Grand,0-6035,,,1-bed,1 Bed,1,1,762,2760,2760,2779,available_on,2026-09-02,,
2026-08-28T23:33:25.568Z,eighth-and-grand,Eighth & Grand,0-6057,,,2-bed,2 Bed,2,2,1211,3666,3666,3685,available_on,2026-09-06,,
2026-08-28T23:33:25.568Z,eighth-and-grand,Eighth & Grand,0-6066,,,1-bed,1 Bed,1,1,762,2755,2755,2774,available_on,2026-08-28,,
2026-08-28T23:33:25.568Z,eighth-and-grand,Eighth & Grand,0-6068,,,1-bed,1 Bed,1,1,579,2325,2325,2344,available_on,2026-09-18,,
2026-08-28T23:33:25.568Z,eighth-and-grand,Eighth & Grand,0-6094,,,1-bed,1 Bed,1,1,715,2805,2805,2824,available_on,2026-08-28,,
2026-08-28T23:33:25.568Z,eighth-and-grand,Eighth & Grand,0-6137,,,1-bed,1 Bed,1,1,578,2490,2490,2509,available_on,2026-09-10,,
2026-08-28T23:33:25.568Z,eighth-and-grand,Eighth & Grand,0-6149,,,studio,Studio,0,1,558,2399,2399,2418,available_on,2026-08-28,,
2026-08-28T23:33:25.568Z,eighth-and-grand,Eighth & Grand,0-6152,,,studio,Studio,0,1,540,2404,2404,2423,available_on,2026-11-01,,
2026-08-28T23:33:25.568Z,eighth-and-grand,Eighth & Grand,0-6154,,,studio,Studio,0,1,520,2319,2319,2338,available_on,2026-11-07,,
2026-08-28T23:33:25.568Z,eighth-and-grand,Eighth & Grand,0-6166,,,1-bed,1 Bed,1,1,822,2805,2805,2824,available_on,2026-09-28,,
2026-08-28T23:33:25.568Z,eighth-and-grand,Eighth & Grand,0-7024,,,1-bed,1 Bed,1,1,791,2660,2660,2679,available_on,2026-08-28,,
2026-08-28T23:33:25.568Z,eighth-and-grand,Eighth & Grand,0-7042,,,1-bed,1 Bed,1,1,578,2410,2410,2429,available_on,2026-08-28,,
2026-08-28T23:33:25.568Z,eighth-and-grand,Eighth & Grand,0-7066,,,1-bed,1 Bed,1,1,762,2805,2805,2824,available_on,2026-08-28,,
2026-08-28T23:33:25.568Z,eighth-and-grand,Eighth & Grand,0-7071,,,1-bed,1 Bed,1,1,840,2820,2820,2839,available_on,2026-09-07,,
2026-08-28T23:33:25.568Z,eighth-and-grand,Eighth & Grand,0-7082,,,1-bed,1 Bed,1,1,777,2635,2635,2654,available_on,2026-08-31,,
2026-08-28T23:33:25.568Z,eighth-and-grand,Eighth & Grand,0-7090,,,2-bed,2 Bed,2,1,976,3271,3271,3290,available_on,2026-08-28,,
2026-08-28T23:33:25.568Z,eighth-and-grand,Eighth & Grand,0-7096,,,1-bed,1 Bed,1,1,584,2590,2590,2609,available_on,2026-08-28,,
2026-08-28T23:33:25.568Z,eighth-and-grand,Eighth & Grand,0-7145,,,2-bed,2 Bed,2,2,1099,4111,4111,4130,available_on,2026-10-01,,
2026-08-28T23:33:25.568Z,eighth-and-grand,Eighth & Grand,0-7167,,,1-bed,1 Bed,1,1,578,2590,2590,2609,available_on,2026-10-08,,
2026-08-28T23:33:25.568Z,beaudry,Beaudry,B-0514,5,,1-bed,1 Bed,1,1,794,3952,3952,3968,available_on,2026-10-31,,
2026-08-28T23:33:25.568Z,beaudry,Beaudry,B-0814,8,,1-bed,1 Bed,1,1,802,3982,3982,3998,available_on,2026-11-06,,
2026-08-28T23:33:25.568Z,beaudry,Beaudry,B-1007,10,,studio,Studio,0,1,550,2660,2660,2676,available_on,2026-10-22,,
2026-08-28T23:33:25.568Z,beaudry,Beaudry,B-1014,10,,1-bed,1 Bed,1,1,802,4002,4002,4018,available_on,2026-09-12,,
2026-08-28T23:33:25.568Z,beaudry,Beaudry,B-1101,11,,1-bed,1 Bed,1,1.5,818,4491,4491,4507,available_on,2026-09-13,,
2026-08-28T23:33:25.568Z,beaudry,Beaudry,B-1104,11,,1-bed,1 Bed,1,1.5,875,3841,3841,3857,available_on,2026-10-27,,
2026-08-28T23:33:25.568Z,beaudry,Beaudry,B-1204,12,,1-bed,1 Bed,1,1.5,875,3906,3906,3922,available_on,2026-10-01,,
2026-08-28T23:33:25.568Z,beaudry,Beaudry,B-1401,14,,1-bed,1 Bed,1,1.5,818,4566,4566,4582,available_on,2026-09-29,,
2026-08-28T23:33:25.568Z,beaudry,Beaudry,B-1409,14,,1-bed,1 Bed,1,1,860,4807,4807,4823,available_on,2026-09-10,,
2026-08-28T23:33:25.568Z,beaudry,Beaudry,B-1502,15,,studio,Studio,0,1,539,2695,2695,2711,available_on,2026-10-07,,
2026-08-28T23:33:25.568Z,beaudry,Beaudry,B-1602,16,,studio,Studio,0,1,539,2705,2705,2721,available_on,2026-10-09,,
2026-08-28T23:33:25.568Z,beaudry,Beaudry,B-1804,18,,1-bed,1 Bed,1,1.5,875,3956,3956,3972,available_on,2026-09-21,,
2026-08-28T23:33:25.568Z,beaudry,Beaudry,B-1806,18,,1-bed,1 Bed,1,1,868,4187,4187,4203,available_on,2026-10-10,,
2026-08-28T23:33:25.568Z,beaudry,Beaudry,B-1904,19,,1-bed,1 Bed,1,1.5,891,3931,3931,3947,available_on,2026-09-18,,
2026-08-28T23:33:25.568Z,beaudry,Beaudry,B-2004,20,,1-bed,1 Bed,1,1.5,891,3941,3941,3957,available_on,2026-10-04,,
2026-08-28T23:33:25.568Z,beaudry,Beaudry,B-2008,20,,2-bed,2 Bed,2,2,1200,6528,6528,6544,available_on,2026-08-28,,
2026-08-28T23:33:25.568Z,beaudry,Beaudry,B-2009,20,,1-bed,1 Bed,1,1,860,4867,4867,4883,available_on,2026-09-24,,
2026-08-28T23:33:25.568Z,beaudry,Beaudry,B-2013,20,,2-bed,2 Bed,2,2,1192,5848,5848,5864,available_on,2026-09-16,,
2026-08-28T23:33:25.568Z,beaudry,Beaudry,B-2014,20,,1-bed,1 Bed,1,1,817,4142,4142,4158,available_on,2026-10-23,,
2026-08-28T23:33:25.568Z,beaudry,Beaudry,B-2101,21,,1-bed,1 Bed,1,1.5,818,4636,4636,4652,available_on,2026-09-18,,
2026-08-28T23:33:25.568Z,beaudry,Beaudry,B-2111,21,,studio,Studio,0,1,514,2585,2585,2601,available_on,2026-10-20,,
2026-08-28T23:33:25.568Z,beaudry,Beaudry,B-2114,21,,1-bed,1 Bed,1,1,817,4152,4152,4168,available_on,2026-09-21,,
2026-08-28T23:33:25.568Z,beaudry,Beaudry,B-2204,22,,1-bed,1 Bed,1,1.5,891,3961,3961,3977,available_on,2026-09-29,,
2026-08-28T23:33:25.568Z,beaudry,Beaudry,B-2313,23,,2-bed,2 Bed,2,2,1192,5878,5878,5894,available_on,2026-08-28,,
2026-08-28T23:33:25.568Z,beaudry,Beaudry,B-2413,24,,2-bed,2 Bed,2,2,1192,5888,5888,5904,available_on,2026-09-12,,
2026-08-28T23:33:25.568Z,beaudry,Beaudry,B-2415,24,,1-bed,1 Bed,1,1,568,2955,2955,2971,available_on,2026-10-08,,
2026-08-28T23:33:25.568Z,beaudry,Beaudry,B-2514,25,,1-bed,1 Bed,1,1,817,4192,4192,4208,available_on,2026-09-16,,
2026-08-28T23:33:25.568Z,beaudry,Beaudry,B-2803,28,,1-bed,1 Bed,1,1,627,3070,3070,3086,available_on,2026-10-02,,
2026-08-28T23:33:25.568Z,beaudry,Beaudry,B-2805,28,,1-bed,1 Bed,1,1,939,4427,4427,4443,available_on,2026-10-01,,
2026-08-28T23:33:25.568Z,beaudry,Beaudry,B-2906,29,,1-bed,1 Bed,1,1,882,4322,4322,4338,available_on,2026-09-30,,
2026-08-28T23:33:25.568Z,beaudry,Beaudry,B-3005,30,,1-bed,1 Bed,1,1,939,4447,4447,4463,available_on,2026-09-27,,
2026-08-28T23:33:25.568Z,beaudry,Beaudry,B-3008,30,,2-bed,2 Bed,2,2,1200,6718,6718,6734,available_on,2026-09-01,,
2026-08-28T23:33:25.568Z,beaudry,Beaudry,B-3205,32,,1-bed,1 Bed,1,1,939,4467,4467,4483,available_on,2026-10-14,,
2026-08-28T23:33:25.568Z,beaudry,Beaudry,B-3310,33,,1-bed,1 Bed,1,1,594,2980,2980,2996,available_on,2026-10-08,,
2026-08-28T23:33:25.568Z,beaudry,Beaudry,B-3401,34,,1-bed,1 Bed,1,1.5,818,4766,4766,4782,available_on,2026-10-02,,
2026-08-28T23:33:25.568Z,beaudry,Beaudry,B-3406,34,,1-bed,1 Bed,1,1,882,4372,4372,4388,available_on,2026-10-16,,
2026-08-28T23:33:25.568Z,beaudry,Beaudry,B-3709,37,,1-bed,1 Bed,1,1,860,5212,5212,5228,available_on,2026-10-24,,
2026-08-28T23:33:25.568Z,beaudry,Beaudry,B-3713,37,,2-bed,2 Bed,2,2,1192,6043,6043,6059,available_on,2026-08-28,,
2026-08-28T23:33:25.568Z,beaudry,Beaudry,B-4002,40,,studio,Studio,0,1,539,2970,2970,2986,available_on,2026-10-22,,
2026-08-28T23:33:25.568Z,beaudry,Beaudry,B-4006,40,,1-bed,1 Bed,1,1,882,4457,4457,4473,available_on,2026-09-07,,
2026-08-28T23:33:25.568Z,beaudry,Beaudry,B-4105,41,,1-bed,1 Bed,1,1.5,1044,4471,4471,4487,available_on,2026-09-30,,
2026-08-28T23:33:25.568Z,beaudry,Beaudry,B-4303,43,,1-bed,1 Bed,1,1,627,3245,3245,3261,available_on,2026-10-11,,
2026-08-28T23:33:25.568Z,beaudry,Beaudry,B-4306,43,,1-bed,1 Bed,1,1,882,4487,4487,4503,available_on,2026-11-04,,
2026-08-28T23:33:25.568Z,beaudry,Beaudry,B-4413,44,,2-bed,2 Bed,2,2,1192,6113,6113,6129,available_on,2026-08-28,,
2026-08-28T23:33:25.568Z,beaudry,Beaudry,B-4504,45,,1-bed,1 Bed,1,1.5,1134,4831,4831,4847,available_on,2026-10-06,,
2026-08-28T23:33:25.568Z,beaudry,Beaudry,B-4507,45,,studio,Studio,0,1,550,3180,3180,3196,available_on,2026-10-08,,
2026-08-28T23:33:25.568Z,beaudry,Beaudry,B-4615,46,,1-bed,1 Bed,1,1,568,3200,3200,3216,available_on,2026-11-15,,
2026-08-28T23:33:25.568Z,beaudry,Beaudry,B-4704,47,,1-bed,1 Bed,1,1.5,1134,4851,4851,4867,available_on,2026-09-24,,
2026-08-28T23:33:25.568Z,beaudry,Beaudry,B-4707,47,,studio,Studio,0,1,550,3200,3200,3216,available_on,2026-10-17,,
2026-08-28T23:33:25.568Z,beaudry,Beaudry,B-4713,47,,2-bed,2 Bed,2,2,1192,6143,6143,6159,available_on,2026-11-03,,
2026-08-28T23:33:25.568Z,beaudry,Beaudry,B-4910,49,,1-bed,1 Bed,1,1.5,926,4355,4355,4371,available_on,2026-10-10,,
2026-08-28T23:33:25.568Z,beaudry,Beaudry,B-5002,50,,2-bed,2 Bed,2,2.5,1531,6580,6580,6596,available_on,2026-11-03,,
2026-08-28T23:33:25.568Z,beaudry,Beaudry,B-5209,52,,2-bed,2 Bed,2,2,1230,6295,6295,6311,available_on,2026-09-15,,
2026-08-28T23:33:25.568Z,beaudry,Beaudry,B-5405,54,,3-bed,3 Bed,3,2.5,1734,9063,9063,9079,available_on,2026-10-05,,
2026-08-28T23:33:25.568Z,beaudry,Beaudry,B-5607,56,,1-bed,1 Bed,1,1,1006,5610,5610,5626,available_on,2026-08-28,,
2026-08-28T23:33:25.568Z,circa-la,Circa LA,W3206,32,,1-bed,1 Bed,1,1,745,3358,3358,3408,available_on,2026-08-28,,
2026-08-28T23:33:25.568Z,circa-la,Circa LA,W3208,32,,1-bed,1 Bed,1,1,770,3636,3636,3686,available_on,2026-08-28,,
2026-08-28T23:33:25.568Z,circa-la,Circa LA,W2618,26,,1-bed,1 Bed,1,1,923,4069,4069,4119,available_on,2026-08-28,,
2026-08-28T23:33:25.568Z,circa-la,Circa LA,W2518,25,,1-bed,1 Bed,1,1,923,3828,3828,3878,available_on,2026-08-28,,
2026-08-28T23:33:25.568Z,circa-la,Circa LA,W2006,20,,1-bed,1 Bed,1,1,745,3388,3388,3438,available_on,2026-09-14,,
2026-08-28T23:33:25.568Z,circa-la,Circa LA,W1708,17,,1-bed,1 Bed,1,1,770,3327,3327,3377,available_on,2026-08-28,,
2026-08-28T23:33:25.568Z,circa-la,Circa LA,W1724,17,,2-bed,2 Bed,2,2,1463,4755,4755,4805,available_on,2026-10-28,,
2026-08-28T23:33:25.568Z,circa-la,Circa LA,W1624,16,,2-bed,2 Bed,2,2,1463,4747,4747,4797,available_on,2026-09-03,,
2026-08-28T23:33:25.568Z,circa-la,Circa LA,W1412,14,,2-bed,2 Bed,2,2.5,1762,5527,5527,5577,available_on,2026-09-26,,
2026-08-28T23:33:25.568Z,circa-la,Circa LA,W1120,11,,1-bed,1 Bed,1,1,927,3335,3335,3385,available_on,2026-09-18,,
2026-08-28T23:33:25.568Z,circa-la,Circa LA,W820,8,,1-bed,1 Bed,1,1,927,4022,4022,4072,available_on,2026-08-28,,
2026-08-28T23:33:25.568Z,circa-la,Circa LA,E3201,32,,1-bed,1 Bed,1,1,627,3107,3107,3157,available_on,2026-08-28,,
2026-08-28T23:33:25.568Z,circa-la,Circa LA,E3221,32,,1-bed,1 Bed,1,1,871,3720,3720,3770,available_on,2026-08-28,,
2026-08-28T23:33:25.568Z,circa-la,Circa LA,E2911,29,,2-bed,2 Bed,2,2.5,1762,5677,5677,5727,available_on,2026-08-28,,
2026-08-28T23:33:25.568Z,circa-la,Circa LA,E2917,29,,1-bed,1 Bed,1,1,923,3872,3872,3922,available_on,2026-09-05,,
2026-08-28T23:33:25.568Z,circa-la,Circa LA,E2921,29,,1-bed,1 Bed,1,1,871,3644,3644,3694,available_on,2026-10-04,,
2026-08-28T23:33:25.568Z,circa-la,Circa LA,E2501,25,,1-bed,1 Bed,1,1,627,2876,2876,2926,available_on,2026-09-17,,
2026-08-28T23:33:25.568Z,circa-la,Circa LA,E2411,24,,2-bed,2 Bed,2,2.5,1762,5576,5576,5626,available_on,2026-09-05,,
2026-08-28T23:33:25.568Z,circa-la,Circa LA,E2419,24,,1-bed,1 Bed,1,1,927,3530,3530,3580,available_on,2026-09-21,,
2026-08-28T23:33:25.568Z,circa-la,Circa LA,E2223,22,,2-bed,2 Bed,2,2,1463,4939,4939,4989,available_on,2026-08-28,,
2026-08-28T23:33:25.568Z,circa-la,Circa LA,E1813,18,,2-bed,2 Bed,2,2.5,1898,5965,5965,6015,available_on,2026-08-28,,
2026-08-28T23:33:25.568Z,circa-la,Circa LA,E1405,14,,1-bed,1 Bed,1,1,745,2941,2941,2991,available_on,2026-09-24,,
2026-08-28T23:33:25.568Z,circa-la,Circa LA,E1115,11,,1-bed,1 Bed,1,1,868,3269,3269,3319,available_on,2026-10-04,,
2026-08-28T23:33:25.568Z,circa-la,Circa LA,E3301,33,,3-bed,3 Bed,3,4.5,3984,19486,19486,19536,available_on,2026-08-28,,
2026-08-28T23:33:25.568Z,circa-la,Circa LA,E3309,33,,2-bed,2 Bed,2,2.5,2087,8874,8874,8924,available_on,2026-09-29,,
2026-08-28T23:33:25.568Z,circa-la,Circa LA,W3302,33,,3-bed,3 Bed,3,4.5,3842,22551,22551,22601,available_on,2026-08-28,,
2026-08-28T23:33:25.568Z,circa-la,Circa LA,W3312,33,,3-bed,3 Bed,3,3.5,2900,17028,17028,17078,available_on,2026-08-28,,
2026-08-28T23:33:25.568Z,circa-la,Circa LA,E3411,34,,3-bed,3 Bed,3,3.5,2878,12886,12886,12936,available_on,2026-08-28,,
2026-08-28T23:33:25.568Z,circa-la,Circa LA,W3402,34,,3-bed,3 Bed,3,4.5,3842,22643,22643,22693,available_on,2026-08-28,,
2026-08-28T23:33:25.568Z,circa-la,Circa LA,W3406,34,,2-bed,2 Bed,2,2,1338,7315,7315,7365,available_on,2026-09-01,,
2026-08-28T23:33:25.568Z,circa-la,Circa LA,E3501,35,,3-bed,3 Bed,3,4.5,3984,22435,22435,22485,available_on,2026-08-28,,
2026-08-28T23:33:25.568Z,circa-la,Circa LA,E3505,35,,2-bed,2 Bed,2,2,1338,6188,6188,6238,available_on,2026-08-28,,
2026-08-28T23:33:25.568Z,circa-la,Circa LA,E3511,35,,3-bed,3 Bed,3,3.5,2878,14850,14850,14900,available_on,2026-08-28,,
2026-08-28T23:33:25.568Z,circa-la,Circa LA,W3502,35,,3-bed,3 Bed,3,4.5,3842,23359,23359,23409,available_on,2026-08-28,,
2026-08-28T23:33:25.568Z,circa-la,Circa LA,W3508,35,,2-bed,2 Bed,2,2,1524,8045,8045,8095,available_on,2026-10-31,,
2026-08-28T23:33:25.568Z,circa-la,Circa LA,W3512,35,,3-bed,3 Bed,3,3.5,2900,17398,17398,17448,available_on,2026-08-28,,
2026-08-29T04:11:26.169Z,825-south-hill,825 South Hill,201,2,A2,2-bed-den,2 Bed + Den,2,,1090,3949,5062,,available,,29417540,2413008
2026-08-29T04:11:26.169Z,825-south-hill,825 South Hill,301,3,A2,2-bed-den,2 Bed + Den,2,,1090,3949,5062,,available,,29417543,2413008
2026-08-29T04:11:26.169Z,825-south-hill,825 South Hill,302,3,B,2-bed,2 Bed,2,,993,3894,4999,,available,,29417544,2413011
2026-08-29T04:11:26.169Z,825-south-hill,825 South Hill,607,6,TH2,townhomes,Townhomes,,,1385,5564,7488,,available,,29417562,2413022
2026-08-29T04:11:26.169Z,825-south-hill,825 South Hill,3012,30,K,1-bed,1 Bed,1,,670,3399,4329,,available_on,2026-10-12,29417188,2413027
2026-08-29T04:11:26.169Z,825-south-hill,825 South Hill,3412,34,K,1-bed,1 Bed,1,,670,3414,4367,,available,,29417189,2413027
2026-08-29T04:11:26.169Z,825-south-hill,825 South Hill,4312,43,K,1-bed,1 Bed,1,,670,3411,4363,,available,,29417198,2413027
2026-08-29T04:11:26.169Z,825-south-hill,825 South Hill,2901,29,K1,1-bed,1 Bed,1,,716,3414,4361,,available_on,2026-09-09,29417218,2413028
2026-08-29T04:11:26.169Z,825-south-hill,825 South Hill,3603,36,M,2-bed-den,2 Bed + Den,2,,1099,4513,5802,,available_on,2026-09-07,29417253,2413032
2026-08-29T04:11:26.169Z,825-south-hill,825 South Hill,1504,15,N,jr-2-bed,Jr. 2 Bed,2,,792,3223,4145,,available,,29417296,2413034
2026-08-29T04:11:26.169Z,825-south-hill,825 South Hill,2204,22,N,jr-2-bed,Jr. 2 Bed,2,,792,3308,4250,,available_on,2026-09-28,29417302,2413034
2026-08-29T04:11:26.169Z,825-south-hill,825 South Hill,3704,37,N,jr-2-bed,Jr. 2 Bed,2,,792,3548,4558,,available_on,2026-09-14,29417313,2413034
2026-08-29T04:11:26.169Z,825-south-hill,825 South Hill,4204,42,N,jr-2-bed,Jr. 2 Bed,2,,792,3668,4717,,available,,29417317,2413034
2026-08-29T04:11:26.169Z,825-south-hill,825 South Hill,1910,19,N1,jr-2-bed,Jr. 2 Bed,2,,807,3123,4012,,available_on,2026-09-11,29417327,2413035
2026-08-29T04:11:26.169Z,825-south-hill,825 South Hill,3610,36,N1,jr-2-bed,Jr. 2 Bed,2,,807,3433,4415,,available,,29417341,2413035
2026-08-29T04:11:26.169Z,825-south-hill,825 South Hill,4310,43,N1,jr-2-bed,Jr. 2 Bed,2,,807,3618,4637,,available_on,2026-10-07,29417348,2413035
2026-08-29T04:11:26.169Z,825-south-hill,825 South Hill,3902,39,O,1-bed,1 Bed,1,,538,3247,4112,,available_on,2026-10-10,29417415,2413037
2026-08-29T04:11:26.169Z,825-south-hill,825 South Hill,4602,46,O,1-bed,1 Bed,1,,538,3392,4281,,available_on,2026-11-07,29417390,2413037
2026-08-29T04:11:26.169Z,825-south-hill,825 South Hill,1107,11,O1,1-bed,1 Bed,1,,560,2902,3688,,available_on,2026-09-28,29417419,2413039
2026-08-29T04:11:26.169Z,825-south-hill,825 South Hill,2406,24,O3,1-bed,1 Bed,1,,562,3037,3846,,available_on,2026-10-02,29417461,2522879
2026-08-29T04:11:26.169Z,825-south-hill,825 South Hill,4706,47,SKY3,skyhomes,Skyhomes,,,1365,5807,7456,,available_on,2026-10-14,38827826,2413047
2026-08-29T04:11:26.169Z,atelier,Atelier,0707,7,,1-bed,1 Bed,1,1,778,3401,3401,3418,available_on,2026-10-22,,
2026-08-29T04:11:26.169Z,atelier,Atelier,1402,14,,1-bed,1 Bed,1,1,622,3451,3451,3468,available_on,2026-11-07,,
2026-08-29T04:11:26.169Z,atelier,Atelier,1407,14,,1-bed,1 Bed,1,1,778,3551,3551,3568,available_on,2026-10-07,,
2026-08-29T04:11:26.169Z,atelier,Atelier,1508,15,,1-bed,1 Bed,1,1,778,3566,3566,3583,available_on,2026-10-18,,
2026-08-29T04:11:26.169Z,atelier,Atelier,1905,19,,1-bed,1 Bed,1,1,778,3911,3911,3928,available_on,2026-09-15,,
2026-08-29T04:11:26.169Z,atelier,Atelier,2312,23,,1-bed,1 Bed,1,1,685,3976,3976,3993,available_on,2026-10-08,,
2026-08-29T04:11:26.169Z,atelier,Atelier,2404,24,,1-bed,1 Bed,1,1,829,4271,4271,4288,available_on,2026-08-29,,
2026-08-29T04:11:26.169Z,atelier,Atelier,2411,24,,2-bed,2 Bed,2,2,1043,4631,4631,4648,available_on,2026-11-05,,
2026-08-29T04:11:26.169Z,atelier,Atelier,2414,24,,2-bed,2 Bed,2,2,975,4681,4681,4698,available_on,2026-09-07,,
2026-08-29T04:11:26.169Z,atelier,Atelier,2501,25,,2-bed,2 Bed,2,2.5,1377,6448,6448,6465,available_on,2026-08-31,,
2026-08-29T04:11:26.169Z,atelier,Atelier,2502,25,,2-bed,2 Bed,2,2.5,1514,7493,7493,7510,available_on,2026-09-03,,
2026-08-29T04:11:26.169Z,atelier,Atelier,2504,25,,1-bed,1 Bed,1,1,829,4291,4291,4308,available_on,2026-10-28,,
2026-08-29T04:11:26.169Z,atelier,Atelier,2602,26,,2-bed,2 Bed,2,2.5,1514,7513,7513,7530,available_on,2026-08-29,,
2026-08-29T04:11:26.169Z,atelier,Atelier,3001,30,,2-bed,2 Bed,2,2.5,1377,6638,6638,6655,available_on,2026-09-21,,
2026-08-29T04:11:26.169Z,atelier,Atelier,3106,31,,1-bed,1 Bed,1,1,778,4226,4226,4243,available_on,2026-08-29,,
2026-08-29T04:11:26.169Z,atelier,Atelier,3108,31,,1-bed,1 Bed,1,1,685,4316,4316,4333,available_on,2026-08-29,,
2026-08-29T04:11:26.169Z,atelier,Atelier,3110,31,,1-bed,1 Bed,1,1,685,4401,4401,4418,available_on,2026-08-29,,
2026-08-29T04:11:26.169Z,atelier,Atelier,3202,32,,2-bed,2 Bed,2,2.5,1514,7773,7773,7790,available_on,2026-09-25,,
2026-08-29T04:11:26.169Z,atelier,Atelier,3208,32,,1-bed,1 Bed,1,1,685,4386,4386,4403,available_on,2026-08-29,,
2026-08-29T04:11:26.169Z,atelier,Atelier,3210,32,,1-bed,1 Bed,1,1,685,4471,4471,4488,available_on,2026-08-29,,
2026-08-29T04:11:26.169Z,atelier,Atelier,PH01,,,2-bed,2 Bed,2,2.5,1470,8920,8920,8937,available_on,2026-08-29,,
2026-08-29T04:11:26.169Z,atelier,Atelier,PH08,,,3-bed,3 Bed,3,3,1731,9196,9196,9213,available_on,2026-08-29,,
2026-08-29T04:11:26.169Z,eighth-and-grand,Eighth & Grand,0-2017,,,1-bed,1 Bed,1,1,762,2430,2430,2449,available_on,2026-09-10,,
2026-08-29T04:11:26.169Z,eighth-and-grand,Eighth & Grand,0-2034,,,2-bed,2 Bed,2,1,905,3037,3037,3056,available_on,2026-10-06,,
2026-08-29T04:11:26.169Z,eighth-and-grand,Eighth & Grand,0-2037,,,1-bed,1 Bed,1,1,762,2430,2430,2449,available_on,2026-09-15,,
2026-08-29T04:11:26.169Z,eighth-and-grand,Eighth & Grand,0-2041,,,1-bed,1 Bed,1,1,762,2430,2430,2449,available_on,2026-09-05,,
2026-08-29T04:11:26.169Z,eighth-and-grand,Eighth & Grand,0-2051,,,2-bed,2 Bed,2,2.5,1094,3786,3786,3805,available_on,2026-08-29,,
2026-08-29T04:11:26.169Z,eighth-and-grand,Eighth & Grand,0-2102,,,studio,Studio,0,1,527,2174,2174,2193,available_on,2026-10-17,,
2026-08-29T04:11:26.169Z,eighth-and-grand,Eighth & Grand,0-2110,,,studio,Studio,0,1,520,2119,2119,2138,available_on,2026-08-29,,
2026-08-29T04:11:26.169Z,eighth-and-grand,Eighth & Grand,0-2152,,,studio,Studio,0,1,540,2179,2179,2198,available_on,2026-10-16,,
2026-08-29T04:11:26.169Z,eighth-and-grand,Eighth & Grand,0-2153,,,2-bed,2 Bed,2,2,1168,3541,3541,3560,available_on,2026-08-29,,
2026-08-29T04:11:26.169Z,eighth-and-grand,Eighth & Grand,0-2161,,,2-bed,2 Bed,2,2,1109,3336,3336,3355,available_on,2026-10-10,,
2026-08-29T04:11:26.169Z,eighth-and-grand,Eighth & Grand,0-3028,,,1-bed,1 Bed,1,1,779,2750,2750,2769,available_on,2026-08-29,,
2026-08-29T04:11:26.169Z,eighth-and-grand,Eighth & Grand,0-3104,,,1-bed,1 Bed,1,1,802,2615,2615,2634,available_on,2026-09-28,,
2026-08-29T04:11:26.169Z,eighth-and-grand,Eighth & Grand,0-3136,,,1-bed,1 Bed,1,1,777,2290,2290,2309,available_on,2026-10-12,,
2026-08-29T04:11:26.169Z,eighth-and-grand,Eighth & Grand,0-4028,,,1-bed,1 Bed,1,1,779,2770,2770,2789,available_on,2026-10-09,,
2026-08-29T04:11:26.169Z,eighth-and-grand,Eighth & Grand,0-4071,,,1-bed,1 Bed,1,1,840,2395,2395,2414,available_on,2026-10-23,,
2026-08-29T04:11:26.169Z,eighth-and-grand,Eighth & Grand,0-4080,,,1-bed,1 Bed,1,1,777,2285,2285,2304,available_on,2026-09-29,,
2026-08-29T04:11:26.169Z,eighth-and-grand,Eighth & Grand,0-4108,,,studio,Studio,0,1,540,2304,2304,2323,available_on,2026-08-29,,
2026-08-29T04:11:26.169Z,eighth-and-grand,Eighth & Grand,0-4114,,,studio,Studio,0,1,520,2259,2259,2278,available_on,2026-10-15,,
2026-08-29T04:11:26.169Z,eighth-and-grand,Eighth & Grand,0-4131,,,1-bed,1 Bed,1,1,578,2390,2390,2409,available_on,2026-08-29,,
2026-08-29T04:11:26.169Z,eighth-and-grand,Eighth & Grand,0-5005,,,1-bed,1 Bed,1,1,762,2840,2840,2859,available_on,2026-08-29,,
2026-08-29T04:11:26.169Z,eighth-and-grand,Eighth & Grand,0-5026,,,1-bed,1 Bed,1,1,779,2830,2830,2849,available_on,2026-08-29,,
2026-08-29T04:11:26.169Z,eighth-and-grand,Eighth & Grand,0-5029,,,1-bed,1 Bed,1,1,880,2815,2815,2834,available_on,2026-08-29,,
2026-08-29T04:11:26.169Z,eighth-and-grand,Eighth & Grand,0-5032,,,1-bed,1 Bed,1,1,779,2830,2830,2849,available_on,2026-08-29,,
2026-08-29T04:11:26.169Z,eighth-and-grand,Eighth & Grand,0-5034,,,2-bed,2 Bed,2,2,1046,3346,3346,3365,available_on,2026-08-29,,
2026-08-29T04:11:26.169Z,eighth-and-grand,Eighth & Grand,0-5035,,,1-bed,1 Bed,1,1,880,2840,2840,2859,available_on,2026-08-29,,
2026-08-29T04:11:26.169Z,eighth-and-grand,Eighth & Grand,0-5039,,,1-bed,1 Bed,1,1,762,2805,2805,2824,available_on,2026-08-29,,
2026-08-29T04:11:26.169Z,eighth-and-grand,Eighth & Grand,0-5046,,,1-bed,1 Bed,1,1,578,2485,2485,2504,available_on,2026-09-20,,
2026-08-29T04:11:26.169Z,eighth-and-grand,Eighth & Grand,0-5086,,,1-bed,1 Bed,1,1,777,2430,2430,2449,available_on,2026-10-06,,
2026-08-29T04:11:26.169Z,eighth-and-grand,Eighth & Grand,0-5094,,,1-bed,1 Bed,1,1,715,2680,2680,2699,available_on,2026-08-29,,
2026-08-29T04:11:26.169Z,eighth-and-grand,Eighth & Grand,0-5096,,,1-bed,1 Bed,1,1,584,2515,2515,2534,available_on,2026-08-30,,
2026-08-29T04:11:26.169Z,eighth-and-grand,Eighth & Grand,0-5153,,,2-bed,2 Bed,2,2,1278,3991,3991,4010,available_on,2026-09-23,,
2026-08-29T04:11:26.169Z,eighth-and-grand,Eighth & Grand,0-5162,,,studio,Studio,0,1,520,2269,2269,2288,available_on,2026-10-30,,
2026-08-29T04:11:26.169Z,eighth-and-grand,Eighth & Grand,0-6002,,,1-bed,1 Bed,1,1,639,2480,2480,2499,available_on,2026-08-29,,
2026-08-29T04:11:26.169Z,eighth-and-grand,Eighth & Grand,0-6011,,,1-bed,1 Bed,1,1,880,2790,2790,2809,available_on,2026-08-29,,
2026-08-29T04:11:26.169Z,eighth-and-grand,Eighth & Grand,0-6017,,,1-bed,1 Bed,1,1,880,2840,2840,2859,available_on,2026-08-29,,
2026-08-29T04:11:26.169Z,eighth-and-grand,Eighth & Grand,0-6032,,,1-bed,1 Bed,1,1,779,2880,2880,2899,available_on,2026-11-04,,
2026-08-29T04:11:26.169Z,eighth-and-grand,Eighth & Grand,0-6035,,,1-bed,1 Bed,1,1,762,2760,2760,2779,available_on,2026-09-02,,
2026-08-29T04:11:26.169Z,eighth-and-grand,Eighth & Grand,0-6057,,,2-bed,2 Bed,2,2,1211,3666,3666,3685,available_on,2026-09-06,,
2026-08-29T04:11:26.169Z,eighth-and-grand,Eighth & Grand,0-6066,,,1-bed,1 Bed,1,1,762,2755,2755,2774,available_on,2026-08-29,,
2026-08-29T04:11:26.169Z,eighth-and-grand,Eighth & Grand,0-6068,,,1-bed,1 Bed,1,1,579,2325,2325,2344,available_on,2026-09-18,,
2026-08-29T04:11:26.169Z,eighth-and-grand,Eighth & Grand,0-6094,,,1-bed,1 Bed,1,1,715,2805,2805,2824,available_on,2026-08-29,,
2026-08-29T04:11:26.169Z,eighth-and-grand,Eighth & Grand,0-6137,,,1-bed,1 Bed,1,1,578,2490,2490,2509,available_on,2026-09-10,,
2026-08-29T04:11:26.169Z,eighth-and-grand,Eighth & Grand,0-6149,,,studio,Studio,0,1,558,2399,2399,2418,available_on,2026-08-29,,
2026-08-29T04:11:26.169Z,eighth-and-grand,Eighth & Grand,0-6152,,,studio,Studio,0,1,540,2404,2404,2423,available_on,2026-11-01,,
2026-08-29T04:11:26.169Z,eighth-and-grand,Eighth & Grand,0-6154,,,studio,Studio,0,1,520,2319,2319,2338,available_on,2026-11-07,,
2026-08-29T04:11:26.169Z,eighth-and-grand,Eighth & Grand,0-6166,,,1-bed,1 Bed,1,1,822,2805,2805,2824,available_on,2026-09-28,,
2026-08-29T04:11:26.169Z,eighth-and-grand,Eighth & Grand,0-7024,,,1-bed,1 Bed,1,1,791,2660,2660,2679,available_on,2026-08-29,,
2026-08-29T04:11:26.169Z,eighth-and-grand,Eighth & Grand,0-7042,,,1-bed,1 Bed,1,1,578,2410,2410,2429,available_on,2026-08-29,,
2026-08-29T04:11:26.169Z,eighth-and-grand,Eighth & Grand,0-7066,,,1-bed,1 Bed,1,1,762,2805,2805,2824,available_on,2026-08-29,,
2026-08-29T04:11:26.169Z,eighth-and-grand,Eighth & Grand,0-7071,,,1-bed,1 Bed,1,1,840,2820,2820,2839,available_on,2026-09-07,,
2026-08-29T04:11:26.169Z,eighth-and-grand,Eighth & Grand,0-7082,,,1-bed,1 Bed,1,1,777,2635,2635,2654,available_on,2026-08-31,,
2026-08-29T04:11:26.169Z,eighth-and-grand,Eighth & Grand,0-7090,,,2-bed,2 Bed,2,1,976,3271,3271,3290,available_on,2026-08-29,,
2026-08-29T04:11:26.169Z,eighth-and-grand,Eighth & Grand,0-7096,,,1-bed,1 Bed,1,1,584,2590,2590,2609,available_on,2026-08-29,,
2026-08-29T04:11:26.169Z,eighth-and-grand,Eighth & Grand,0-7145,,,2-bed,2 Bed,2,2,1099,4111,4111,4130,available_on,2026-10-01,,
2026-08-29T04:11:26.169Z,eighth-and-grand,Eighth & Grand,0-7167,,,1-bed,1 Bed,1,1,578,2590,2590,2609,available_on,2026-10-08,,
2026-08-29T04:11:26.169Z,beaudry,Beaudry,B-0514,5,,1-bed,1 Bed,1,1,794,3952,3952,3968,available_on,2026-10-31,,
2026-08-29T04:11:26.169Z,beaudry,Beaudry,B-0814,8,,1-bed,1 Bed,1,1,802,3982,3982,3998,available_on,2026-11-06,,
2026-08-29T04:11:26.169Z,beaudry,Beaudry,B-1007,10,,studio,Studio,0,1,550,2660,2660,2676,available_on,2026-10-22,,
2026-08-29T04:11:26.169Z,beaudry,Beaudry,B-1014,10,,1-bed,1 Bed,1,1,802,4002,4002,4018,available_on,2026-09-12,,
2026-08-29T04:11:26.169Z,beaudry,Beaudry,B-1101,11,,1-bed,1 Bed,1,1.5,818,4491,4491,4507,available_on,2026-09-13,,
2026-08-29T04:11:26.169Z,beaudry,Beaudry,B-1104,11,,1-bed,1 Bed,1,1.5,875,3841,3841,3857,available_on,2026-10-27,,
2026-08-29T04:11:26.169Z,beaudry,Beaudry,B-1204,12,,1-bed,1 Bed,1,1.5,875,3906,3906,3922,available_on,2026-10-01,,
2026-08-29T04:11:26.169Z,beaudry,Beaudry,B-1401,14,,1-bed,1 Bed,1,1.5,818,4566,4566,4582,available_on,2026-09-29,,
2026-08-29T04:11:26.169Z,beaudry,Beaudry,B-1409,14,,1-bed,1 Bed,1,1,860,4807,4807,4823,available_on,2026-09-10,,
2026-08-29T04:11:26.169Z,beaudry,Beaudry,B-1502,15,,studio,Studio,0,1,539,2695,2695,2711,available_on,2026-10-07,,
2026-08-29T04:11:26.169Z,beaudry,Beaudry,B-1602,16,,studio,Studio,0,1,539,2705,2705,2721,available_on,2026-10-09,,
2026-08-29T04:11:26.169Z,beaudry,Beaudry,B-1804,18,,1-bed,1 Bed,1,1.5,875,3956,3956,3972,available_on,2026-09-21,,
2026-08-29T04:11:26.169Z,beaudry,Beaudry,B-1806,18,,1-bed,1 Bed,1,1,868,4187,4187,4203,available_on,2026-10-10,,
2026-08-29T04:11:26.169Z,beaudry,Beaudry,B-1904,19,,1-bed,1 Bed,1,1.5,891,3931,3931,3947,available_on,2026-09-18,,
2026-08-29T04:11:26.169Z,beaudry,Beaudry,B-2004,20,,1-bed,1 Bed,1,1.5,891,3941,3941,3957,available_on,2026-10-04,,
2026-08-29T04:11:26.169Z,beaudry,Beaudry,B-2008,20,,2-bed,2 Bed,2,2,1200,6528,6528,6544,available_on,2026-08-29,,
2026-08-29T04:11:26.169Z,beaudry,Beaudry,B-2009,20,,1-bed,1 Bed,1,1,860,4867,4867,4883,available_on,2026-09-24,,
2026-08-29T04:11:26.169Z,beaudry,Beaudry,B-2013,20,,2-bed,2 Bed,2,2,1192,5848,5848,5864,available_on,2026-09-16,,
2026-08-29T04:11:26.169Z,beaudry,Beaudry,B-2014,20,,1-bed,1 Bed,1,1,817,4142,4142,4158,available_on,2026-10-23,,
2026-08-29T04:11:26.169Z,beaudry,Beaudry,B-2101,21,,1-bed,1 Bed,1,1.5,818,4636,4636,4652,available_on,2026-09-18,,
2026-08-29T04:11:26.169Z,beaudry,Beaudry,B-2111,21,,studio,Studio,0,1,514,2585,2585,2601,available_on,2026-10-20,,
2026-08-29T04:11:26.169Z,beaudry,Beaudry,B-2114,21,,1-bed,1 Bed,1,1,817,4152,4152,4168,available_on,2026-09-21,,
2026-08-29T04:11:26.169Z,beaudry,Beaudry,B-2204,22,,1-bed,1 Bed,1,1.5,891,3961,3961,3977,available_on,2026-09-29,,
2026-08-29T04:11:26.169Z,beaudry,Beaudry,B-2313,23,,2-bed,2 Bed,2,2,1192,5878,5878,5894,available_on,2026-08-29,,
2026-08-29T04:11:26.169Z,beaudry,Beaudry,B-2413,24,,2-bed,2 Bed,2,2,1192,5888,5888,5904,available_on,2026-09-12,,
2026-08-29T04:11:26.169Z,beaudry,Beaudry,B-2415,24,,1-bed,1 Bed,1,1,568,2955,2955,2971,available_on,2026-10-08,,
2026-08-29T04:11:26.169Z,beaudry,Beaudry,B-2514,25,,1-bed,1 Bed,1,1,817,4192,4192,4208,available_on,2026-09-16,,
2026-08-29T04:11:26.169Z,beaudry,Beaudry,B-2803,28,,1-bed,1 Bed,1,1,627,3070,3070,3086,available_on,2026-10-02,,
2026-08-29T04:11:26.169Z,beaudry,Beaudry,B-2805,28,,1-bed,1 Bed,1,1,939,4427,4427,4443,available_on,2026-10-01,,
2026-08-29T04:11:26.169Z,beaudry,Beaudry,B-2906,29,,1-bed,1 Bed,1,1,882,4322,4322,4338,available_on,2026-09-30,,
2026-08-29T04:11:26.169Z,beaudry,Beaudry,B-3005,30,,1-bed,1 Bed,1,1,939,4447,4447,4463,available_on,2026-09-27,,
2026-08-29T04:11:26.169Z,beaudry,Beaudry,B-3008,30,,2-bed,2 Bed,2,2,1200,6718,6718,6734,available_on,2026-09-01,,
2026-08-29T04:11:26.169Z,beaudry,Beaudry,B-3205,32,,1-bed,1 Bed,1,1,939,4467,4467,4483,available_on,2026-10-14,,
2026-08-29T04:11:26.169Z,beaudry,Beaudry,B-3310,33,,1-bed,1 Bed,1,1,594,2980,2980,2996,available_on,2026-10-08,,
2026-08-29T04:11:26.169Z,beaudry,Beaudry,B-3401,34,,1-bed,1 Bed,1,1.5,818,4766,4766,4782,available_on,2026-10-02,,
2026-08-29T04:11:26.169Z,beaudry,Beaudry,B-3406,34,,1-bed,1 Bed,1,1,882,4372,4372,4388,available_on,2026-10-16,,
2026-08-29T04:11:26.169Z,beaudry,Beaudry,B-3709,37,,1-bed,1 Bed,1,1,860,5212,5212,5228,available_on,2026-10-24,,
2026-08-29T04:11:26.169Z,beaudry,Beaudry,B-3713,37,,2-bed,2 Bed,2,2,1192,6043,6043,6059,available_on,2026-08-29,,
2026-08-29T04:11:26.169Z,beaudry,Beaudry,B-4002,40,,studio,Studio,0,1,539,2970,2970,2986,available_on,2026-10-22,,
2026-08-29T04:11:26.169Z,beaudry,Beaudry,B-4006,40,,1-bed,1 Bed,1,1,882,4457,4457,4473,available_on,2026-09-07,,
2026-08-29T04:11:26.169Z,beaudry,Beaudry,B-4105,41,,1-bed,1 Bed,1,1.5,1044,4471,4471,4487,available_on,2026-09-30,,
2026-08-29T04:11:26.169Z,beaudry,Beaudry,B-4303,43,,1-bed,1 Bed,1,1,627,3245,3245,3261,available_on,2026-10-11,,
2026-08-29T04:11:26.169Z,beaudry,Beaudry,B-4306,43,,1-bed,1 Bed,1,1,882,4487,4487,4503,available_on,2026-11-04,,
2026-08-29T04:11:26.169Z,beaudry,Beaudry,B-4413,44,,2-bed,2 Bed,2,2,1192,6113,6113,6129,available_on,2026-08-29,,
2026-08-29T04:11:26.169Z,beaudry,Beaudry,B-4504,45,,1-bed,1 Bed,1,1.5,1134,4831,4831,4847,available_on,2026-10-06,,
2026-08-29T04:11:26.169Z,beaudry,Beaudry,B-4507,45,,studio,Studio,0,1,550,3180,3180,3196,available_on,2026-10-08,,
2026-08-29T04:11:26.169Z,beaudry,Beaudry,B-4615,46,,1-bed,1 Bed,1,1,568,3200,3200,3216,available_on,2026-11-15,,
2026-08-29T04:11:26.169Z,beaudry,Beaudry,B-4704,47,,1-bed,1 Bed,1,1.5,1134,4851,4851,4867,available_on,2026-09-24,,
2026-08-29T04:11:26.169Z,beaudry,Beaudry,B-4707,47,,studio,Studio,0,1,550,3200,3200,3216,available_on,2026-10-17,,
2026-08-29T04:11:26.169Z,beaudry,Beaudry,B-4713,47,,2-bed,2 Bed,2,2,1192,6143,6143,6159,available_on,2026-11-03,,
2026-08-29T04:11:26.169Z,beaudry,Beaudry,B-4910,49,,1-bed,1 Bed,1,1.5,926,4355,4355,4371,available_on,2026-10-10,,
2026-08-29T04:11:26.169Z,beaudry,Beaudry,B-5002,50,,2-bed,2 Bed,2,2.5,1531,6580,6580,6596,available_on,2026-11-03,,
2026-08-29T04:11:26.169Z,beaudry,Beaudry,B-5209,52,,2-bed,2 Bed,2,2,1230,6295,6295,6311,available_on,2026-09-15,,
2026-08-29T04:11:26.169Z,beaudry,Beaudry,B-5405,54,,3-bed,3 Bed,3,2.5,1734,9063,9063,9079,available_on,2026-10-05,,
2026-08-29T04:11:26.169Z,beaudry,Beaudry,B-5607,56,,1-bed,1 Bed,1,1,1006,5610,5610,5626,available_on,2026-08-29,,
2026-08-29T04:11:26.169Z,circa-la,Circa LA,W3206,32,,1-bed,1 Bed,1,1,745,3358,3358,3408,available_on,2026-08-29,,
2026-08-29T04:11:26.169Z,circa-la,Circa LA,W3208,32,,1-bed,1 Bed,1,1,770,3636,3636,3686,available_on,2026-08-29,,
2026-08-29T04:11:26.169Z,circa-la,Circa LA,W2618,26,,1-bed,1 Bed,1,1,923,4069,4069,4119,available_on,2026-08-29,,
2026-08-29T04:11:26.169Z,circa-la,Circa LA,W2502,25,,1-bed,1 Bed,1,1,627,2894,2894,2944,available_on,2026-08-29,,
2026-08-29T04:11:26.169Z,circa-la,Circa LA,W2518,25,,1-bed,1 Bed,1,1,923,3828,3828,3878,available_on,2026-08-29,,
2026-08-29T04:11:26.169Z,circa-la,Circa LA,W2006,20,,1-bed,1 Bed,1,1,745,3388,3388,3438,available_on,2026-09-14,,
2026-08-29T04:11:26.169Z,circa-la,Circa LA,W1708,17,,1-bed,1 Bed,1,1,770,3327,3327,3377,available_on,2026-08-29,,
2026-08-29T04:11:26.169Z,circa-la,Circa LA,W1724,17,,2-bed,2 Bed,2,2,1463,4755,4755,4805,available_on,2026-10-28,,
2026-08-29T04:11:26.169Z,circa-la,Circa LA,W1624,16,,2-bed,2 Bed,2,2,1463,4747,4747,4797,available_on,2026-09-03,,
2026-08-29T04:11:26.169Z,circa-la,Circa LA,W1412,14,,2-bed,2 Bed,2,2.5,1762,5527,5527,5577,available_on,2026-09-26,,
2026-08-29T04:11:26.169Z,circa-la,Circa LA,W1120,11,,1-bed,1 Bed,1,1,927,3335,3335,3385,available_on,2026-09-18,,
2026-08-29T04:11:26.169Z,circa-la,Circa LA,W820,8,,1-bed,1 Bed,1,1,927,4022,4022,4072,available_on,2026-08-29,,
2026-08-29T04:11:26.169Z,circa-la,Circa LA,E3201,32,,1-bed,1 Bed,1,1,627,3107,3107,3157,available_on,2026-08-29,,
2026-08-29T04:11:26.169Z,circa-la,Circa LA,E3221,32,,1-bed,1 Bed,1,1,871,3720,3720,3770,available_on,2026-08-29,,
2026-08-29T04:11:26.169Z,circa-la,Circa LA,E2911,29,,2-bed,2 Bed,2,2.5,1762,5677,5677,5727,available_on,2026-08-29,,
2026-08-29T04:11:26.169Z,circa-la,Circa LA,E2917,29,,1-bed,1 Bed,1,1,923,3872,3872,3922,available_on,2026-09-10,,
2026-08-29T04:11:26.169Z,circa-la,Circa LA,E2921,29,,1-bed,1 Bed,1,1,871,3644,3644,3694,available_on,2026-10-04,,
2026-08-29T04:11:26.169Z,circa-la,Circa LA,E2501,25,,1-bed,1 Bed,1,1,627,2876,2876,2926,available_on,2026-09-17,,
2026-08-29T04:11:26.169Z,circa-la,Circa LA,E2411,24,,2-bed,2 Bed,2,2.5,1762,5527,5527,5577,available_on,2026-09-08,,
2026-08-29T04:11:26.169Z,circa-la,Circa LA,E2419,24,,1-bed,1 Bed,1,1,927,3530,3530,3580,available_on,2026-09-21,,
2026-08-29T04:11:26.169Z,circa-la,Circa LA,E2223,22,,2-bed,2 Bed,2,2,1463,4939,4939,4989,available_on,2026-08-29,,
2026-08-29T04:11:26.169Z,circa-la,Circa LA,E1813,18,,2-bed,2 Bed,2,2.5,1898,5965,5965,6015,available_on,2026-08-29,,
2026-08-29T04:11:26.169Z,circa-la,Circa LA,E1405,14,,1-bed,1 Bed,1,1,745,2941,2941,2991,available_on,2026-09-24,,
2026-08-29T04:11:26.169Z,circa-la,Circa LA,E1115,11,,1-bed,1 Bed,1,1,868,3269,3269,3319,available_on,2026-10-04,,
2026-08-29T04:11:26.169Z,circa-la,Circa LA,E3301,33,,3-bed,3 Bed,3,4.5,3984,19486,19486,19536,available_on,2026-08-29,,
2026-08-29T04:11:26.169Z,circa-la,Circa LA,E3309,33,,2-bed,2 Bed,2,2.5,2087,8874,8874,8924,available_on,2026-09-29,,
2026-08-29T04:11:26.169Z,circa-la,Circa LA,W3302,33,,3-bed,3 Bed,3,4.5,3842,22551,22551,22601,available_on,2026-08-29,,
2026-08-29T04:11:26.169Z,circa-la,Circa LA,W3312,33,,3-bed,3 Bed,3,3.5,2900,17028,17028,17078,available_on,2026-08-29,,
2026-08-29T04:11:26.169Z,circa-la,Circa LA,E3411,34,,3-bed,3 Bed,3,3.5,2878,12886,12886,12936,available_on,2026-08-29,,
2026-08-29T04:11:26.169Z,circa-la,Circa LA,W3402,34,,3-bed,3 Bed,3,4.5,3842,22643,22643,22693,available_on,2026-08-29,,
2026-08-29T04:11:26.169Z,circa-la,Circa LA,W3406,34,,2-bed,2 Bed,2,2,1338,7315,7315,7365,available_on,2026-09-01,,
2026-08-29T04:11:26.169Z,circa-la,Circa LA,E3501,35,,3-bed,3 Bed,3,4.5,3984,22435,22435,22485,available_on,2026-08-29,,
2026-08-29T04:11:26.169Z,circa-la,Circa LA,E3505,35,,2-bed,2 Bed,2,2,1338,6188,6188,6238,available_on,2026-08-29,,
2026-08-29T04:11:26.169Z,circa-la,Circa LA,E3511,35,,3-bed,3 Bed,3,3.5,2878,14850,14850,14900,available_on,2026-08-29,,
2026-08-29T04:11:26.169Z,circa-la,Circa LA,W3502,35,,3-bed,3 Bed,3,4.5,3842,23359,23359,23409,available_on,2026-08-29,,
2026-08-29T04:11:26.169Z,circa-la,Circa LA,W3508,35,,2-bed,2 Bed,2,2,1524,8045,8045,8095,available_on,2026-10-31,,
2026-08-29T04:11:26.169Z,circa-la,Circa LA,W3512,35,,3-bed,3 Bed,3,3.5,2900,17398,17398,17448,available_on,2026-08-29,,
2026-08-29T17:43:53.637Z,825-south-hill,825 South Hill,201,2,A2,2-bed-den,2 Bed + Den,2,,1090,3949,5062,,available,,29417540,2413008
2026-08-29T17:43:53.637Z,825-south-hill,825 South Hill,301,3,A2,2-bed-den,2 Bed + Den,2,,1090,3949,5062,,available,,29417543,2413008
2026-08-29T17:43:53.637Z,825-south-hill,825 South Hill,302,3,B,2-bed,2 Bed,2,,993,3894,4999,,available,,29417544,2413011
2026-08-29T17:43:53.637Z,825-south-hill,825 South Hill,607,6,TH2,townhomes,Townhomes,,,1385,5564,7488,,available,,29417562,2413022
2026-08-29T17:43:53.637Z,825-south-hill,825 South Hill,3012,30,K,1-bed,1 Bed,1,,670,3399,4329,,available_on,2026-10-12,29417188,2413027
2026-08-29T17:43:53.637Z,825-south-hill,825 South Hill,3412,34,K,1-bed,1 Bed,1,,670,3414,4367,,available,,29417189,2413027
2026-08-29T17:43:53.637Z,825-south-hill,825 South Hill,2901,29,K1,1-bed,1 Bed,1,,716,3414,4361,,available_on,2026-09-09,29417218,2413028
2026-08-29T17:43:53.637Z,825-south-hill,825 South Hill,1703,17,M,2-bed-den,2 Bed + Den,2,,1099,4203,5353,,available_on,2026-11-04,29417237,2413032
2026-08-29T17:43:53.637Z,825-south-hill,825 South Hill,3603,36,M,2-bed-den,2 Bed + Den,2,,1099,4513,5802,,available_on,2026-09-07,29417253,2413032
2026-08-29T17:43:53.637Z,825-south-hill,825 South Hill,1504,15,N,jr-2-bed,Jr. 2 Bed,2,,792,3223,4145,,available,,29417296,2413034
2026-08-29T17:43:53.637Z,825-south-hill,825 South Hill,2204,22,N,jr-2-bed,Jr. 2 Bed,2,,792,3308,4250,,available_on,2026-09-28,29417302,2413034
2026-08-29T17:43:53.637Z,825-south-hill,825 South Hill,3704,37,N,jr-2-bed,Jr. 2 Bed,2,,792,3548,4558,,available_on,2026-09-14,29417313,2413034
2026-08-29T17:43:53.637Z,825-south-hill,825 South Hill,4204,42,N,jr-2-bed,Jr. 2 Bed,2,,792,3668,4717,,available,,29417317,2413034
2026-08-29T17:43:53.637Z,825-south-hill,825 South Hill,1910,19,N1,jr-2-bed,Jr. 2 Bed,2,,807,3123,4012,,available_on,2026-09-11,29417327,2413035
2026-08-29T17:43:53.637Z,825-south-hill,825 South Hill,3610,36,N1,jr-2-bed,Jr. 2 Bed,2,,807,3433,4415,,available,,29417341,2413035
2026-08-29T17:43:53.637Z,825-south-hill,825 South Hill,4310,43,N1,jr-2-bed,Jr. 2 Bed,2,,807,3618,4637,,available_on,2026-10-07,29417348,2413035
2026-08-29T17:43:53.637Z,825-south-hill,825 South Hill,3902,39,O,1-bed,1 Bed,1,,538,3247,4112,,available_on,2026-10-10,29417415,2413037
2026-08-29T17:43:53.637Z,825-south-hill,825 South Hill,4602,46,O,1-bed,1 Bed,1,,538,3392,4281,,available_on,2026-11-07,29417390,2413037
2026-08-29T17:43:53.637Z,825-south-hill,825 South Hill,1107,11,O1,1-bed,1 Bed,1,,560,2902,3688,,available_on,2026-09-28,29417419,2413039
2026-08-29T17:43:53.637Z,825-south-hill,825 South Hill,2406,24,O3,1-bed,1 Bed,1,,562,3037,3846,,available_on,2026-10-02,29417461,2522879
2026-08-29T17:43:53.637Z,825-south-hill,825 South Hill,4706,47,SKY3,skyhomes,Skyhomes,,,1365,5807,7456,,available_on,2026-10-14,38827826,2413047
2026-08-29T17:43:53.637Z,atelier,Atelier,0707,7,,1-bed,1 Bed,1,1,778,3407,3407,3424,available_on,2026-10-22,,
2026-08-29T17:43:53.637Z,atelier,Atelier,1402,14,,1-bed,1 Bed,1,1,622,3457,3457,3474,available_on,2026-11-07,,
2026-08-29T17:43:53.637Z,atelier,Atelier,1407,14,,1-bed,1 Bed,1,1,778,3557,3557,3574,available_on,2026-10-07,,
2026-08-29T17:43:53.637Z,atelier,Atelier,1508,15,,1-bed,1 Bed,1,1,778,3572,3572,3589,available_on,2026-10-18,,
2026-08-29T17:43:53.637Z,atelier,Atelier,1905,19,,1-bed,1 Bed,1,1,778,3917,3917,3934,available_on,2026-09-15,,
2026-08-29T17:43:53.637Z,atelier,Atelier,2312,23,,1-bed,1 Bed,1,1,685,3982,3982,3999,available_on,2026-10-08,,
2026-08-29T17:43:53.637Z,atelier,Atelier,2404,24,,1-bed,1 Bed,1,1,829,4277,4277,4294,available_on,2026-08-29,,
2026-08-29T17:43:53.637Z,atelier,Atelier,2411,24,,2-bed,2 Bed,2,2,1043,4631,4631,4648,available_on,2026-11-05,,
2026-08-29T17:43:53.637Z,atelier,Atelier,2414,24,,2-bed,2 Bed,2,2,975,4681,4681,4698,available_on,2026-09-07,,
2026-08-29T17:43:53.637Z,atelier,Atelier,2501,25,,2-bed,2 Bed,2,2.5,1377,6448,6448,6465,available_on,2026-08-31,,
2026-08-29T17:43:53.637Z,atelier,Atelier,2502,25,,2-bed,2 Bed,2,2.5,1514,7493,7493,7510,available_on,2026-09-03,,
2026-08-29T17:43:53.637Z,atelier,Atelier,2504,25,,1-bed,1 Bed,1,1,829,4297,4297,4314,available_on,2026-10-28,,
2026-08-29T17:43:53.637Z,atelier,Atelier,2602,26,,2-bed,2 Bed,2,2.5,1514,7513,7513,7530,available_on,2026-08-29,,
2026-08-29T17:43:53.637Z,atelier,Atelier,3001,30,,2-bed,2 Bed,2,2.5,1377,6638,6638,6655,available_on,2026-09-21,,
2026-08-29T17:43:53.637Z,atelier,Atelier,3106,31,,1-bed,1 Bed,1,1,778,4232,4232,4249,available_on,2026-08-29,,
2026-08-29T17:43:53.637Z,atelier,Atelier,3108,31,,1-bed,1 Bed,1,1,685,4322,4322,4339,available_on,2026-08-29,,
2026-08-29T17:43:53.637Z,atelier,Atelier,3110,31,,1-bed,1 Bed,1,1,685,4407,4407,4424,available_on,2026-08-29,,
2026-08-29T17:43:53.637Z,atelier,Atelier,3202,32,,2-bed,2 Bed,2,2.5,1514,7773,7773,7790,available_on,2026-09-25,,
2026-08-29T17:43:53.637Z,atelier,Atelier,3208,32,,1-bed,1 Bed,1,1,685,4392,4392,4409,available_on,2026-08-29,,
2026-08-29T17:43:53.637Z,atelier,Atelier,3210,32,,1-bed,1 Bed,1,1,685,4477,4477,4494,available_on,2026-08-29,,
2026-08-29T17:43:53.637Z,atelier,Atelier,PH01,,,2-bed,2 Bed,2,2.5,1470,8920,8920,8937,available_on,2026-08-29,,
2026-08-29T17:43:53.637Z,atelier,Atelier,PH08,,,3-bed,3 Bed,3,3,1731,9196,9196,9213,available_on,2026-08-29,,
2026-08-29T17:43:53.637Z,eighth-and-grand,Eighth & Grand,0-2017,,,1-bed,1 Bed,1,1,762,2421,2421,2440,available_on,2026-09-10,,
2026-08-29T17:43:53.637Z,eighth-and-grand,Eighth & Grand,0-2029,,,1-bed,1 Bed,1,1,762,2421,2421,2436,available_on,2026-09-04,,
2026-08-29T17:43:53.637Z,eighth-and-grand,Eighth & Grand,0-2034,,,2-bed,2 Bed,2,1,905,3037,3037,3056,available_on,2026-10-06,,
2026-08-29T17:43:53.637Z,eighth-and-grand,Eighth & Grand,0-2037,,,1-bed,1 Bed,1,1,762,2421,2421,2440,available_on,2026-09-15,,
2026-08-29T17:43:53.637Z,eighth-and-grand,Eighth & Grand,0-2041,,,1-bed,1 Bed,1,1,762,2421,2421,2440,available_on,2026-09-05,,
2026-08-29T17:43:53.637Z,eighth-and-grand,Eighth & Grand,0-2051,,,2-bed,2 Bed,2,2.5,1094,3786,3786,3805,available_on,2026-08-29,,
2026-08-29T17:43:53.637Z,eighth-and-grand,Eighth & Grand,0-2102,,,studio,Studio,0,1,527,2175,2175,2194,available_on,2026-10-17,,
2026-08-29T17:43:53.637Z,eighth-and-grand,Eighth & Grand,0-2110,,,studio,Studio,0,1,520,2120,2120,2139,available_on,2026-08-29,,
2026-08-29T17:43:53.637Z,eighth-and-grand,Eighth & Grand,0-2152,,,studio,Studio,0,1,540,2180,2180,2199,available_on,2026-10-16,,
2026-08-29T17:43:53.637Z,eighth-and-grand,Eighth & Grand,0-2153,,,2-bed,2 Bed,2,2,1168,3541,3541,3560,available_on,2026-08-29,,
2026-08-29T17:43:53.637Z,eighth-and-grand,Eighth & Grand,0-2161,,,2-bed,2 Bed,2,2,1109,3336,3336,3355,available_on,2026-10-10,,
2026-08-29T17:43:53.637Z,eighth-and-grand,Eighth & Grand,0-3028,,,1-bed,1 Bed,1,1,779,2741,2741,2760,available_on,2026-08-29,,
2026-08-29T17:43:53.637Z,eighth-and-grand,Eighth & Grand,0-3104,,,1-bed,1 Bed,1,1,802,2606,2606,2625,available_on,2026-09-28,,
2026-08-29T17:43:53.637Z,eighth-and-grand,Eighth & Grand,0-3136,,,1-bed,1 Bed,1,1,777,2281,2281,2300,available_on,2026-10-12,,
2026-08-29T17:43:53.637Z,eighth-and-grand,Eighth & Grand,0-4028,,,1-bed,1 Bed,1,1,779,2761,2761,2780,available_on,2026-10-09,,
2026-08-29T17:43:53.637Z,eighth-and-grand,Eighth & Grand,0-4071,,,1-bed,1 Bed,1,1,840,2386,2386,2405,available_on,2026-10-23,,
2026-08-29T17:43:53.637Z,eighth-and-grand,Eighth & Grand,0-4080,,,1-bed,1 Bed,1,1,777,2276,2276,2295,available_on,2026-09-29,,
2026-08-29T17:43:53.637Z,eighth-and-grand,Eighth & Grand,0-4108,,,studio,Studio,0,1,540,2305,2305,2324,available_on,2026-08-29,,
2026-08-29T17:43:53.637Z,eighth-and-grand,Eighth & Grand,0-4114,,,studio,Studio,0,1,520,2260,2260,2279,available_on,2026-10-15,,
2026-08-29T17:43:53.637Z,eighth-and-grand,Eighth & Grand,0-4131,,,1-bed,1 Bed,1,1,578,2408,2408,2427,available_on,2026-08-29,,
2026-08-29T17:43:53.637Z,eighth-and-grand,Eighth & Grand,0-4134,,,1-bed,1 Bed,1,1,777,2401,2401,2416,available_on,2026-10-04,,
2026-08-29T17:43:53.637Z,eighth-and-grand,Eighth & Grand,0-5005,,,1-bed,1 Bed,1,1,762,2831,2831,2850,available_on,2026-08-29,,
2026-08-29T17:43:53.637Z,eighth-and-grand,Eighth & Grand,0-5026,,,1-bed,1 Bed,1,1,779,2821,2821,2840,available_on,2026-08-29,,
2026-08-29T17:43:53.637Z,eighth-and-grand,Eighth & Grand,0-5029,,,1-bed,1 Bed,1,1,880,2806,2806,2825,available_on,2026-08-29,,
2026-08-29T17:43:53.637Z,eighth-and-grand,Eighth & Grand,0-5032,,,1-bed,1 Bed,1,1,779,2821,2821,2840,available_on,2026-08-29,,
2026-08-29T17:43:53.637Z,eighth-and-grand,Eighth & Grand,0-5034,,,2-bed,2 Bed,2,2,1046,3346,3346,3365,available_on,2026-08-29,,
2026-08-29T17:43:53.637Z,eighth-and-grand,Eighth & Grand,0-5035,,,1-bed,1 Bed,1,1,880,2831,2831,2850,available_on,2026-08-29,,
2026-08-29T17:43:53.637Z,eighth-and-grand,Eighth & Grand,0-5039,,,1-bed,1 Bed,1,1,762,2796,2796,2815,available_on,2026-08-29,,
2026-08-29T17:43:53.637Z,eighth-and-grand,Eighth & Grand,0-5046,,,1-bed,1 Bed,1,1,578,2503,2503,2522,available_on,2026-09-20,,
2026-08-29T17:43:53.637Z,eighth-and-grand,Eighth & Grand,0-5086,,,1-bed,1 Bed,1,1,777,2421,2421,2440,available_on,2026-10-06,,
2026-08-29T17:43:53.637Z,eighth-and-grand,Eighth & Grand,0-5094,,,1-bed,1 Bed,1,1,715,2671,2671,2690,available_on,2026-08-29,,
2026-08-29T17:43:53.637Z,eighth-and-grand,Eighth & Grand,0-5096,,,1-bed,1 Bed,1,1,584,2515,2515,2534,available_on,2026-08-30,,
2026-08-29T17:43:53.637Z,eighth-and-grand,Eighth & Grand,0-5153,,,2-bed,2 Bed,2,2,1278,3991,3991,4010,available_on,2026-09-23,,
2026-08-29T17:43:53.637Z,eighth-and-grand,Eighth & Grand,0-5162,,,studio,Studio,0,1,520,2270,2270,2289,available_on,2026-10-30,,
2026-08-29T17:43:53.637Z,eighth-and-grand,Eighth & Grand,0-6002,,,1-bed,1 Bed,1,1,639,2471,2471,2490,available_on,2026-08-29,,
2026-08-29T17:43:53.637Z,eighth-and-grand,Eighth & Grand,0-6011,,,1-bed,1 Bed,1,1,880,2781,2781,2800,available_on,2026-08-29,,
2026-08-29T17:43:53.637Z,eighth-and-grand,Eighth & Grand,0-6017,,,1-bed,1 Bed,1,1,880,2831,2831,2850,available_on,2026-08-29,,
2026-08-29T17:43:53.637Z,eighth-and-grand,Eighth & Grand,0-6032,,,1-bed,1 Bed,1,1,779,2871,2871,2890,available_on,2026-11-04,,
2026-08-29T17:43:53.637Z,eighth-and-grand,Eighth & Grand,0-6035,,,1-bed,1 Bed,1,1,762,2751,2751,2770,available_on,2026-09-04,,
2026-08-29T17:43:53.637Z,eighth-and-grand,Eighth & Grand,0-6057,,,2-bed,2 Bed,2,2,1211,3666,3666,3685,available_on,2026-09-06,,
2026-08-29T17:43:53.637Z,eighth-and-grand,Eighth & Grand,0-6066,,,1-bed,1 Bed,1,1,762,2746,2746,2765,available_on,2026-08-29,,
2026-08-29T17:43:53.637Z,eighth-and-grand,Eighth & Grand,0-6068,,,1-bed,1 Bed,1,1,579,2316,2316,2335,available_on,2026-09-18,,
2026-08-29T17:43:53.637Z,eighth-and-grand,Eighth & Grand,0-6094,,,1-bed,1 Bed,1,1,715,2796,2796,2815,available_on,2026-08-29,,
2026-08-29T17:43:53.637Z,eighth-and-grand,Eighth & Grand,0-6137,,,1-bed,1 Bed,1,1,578,2508,2508,2527,available_on,2026-09-10,,
2026-08-29T17:43:53.637Z,eighth-and-grand,Eighth & Grand,0-6149,,,studio,Studio,0,1,558,2400,2400,2419,available_on,2026-08-29,,
2026-08-29T17:43:53.637Z,eighth-and-grand,Eighth & Grand,0-6152,,,studio,Studio,0,1,540,2405,2405,2424,available_on,2026-11-01,,
2026-08-29T17:43:53.637Z,eighth-and-grand,Eighth & Grand,0-6154,,,studio,Studio,0,1,520,2320,2320,2339,available_on,2026-11-07,,
2026-08-29T17:43:53.637Z,eighth-and-grand,Eighth & Grand,0-6166,,,1-bed,1 Bed,1,1,822,2796,2796,2815,available_on,2026-09-28,,
2026-08-29T17:43:53.637Z,eighth-and-grand,Eighth & Grand,0-7024,,,1-bed,1 Bed,1,1,791,2651,2651,2670,available_on,2026-08-29,,
2026-08-29T17:43:53.637Z,eighth-and-grand,Eighth & Grand,0-7042,,,1-bed,1 Bed,1,1,578,2428,2428,2447,available_on,2026-08-29,,
2026-08-29T17:43:53.637Z,eighth-and-grand,Eighth & Grand,0-7066,,,1-bed,1 Bed,1,1,762,2796,2796,2815,available_on,2026-08-29,,
2026-08-29T17:43:53.637Z,eighth-and-grand,Eighth & Grand,0-7071,,,1-bed,1 Bed,1,1,840,2811,2811,2830,available_on,2026-09-07,,
2026-08-29T17:43:53.637Z,eighth-and-grand,Eighth & Grand,0-7082,,,1-bed,1 Bed,1,1,777,2626,2626,2645,available_on,2026-08-31,,
2026-08-29T17:43:53.637Z,eighth-and-grand,Eighth & Grand,0-7090,,,2-bed,2 Bed,2,1,976,3271,3271,3290,available_on,2026-08-29,,
2026-08-29T17:43:53.637Z,eighth-and-grand,Eighth & Grand,0-7096,,,1-bed,1 Bed,1,1,584,2581,2581,2600,available_on,2026-08-29,,
2026-08-29T17:43:53.637Z,eighth-and-grand,Eighth & Grand,0-7145,,,2-bed,2 Bed,2,2,1099,4111,4111,4130,available_on,2026-10-01,,
2026-08-29T17:43:53.637Z,eighth-and-grand,Eighth & Grand,0-7167,,,1-bed,1 Bed,1,1,578,2608,2608,2627,available_on,2026-10-08,,
2026-08-29T17:43:53.637Z,beaudry,Beaudry,B-0514,5,,1-bed,1 Bed,1,1,794,3952,3952,3968,available_on,2026-10-31,,
2026-08-29T17:43:53.637Z,beaudry,Beaudry,B-0814,8,,1-bed,1 Bed,1,1,802,3982,3982,3998,available_on,2026-11-06,,
2026-08-29T17:43:53.637Z,beaudry,Beaudry,B-1007,10,,studio,Studio,0,1,550,2660,2660,2676,available_on,2026-10-22,,
2026-08-29T17:43:53.637Z,beaudry,Beaudry,B-1014,10,,1-bed,1 Bed,1,1,802,4002,4002,4018,available_on,2026-09-12,,
2026-08-29T17:43:53.637Z,beaudry,Beaudry,B-1101,11,,1-bed,1 Bed,1,1.5,818,4481,4481,4497,available_on,2026-09-13,,
2026-08-29T17:43:53.637Z,beaudry,Beaudry,B-1104,11,,1-bed,1 Bed,1,1.5,875,3831,3831,3847,available_on,2026-10-27,,
2026-08-29T17:43:53.637Z,beaudry,Beaudry,B-1204,12,,1-bed,1 Bed,1,1.5,875,3896,3896,3912,available_on,2026-10-01,,
2026-08-29T17:43:53.637Z,beaudry,Beaudry,B-1401,14,,1-bed,1 Bed,1,1.5,818,4556,4556,4572,available_on,2026-09-29,,
2026-08-29T17:43:53.637Z,beaudry,Beaudry,B-1409,14,,1-bed,1 Bed,1,1,860,4807,4807,4823,available_on,2026-09-10,,
2026-08-29T17:43:53.637Z,beaudry,Beaudry,B-1502,15,,studio,Studio,0,1,539,2695,2695,2711,available_on,2026-10-07,,
2026-08-29T17:43:53.637Z,beaudry,Beaudry,B-1602,16,,studio,Studio,0,1,539,2705,2705,2721,available_on,2026-10-09,,
2026-08-29T17:43:53.637Z,beaudry,Beaudry,B-1804,18,,1-bed,1 Bed,1,1.5,875,3946,3946,3962,available_on,2026-09-21,,
2026-08-29T17:43:53.637Z,beaudry,Beaudry,B-1806,18,,1-bed,1 Bed,1,1,868,4187,4187,4203,available_on,2026-10-10,,
2026-08-29T17:43:53.637Z,beaudry,Beaudry,B-1904,19,,1-bed,1 Bed,1,1.5,891,3921,3921,3937,available_on,2026-09-18,,
2026-08-29T17:43:53.637Z,beaudry,Beaudry,B-2004,20,,1-bed,1 Bed,1,1.5,891,3931,3931,3947,available_on,2026-10-04,,
2026-08-29T17:43:53.637Z,beaudry,Beaudry,B-2009,20,,1-bed,1 Bed,1,1,860,4867,4867,4883,available_on,2026-09-24,,
2026-08-29T17:43:53.637Z,beaudry,Beaudry,B-2013,20,,2-bed,2 Bed,2,2,1192,5837,5837,5853,available_on,2026-09-16,,
2026-08-29T17:43:53.637Z,beaudry,Beaudry,B-2014,20,,1-bed,1 Bed,1,1,817,4142,4142,4158,available_on,2026-10-23,,
2026-08-29T17:43:53.637Z,beaudry,Beaudry,B-2101,21,,1-bed,1 Bed,1,1.5,818,4626,4626,4642,available_on,2026-09-18,,
2026-08-29T17:43:53.637Z,beaudry,Beaudry,B-2111,21,,studio,Studio,0,1,514,2585,2585,2601,available_on,2026-10-20,,
2026-08-29T17:43:53.637Z,beaudry,Beaudry,B-2114,21,,1-bed,1 Bed,1,1,817,4152,4152,4168,available_on,2026-09-21,,
2026-08-29T17:43:53.637Z,beaudry,Beaudry,B-2204,22,,1-bed,1 Bed,1,1.5,891,3951,3951,3967,available_on,2026-09-29,,
2026-08-29T17:43:53.637Z,beaudry,Beaudry,B-2313,23,,2-bed,2 Bed,2,2,1192,5867,5867,5883,available_on,2026-08-29,,
2026-08-29T17:43:53.637Z,beaudry,Beaudry,B-2413,24,,2-bed,2 Bed,2,2,1192,5877,5877,5893,available_on,2026-09-12,,
2026-08-29T17:43:53.637Z,beaudry,Beaudry,B-2415,24,,1-bed,1 Bed,1,1,568,2955,2955,2971,available_on,2026-10-08,,
2026-08-29T17:43:53.637Z,beaudry,Beaudry,B-2514,25,,1-bed,1 Bed,1,1,817,4192,4192,4208,available_on,2026-09-16,,
2026-08-29T17:43:53.637Z,beaudry,Beaudry,B-2805,28,,1-bed,1 Bed,1,1,939,4427,4427,4443,available_on,2026-10-01,,
2026-08-29T17:43:53.637Z,beaudry,Beaudry,B-2906,29,,1-bed,1 Bed,1,1,882,4322,4322,4338,available_on,2026-09-30,,
2026-08-29T17:43:53.637Z,beaudry,Beaudry,B-3005,30,,1-bed,1 Bed,1,1,939,4447,4447,4463,available_on,2026-09-27,,
2026-08-29T17:43:53.637Z,beaudry,Beaudry,B-3008,30,,2-bed,2 Bed,2,2,1200,6707,6707,6723,available_on,2026-09-01,,
2026-08-29T17:43:53.637Z,beaudry,Beaudry,B-3205,32,,1-bed,1 Bed,1,1,939,4467,4467,4483,available_on,2026-10-14,,
2026-08-29T17:43:53.637Z,beaudry,Beaudry,B-3310,33,,1-bed,1 Bed,1,1,594,2980,2980,2996,available_on,2026-10-08,,
2026-08-29T17:43:53.637Z,beaudry,Beaudry,B-3401,34,,1-bed,1 Bed,1,1.5,818,4756,4756,4772,available_on,2026-10-02,,
2026-08-29T17:43:53.637Z,beaudry,Beaudry,B-3406,34,,1-bed,1 Bed,1,1,882,4372,4372,4388,available_on,2026-10-16,,
2026-08-29T17:43:53.637Z,beaudry,Beaudry,B-3408,34,,2-bed,2 Bed,2,2,1200,6747,6747,6760,available_on,2026-10-08,,
2026-08-29T17:43:53.637Z,beaudry,Beaudry,B-3709,37,,1-bed,1 Bed,1,1,860,5212,5212,5228,available_on,2026-10-24,,
2026-08-29T17:43:53.637Z,beaudry,Beaudry,B-3713,37,,2-bed,2 Bed,2,2,1192,6032,6032,6048,available_on,2026-08-29,,
2026-08-29T17:43:53.637Z,beaudry,Beaudry,B-4002,40,,studio,Studio,0,1,539,2970,2970,2986,available_on,2026-10-22,,
2026-08-29T17:43:53.637Z,beaudry,Beaudry,B-4006,40,,1-bed,1 Bed,1,1,882,4457,4457,4473,available_on,2026-09-07,,
2026-08-29T17:43:53.637Z,beaudry,Beaudry,B-4105,41,,1-bed,1 Bed,1,1.5,1044,4461,4461,4477,available_on,2026-09-30,,
2026-08-29T17:43:53.637Z,beaudry,Beaudry,B-4303,43,,1-bed,1 Bed,1,1,627,3245,3245,3261,available_on,2026-10-11,,
2026-08-29T17:43:53.637Z,beaudry,Beaudry,B-4306,43,,1-bed,1 Bed,1,1,882,4487,4487,4503,available_on,2026-11-04,,
2026-08-29T17:43:53.637Z,beaudry,Beaudry,B-4413,44,,2-bed,2 Bed,2,2,1192,6102,6102,6118,available_on,2026-08-29,,
2026-08-29T17:43:53.637Z,beaudry,Beaudry,B-4504,45,,1-bed,1 Bed,1,1.5,1134,4821,4821,4837,available_on,2026-10-06,,
2026-08-29T17:43:53.637Z,beaudry,Beaudry,B-4507,45,,studio,Studio,0,1,550,3180,3180,3196,available_on,2026-10-08,,
2026-08-29T17:43:53.637Z,beaudry,Beaudry,B-4615,46,,1-bed,1 Bed,1,1,568,3200,3200,3216,available_on,2026-11-15,,
2026-08-29T17:43:53.637Z,beaudry,Beaudry,B-4704,47,,1-bed,1 Bed,1,1.5,1134,4841,4841,4857,available_on,2026-09-24,,
2026-08-29T17:43:53.637Z,beaudry,Beaudry,B-4707,47,,studio,Studio,0,1,550,3200,3200,3216,available_on,2026-10-17,,
2026-08-29T17:43:53.637Z,beaudry,Beaudry,B-4713,47,,2-bed,2 Bed,2,2,1192,6132,6132,6148,available_on,2026-11-03,,
2026-08-29T17:43:53.637Z,beaudry,Beaudry,B-4910,49,,1-bed,1 Bed,1,1.5,926,4355,4355,4371,available_on,2026-10-10,,
2026-08-29T17:43:53.637Z,beaudry,Beaudry,B-5002,50,,2-bed,2 Bed,2,2.5,1531,6580,6580,6596,available_on,2026-11-03,,
2026-08-29T17:43:53.637Z,beaudry,Beaudry,B-5209,52,,2-bed,2 Bed,2,2,1230,6295,6295,6311,available_on,2026-09-15,,
2026-08-29T17:43:53.637Z,beaudry,Beaudry,B-5405,54,,3-bed,3 Bed,3,2.5,1734,9063,9063,9079,available_on,2026-10-05,,
2026-08-29T17:43:53.637Z,beaudry,Beaudry,B-5607,56,,1-bed,1 Bed,1,1,1006,5610,5610,5626,available_on,2026-08-29,,
2026-08-29T17:43:53.637Z,circa-la,Circa LA,W3206,32,,1-bed,1 Bed,1,1,745,3358,3358,3408,available_on,2026-08-29,,
2026-08-29T17:43:53.637Z,circa-la,Circa LA,W3208,32,,1-bed,1 Bed,1,1,770,3636,3636,3686,available_on,2026-08-29,,
2026-08-29T17:43:53.637Z,circa-la,Circa LA,W2618,26,,1-bed,1 Bed,1,1,923,4069,4069,4119,available_on,2026-08-29,,
2026-08-29T17:43:53.637Z,circa-la,Circa LA,W2502,25,,1-bed,1 Bed,1,1,627,2908,2908,2958,available_on,2026-08-29,,
2026-08-29T17:43:53.637Z,circa-la,Circa LA,W2518,25,,1-bed,1 Bed,1,1,923,3814,3814,3864,available_on,2026-08-29,,
2026-08-29T17:43:53.637Z,circa-la,Circa LA,W2006,20,,1-bed,1 Bed,1,1,745,3388,3388,3438,available_on,2026-09-14,,
2026-08-29T17:43:53.637Z,circa-la,Circa LA,W1708,17,,1-bed,1 Bed,1,1,770,3327,3327,3377,available_on,2026-08-29,,
2026-08-29T17:43:53.637Z,circa-la,Circa LA,W1724,17,,2-bed,2 Bed,2,2,1463,4755,4755,4805,available_on,2026-10-28,,
2026-08-29T17:43:53.637Z,circa-la,Circa LA,W1624,16,,2-bed,2 Bed,2,2,1463,4747,4747,4797,available_on,2026-09-03,,
2026-08-29T17:43:53.637Z,circa-la,Circa LA,W1412,14,,2-bed,2 Bed,2,2.5,1762,5527,5527,5577,available_on,2026-09-26,,
2026-08-29T17:43:53.637Z,circa-la,Circa LA,W1120,11,,1-bed,1 Bed,1,1,927,3335,3335,3385,available_on,2026-09-18,,
2026-08-29T17:43:53.637Z,circa-la,Circa LA,W820,8,,1-bed,1 Bed,1,1,927,4007,4007,4057,available_on,2026-08-29,,
2026-08-29T17:43:53.637Z,circa-la,Circa LA,E3201,32,,1-bed,1 Bed,1,1,627,3114,3114,3164,available_on,2026-08-29,,
2026-08-29T17:43:53.637Z,circa-la,Circa LA,E3221,32,,1-bed,1 Bed,1,1,871,3707,3707,3757,available_on,2026-08-29,,
2026-08-29T17:43:53.637Z,circa-la,Circa LA,E2911,29,,2-bed,2 Bed,2,2.5,1762,5690,5690,5740,available_on,2026-08-29,,
2026-08-29T17:43:53.637Z,circa-la,Circa LA,E2917,29,,1-bed,1 Bed,1,1,923,3872,3872,3922,available_on,2026-09-10,,
2026-08-29T17:43:53.637Z,circa-la,Circa LA,E2921,29,,1-bed,1 Bed,1,1,871,3644,3644,3694,available_on,2026-10-04,,
2026-08-29T17:43:53.637Z,circa-la,Circa LA,E2501,25,,1-bed,1 Bed,1,1,627,2876,2876,2926,available_on,2026-09-17,,
2026-08-29T17:43:53.637Z,circa-la,Circa LA,E2411,24,,2-bed,2 Bed,2,2.5,1762,5527,5527,5577,available_on,2026-09-08,,
2026-08-29T17:43:53.637Z,circa-la,Circa LA,E2419,24,,1-bed,1 Bed,1,1,927,3530,3530,3580,available_on,2026-09-21,,
2026-08-29T17:43:53.637Z,circa-la,Circa LA,E2223,22,,2-bed,2 Bed,2,2,1463,4939,4939,4989,available_on,2026-08-29,,
2026-08-29T17:43:53.637Z,circa-la,Circa LA,E1813,18,,2-bed,2 Bed,2,2.5,1898,5978,5978,6028,available_on,2026-08-29,,
2026-08-29T17:43:53.637Z,circa-la,Circa LA,E1405,14,,1-bed,1 Bed,1,1,745,2941,2941,2991,available_on,2026-09-24,,
2026-08-29T17:43:53.637Z,circa-la,Circa LA,E1115,11,,1-bed,1 Bed,1,1,868,3269,3269,3319,available_on,2026-10-04,,
2026-08-29T17:43:53.637Z,circa-la,Circa LA,E3301,33,,3-bed,3 Bed,3,4.5,3984,19486,19486,19536,available_on,2026-08-29,,
2026-08-29T17:43:53.637Z,circa-la,Circa LA,E3309,33,,2-bed,2 Bed,2,2.5,2087,8874,8874,8924,available_on,2026-09-29,,
2026-08-29T17:43:53.637Z,circa-la,Circa LA,W3302,33,,3-bed,3 Bed,3,4.5,3842,22551,22551,22601,available_on,2026-08-29,,
2026-08-29T17:43:53.637Z,circa-la,Circa LA,W3312,33,,3-bed,3 Bed,3,3.5,2900,17028,17028,17078,available_on,2026-08-29,,
2026-08-29T17:43:53.637Z,circa-la,Circa LA,E3411,34,,3-bed,3 Bed,3,3.5,2878,12847,12847,12897,available_on,2026-08-29,,
2026-08-29T17:43:53.637Z,circa-la,Circa LA,W3402,34,,3-bed,3 Bed,3,4.5,3842,22643,22643,22693,available_on,2026-08-29,,
2026-08-29T17:43:53.637Z,circa-la,Circa LA,W3406,34,,2-bed,2 Bed,2,2,1338,7315,7315,7365,available_on,2026-09-01,,
2026-08-29T17:43:53.637Z,circa-la,Circa LA,E3501,35,,3-bed,3 Bed,3,4.5,3984,22435,22435,22485,available_on,2026-08-29,,
2026-08-29T17:43:53.637Z,circa-la,Circa LA,E3505,35,,2-bed,2 Bed,2,2,1338,6188,6188,6238,available_on,2026-08-29,,
2026-08-29T17:43:53.637Z,circa-la,Circa LA,E3511,35,,3-bed,3 Bed,3,3.5,2878,14850,14850,14900,available_on,2026-08-29,,
2026-08-29T17:43:53.637Z,circa-la,Circa LA,W3502,35,,3-bed,3 Bed,3,4.5,3842,23359,23359,23409,available_on,2026-08-29,,
2026-08-29T17:43:53.637Z,circa-la,Circa LA,W3508,35,,2-bed,2 Bed,2,2,1524,8045,8045,8095,available_on,2026-10-31,,
2026-08-29T17:43:53.637Z,circa-la,Circa LA,W3512,35,,3-bed,3 Bed,3,3.5,2900,17398,17398,17448,available_on,2026-08-29,,
2026-08-30T01:19:10.196Z,825-south-hill,825 South Hill,201,2,A2,2-bed-den,2 Bed + Den,2,,1090,3949,5062,,available,,29417540,2413008
2026-08-30T01:19:10.196Z,825-south-hill,825 South Hill,301,3,A2,2-bed-den,2 Bed + Den,2,,1090,3949,5062,,available,,29417543,2413008
2026-08-30T01:19:10.196Z,825-south-hill,825 South Hill,302,3,B,2-bed,2 Bed,2,,993,3894,4999,,available,,29417544,2413011
2026-08-30T01:19:10.196Z,825-south-hill,825 South Hill,607,6,TH2,townhomes,Townhomes,,,1385,5564,7488,,available,,29417562,2413022
2026-08-30T01:19:10.196Z,825-south-hill,825 South Hill,3012,30,K,1-bed,1 Bed,1,,670,3399,4329,,available_on,2026-10-12,29417188,2413027
2026-08-30T01:19:10.196Z,825-south-hill,825 South Hill,3412,34,K,1-bed,1 Bed,1,,670,3414,4367,,available,,29417189,2413027
2026-08-30T01:19:10.196Z,825-south-hill,825 South Hill,2901,29,K1,1-bed,1 Bed,1,,716,3414,4361,,available_on,2026-09-09,29417218,2413028
2026-08-30T01:19:10.196Z,825-south-hill,825 South Hill,1703,17,M,2-bed-den,2 Bed + Den,2,,1099,4203,5353,,available_on,2026-11-04,29417237,2413032
2026-08-30T01:19:10.196Z,825-south-hill,825 South Hill,3603,36,M,2-bed-den,2 Bed + Den,2,,1099,4513,5802,,available_on,2026-09-07,29417253,2413032
2026-08-30T01:19:10.196Z,825-south-hill,825 South Hill,1504,15,N,jr-2-bed,Jr. 2 Bed,2,,792,3223,4145,,available,,29417296,2413034
2026-08-30T01:19:10.196Z,825-south-hill,825 South Hill,2204,22,N,jr-2-bed,Jr. 2 Bed,2,,792,3308,4250,,available_on,2026-09-28,29417302,2413034
2026-08-30T01:19:10.196Z,825-south-hill,825 South Hill,3704,37,N,jr-2-bed,Jr. 2 Bed,2,,792,3548,4558,,available_on,2026-09-14,29417313,2413034
2026-08-30T01:19:10.196Z,825-south-hill,825 South Hill,4204,42,N,jr-2-bed,Jr. 2 Bed,2,,792,3668,4717,,available,,29417317,2413034
2026-08-30T01:19:10.196Z,825-south-hill,825 South Hill,1910,19,N1,jr-2-bed,Jr. 2 Bed,2,,807,3123,4012,,available_on,2026-09-11,29417327,2413035
2026-08-30T01:19:10.196Z,825-south-hill,825 South Hill,3610,36,N1,jr-2-bed,Jr. 2 Bed,2,,807,3433,4415,,available,,29417341,2413035
2026-08-30T01:19:10.196Z,825-south-hill,825 South Hill,4310,43,N1,jr-2-bed,Jr. 2 Bed,2,,807,3618,4637,,available_on,2026-10-07,29417348,2413035
2026-08-30T01:19:10.196Z,825-south-hill,825 South Hill,3902,39,O,1-bed,1 Bed,1,,538,3247,4112,,available_on,2026-10-10,29417415,2413037
2026-08-30T01:19:10.196Z,825-south-hill,825 South Hill,4602,46,O,1-bed,1 Bed,1,,538,3392,4281,,available_on,2026-11-07,29417390,2413037
2026-08-30T01:19:10.196Z,825-south-hill,825 South Hill,1107,11,O1,1-bed,1 Bed,1,,560,2902,3688,,available_on,2026-09-28,29417419,2413039
2026-08-30T01:19:10.196Z,825-south-hill,825 South Hill,2406,24,O3,1-bed,1 Bed,1,,562,3037,3846,,available_on,2026-10-02,29417461,2522879
2026-08-30T01:19:10.196Z,825-south-hill,825 South Hill,4706,47,SKY3,skyhomes,Skyhomes,,,1365,5807,7456,,available_on,2026-10-14,38827826,2413047
2026-08-30T01:19:10.196Z,atelier,Atelier,0707,7,,1-bed,1 Bed,1,1,778,3407,3407,3424,available_on,2026-10-22,,
2026-08-30T01:19:10.196Z,atelier,Atelier,1402,14,,1-bed,1 Bed,1,1,622,3457,3457,3474,available_on,2026-11-07,,
2026-08-30T01:19:10.196Z,atelier,Atelier,1407,14,,1-bed,1 Bed,1,1,778,3557,3557,3574,available_on,2026-10-07,,
2026-08-30T01:19:10.196Z,atelier,Atelier,1508,15,,1-bed,1 Bed,1,1,778,3572,3572,3589,available_on,2026-10-18,,
2026-08-30T01:19:10.196Z,atelier,Atelier,1905,19,,1-bed,1 Bed,1,1,778,3917,3917,3934,available_on,2026-09-15,,
2026-08-30T01:19:10.196Z,atelier,Atelier,2102,21,,1-bed,1 Bed,1,1,622,3672,3672,3685,available_on,2026-11-28,,
2026-08-30T01:19:10.196Z,atelier,Atelier,2312,23,,1-bed,1 Bed,1,1,685,3982,3982,3999,available_on,2026-10-08,,
2026-08-30T01:19:10.196Z,atelier,Atelier,2404,24,,1-bed,1 Bed,1,1,829,4277,4277,4294,available_on,2026-08-30,,
2026-08-30T01:19:10.196Z,atelier,Atelier,2411,24,,2-bed,2 Bed,2,2,1043,4631,4631,4648,available_on,2026-11-05,,
2026-08-30T01:19:10.196Z,atelier,Atelier,2414,24,,2-bed,2 Bed,2,2,975,4681,4681,4698,available_on,2026-09-07,,
2026-08-30T01:19:10.196Z,atelier,Atelier,2501,25,,2-bed,2 Bed,2,2.5,1377,6448,6448,6465,available_on,2026-08-31,,
2026-08-30T01:19:10.196Z,atelier,Atelier,2502,25,,2-bed,2 Bed,2,2.5,1514,7493,7493,7510,available_on,2026-09-03,,
2026-08-30T01:19:10.196Z,atelier,Atelier,2504,25,,1-bed,1 Bed,1,1,829,4297,4297,4314,available_on,2026-10-28,,
2026-08-30T01:19:10.196Z,atelier,Atelier,2602,26,,2-bed,2 Bed,2,2.5,1514,7513,7513,7530,available_on,2026-08-30,,
2026-08-30T01:19:10.196Z,atelier,Atelier,3001,30,,2-bed,2 Bed,2,2.5,1377,6638,6638,6655,available_on,2026-09-21,,
2026-08-30T01:19:10.196Z,atelier,Atelier,3106,31,,1-bed,1 Bed,1,1,778,4232,4232,4249,available_on,2026-08-30,,
2026-08-30T01:19:10.196Z,atelier,Atelier,3108,31,,1-bed,1 Bed,1,1,685,4322,4322,4339,available_on,2026-08-30,,
2026-08-30T01:19:10.196Z,atelier,Atelier,3110,31,,1-bed,1 Bed,1,1,685,4407,4407,4424,available_on,2026-08-30,,
2026-08-30T01:19:10.196Z,atelier,Atelier,3202,32,,2-bed,2 Bed,2,2.5,1514,7773,7773,7790,available_on,2026-09-25,,
2026-08-30T01:19:10.196Z,atelier,Atelier,3208,32,,1-bed,1 Bed,1,1,685,4392,4392,4409,available_on,2026-08-30,,
2026-08-30T01:19:10.196Z,atelier,Atelier,3210,32,,1-bed,1 Bed,1,1,685,4477,4477,4494,available_on,2026-08-30,,
2026-08-30T01:19:10.196Z,atelier,Atelier,PH01,,,2-bed,2 Bed,2,2.5,1470,8920,8920,8937,available_on,2026-08-30,,
2026-08-30T01:19:10.196Z,atelier,Atelier,PH08,,,3-bed,3 Bed,3,3,1731,9196,9196,9213,available_on,2026-08-30,,
2026-08-30T01:19:10.196Z,eighth-and-grand,Eighth & Grand,0-2017,,,1-bed,1 Bed,1,1,762,2421,2421,2440,available_on,2026-09-10,,
2026-08-30T01:19:10.196Z,eighth-and-grand,Eighth & Grand,0-2029,,,1-bed,1 Bed,1,1,762,2421,2421,2436,available_on,2026-09-04,,
2026-08-30T01:19:10.196Z,eighth-and-grand,Eighth & Grand,0-2034,,,2-bed,2 Bed,2,1,905,3037,3037,3056,available_on,2026-10-06,,
2026-08-30T01:19:10.196Z,eighth-and-grand,Eighth & Grand,0-2037,,,1-bed,1 Bed,1,1,762,2421,2421,2440,available_on,2026-09-15,,
2026-08-30T01:19:10.196Z,eighth-and-grand,Eighth & Grand,0-2041,,,1-bed,1 Bed,1,1,762,2421,2421,2440,available_on,2026-09-05,,
2026-08-30T01:19:10.196Z,eighth-and-grand,Eighth & Grand,0-2051,,,2-bed,2 Bed,2,2.5,1094,3786,3786,3805,available_on,2026-08-30,,
2026-08-30T01:19:10.196Z,eighth-and-grand,Eighth & Grand,0-2102,,,studio,Studio,0,1,527,2175,2175,2194,available_on,2026-10-17,,
2026-08-30T01:19:10.196Z,eighth-and-grand,Eighth & Grand,0-2110,,,studio,Studio,0,1,520,2120,2120,2139,available_on,2026-08-30,,
2026-08-30T01:19:10.196Z,eighth-and-grand,Eighth & Grand,0-2152,,,studio,Studio,0,1,540,2180,2180,2199,available_on,2026-10-16,,
2026-08-30T01:19:10.196Z,eighth-and-grand,Eighth & Grand,0-2161,,,2-bed,2 Bed,2,2,1109,3336,3336,3355,available_on,2026-10-10,,
2026-08-30T01:19:10.196Z,eighth-and-grand,Eighth & Grand,0-3028,,,1-bed,1 Bed,1,1,779,2741,2741,2760,available_on,2026-08-30,,
2026-08-30T01:19:10.196Z,eighth-and-grand,Eighth & Grand,0-3104,,,1-bed,1 Bed,1,1,802,2606,2606,2625,available_on,2026-09-28,,
2026-08-30T01:19:10.196Z,eighth-and-grand,Eighth & Grand,0-3136,,,1-bed,1 Bed,1,1,777,2281,2281,2300,available_on,2026-10-12,,
2026-08-30T01:19:10.196Z,eighth-and-grand,Eighth & Grand,0-4028,,,1-bed,1 Bed,1,1,779,2761,2761,2780,available_on,2026-10-09,,
2026-08-30T01:19:10.196Z,eighth-and-grand,Eighth & Grand,0-4071,,,1-bed,1 Bed,1,1,840,2386,2386,2405,available_on,2026-10-23,,
2026-08-30T01:19:10.196Z,eighth-and-grand,Eighth & Grand,0-4080,,,1-bed,1 Bed,1,1,777,2276,2276,2295,available_on,2026-09-29,,
2026-08-30T01:19:10.196Z,eighth-and-grand,Eighth & Grand,0-4108,,,studio,Studio,0,1,540,2305,2305,2324,available_on,2026-08-30,,
2026-08-30T01:19:10.196Z,eighth-and-grand,Eighth & Grand,0-4114,,,studio,Studio,0,1,520,2260,2260,2279,available_on,2026-10-15,,
2026-08-30T01:19:10.196Z,eighth-and-grand,Eighth & Grand,0-4131,,,1-bed,1 Bed,1,1,578,2408,2408,2427,available_on,2026-08-30,,
2026-08-30T01:19:10.196Z,eighth-and-grand,Eighth & Grand,0-4134,,,1-bed,1 Bed,1,1,777,2401,2401,2416,available_on,2026-10-04,,
2026-08-30T01:19:10.196Z,eighth-and-grand,Eighth & Grand,0-5005,,,1-bed,1 Bed,1,1,762,2831,2831,2850,available_on,2026-08-30,,
2026-08-30T01:19:10.196Z,eighth-and-grand,Eighth & Grand,0-5026,,,1-bed,1 Bed,1,1,779,2821,2821,2840,available_on,2026-08-30,,
2026-08-30T01:19:10.196Z,eighth-and-grand,Eighth & Grand,0-5029,,,1-bed,1 Bed,1,1,880,2806,2806,2825,available_on,2026-08-30,,
2026-08-30T01:19:10.196Z,eighth-and-grand,Eighth & Grand,0-5032,,,1-bed,1 Bed,1,1,779,2821,2821,2840,available_on,2026-08-30,,
2026-08-30T01:19:10.196Z,eighth-and-grand,Eighth & Grand,0-5034,,,2-bed,2 Bed,2,2,1046,3346,3346,3365,available_on,2026-08-30,,
2026-08-30T01:19:10.196Z,eighth-and-grand,Eighth & Grand,0-5035,,,1-bed,1 Bed,1,1,880,2831,2831,2850,available_on,2026-08-30,,
2026-08-30T01:19:10.196Z,eighth-and-grand,Eighth & Grand,0-5039,,,1-bed,1 Bed,1,1,762,2796,2796,2815,available_on,2026-08-30,,
2026-08-30T01:19:10.196Z,eighth-and-grand,Eighth & Grand,0-5046,,,1-bed,1 Bed,1,1,578,2503,2503,2522,available_on,2026-09-20,,
2026-08-30T01:19:10.196Z,eighth-and-grand,Eighth & Grand,0-5086,,,1-bed,1 Bed,1,1,777,2421,2421,2440,available_on,2026-10-06,,
2026-08-30T01:19:10.196Z,eighth-and-grand,Eighth & Grand,0-5094,,,1-bed,1 Bed,1,1,715,2671,2671,2690,available_on,2026-08-30,,
2026-08-30T01:19:10.196Z,eighth-and-grand,Eighth & Grand,0-5096,,,1-bed,1 Bed,1,1,584,2515,2515,2534,available_on,2026-08-30,,
2026-08-30T01:19:10.196Z,eighth-and-grand,Eighth & Grand,0-5153,,,2-bed,2 Bed,2,2,1278,3991,3991,4010,available_on,2026-09-23,,
2026-08-30T01:19:10.196Z,eighth-and-grand,Eighth & Grand,0-5162,,,studio,Studio,0,1,520,2270,2270,2289,available_on,2026-10-30,,
2026-08-30T01:19:10.196Z,eighth-and-grand,Eighth & Grand,0-6002,,,1-bed,1 Bed,1,1,639,2471,2471,2490,available_on,2026-08-30,,
2026-08-30T01:19:10.196Z,eighth-and-grand,Eighth & Grand,0-6011,,,1-bed,1 Bed,1,1,880,2781,2781,2800,available_on,2026-08-30,,
2026-08-30T01:19:10.196Z,eighth-and-grand,Eighth & Grand,0-6017,,,1-bed,1 Bed,1,1,880,2831,2831,2850,available_on,2026-08-30,,
2026-08-30T01:19:10.196Z,eighth-and-grand,Eighth & Grand,0-6032,,,1-bed,1 Bed,1,1,779,2871,2871,2890,available_on,2026-11-04,,
2026-08-30T01:19:10.196Z,eighth-and-grand,Eighth & Grand,0-6035,,,1-bed,1 Bed,1,1,762,2751,2751,2770,available_on,2026-09-04,,
2026-08-30T01:19:10.196Z,eighth-and-grand,Eighth & Grand,0-6057,,,2-bed,2 Bed,2,2,1211,3666,3666,3685,available_on,2026-09-06,,
2026-08-30T01:19:10.196Z,eighth-and-grand,Eighth & Grand,0-6066,,,1-bed,1 Bed,1,1,762,2746,2746,2765,available_on,2026-08-30,,
2026-08-30T01:19:10.196Z,eighth-and-grand,Eighth & Grand,0-6068,,,1-bed,1 Bed,1,1,579,2316,2316,2335,available_on,2026-09-18,,
2026-08-30T01:19:10.196Z,eighth-and-grand,Eighth & Grand,0-6094,,,1-bed,1 Bed,1,1,715,2796,2796,2815,available_on,2026-08-30,,
2026-08-30T01:19:10.196Z,eighth-and-grand,Eighth & Grand,0-6137,,,1-bed,1 Bed,1,1,578,2508,2508,2527,available_on,2026-09-10,,
2026-08-30T01:19:10.196Z,eighth-and-grand,Eighth & Grand,0-6149,,,studio,Studio,0,1,558,2400,2400,2419,available_on,2026-08-30,,
2026-08-30T01:19:10.196Z,eighth-and-grand,Eighth & Grand,0-6152,,,studio,Studio,0,1,540,2405,2405,2424,available_on,2026-11-01,,
2026-08-30T01:19:10.196Z,eighth-and-grand,Eighth & Grand,0-6154,,,studio,Studio,0,1,520,2320,2320,2339,available_on,2026-11-07,,
2026-08-30T01:19:10.196Z,eighth-and-grand,Eighth & Grand,0-6166,,,1-bed,1 Bed,1,1,822,2796,2796,2815,available_on,2026-09-28,,
2026-08-30T01:19:10.196Z,eighth-and-grand,Eighth & Grand,0-7024,,,1-bed,1 Bed,1,1,791,2651,2651,2670,available_on,2026-08-30,,
2026-08-30T01:19:10.196Z,eighth-and-grand,Eighth & Grand,0-7042,,,1-bed,1 Bed,1,1,578,2428,2428,2447,available_on,2026-08-30,,
2026-08-30T01:19:10.196Z,eighth-and-grand,Eighth & Grand,0-7066,,,1-bed,1 Bed,1,1,762,2796,2796,2815,available_on,2026-08-30,,
2026-08-30T01:19:10.196Z,eighth-and-grand,Eighth & Grand,0-7071,,,1-bed,1 Bed,1,1,840,2811,2811,2830,available_on,2026-09-07,,
2026-08-30T01:19:10.196Z,eighth-and-grand,Eighth & Grand,0-7082,,,1-bed,1 Bed,1,1,777,2626,2626,2645,available_on,2026-08-31,,
2026-08-30T01:19:10.196Z,eighth-and-grand,Eighth & Grand,0-7090,,,2-bed,2 Bed,2,1,976,3271,3271,3290,available_on,2026-08-30,,
2026-08-30T01:19:10.196Z,eighth-and-grand,Eighth & Grand,0-7096,,,1-bed,1 Bed,1,1,584,2581,2581,2600,available_on,2026-08-30,,
2026-08-30T01:19:10.196Z,eighth-and-grand,Eighth & Grand,0-7145,,,2-bed,2 Bed,2,2,1099,4111,4111,4130,available_on,2026-10-01,,
2026-08-30T01:19:10.196Z,eighth-and-grand,Eighth & Grand,0-7167,,,1-bed,1 Bed,1,1,578,2608,2608,2627,available_on,2026-10-08,,
2026-08-30T01:19:10.196Z,beaudry,Beaudry,B-0514,5,,1-bed,1 Bed,1,1,794,3952,3952,3968,available_on,2026-10-31,,
2026-08-30T01:19:10.196Z,beaudry,Beaudry,B-0814,8,,1-bed,1 Bed,1,1,802,3982,3982,3998,available_on,2026-11-06,,
2026-08-30T01:19:10.196Z,beaudry,Beaudry,B-1007,10,,studio,Studio,0,1,550,2660,2660,2676,available_on,2026-10-22,,
2026-08-30T01:19:10.196Z,beaudry,Beaudry,B-1014,10,,1-bed,1 Bed,1,1,802,4002,4002,4018,available_on,2026-09-12,,
2026-08-30T01:19:10.196Z,beaudry,Beaudry,B-1101,11,,1-bed,1 Bed,1,1.5,818,4481,4481,4497,available_on,2026-09-13,,
2026-08-30T01:19:10.196Z,beaudry,Beaudry,B-1104,11,,1-bed,1 Bed,1,1.5,875,3831,3831,3847,available_on,2026-10-27,,
2026-08-30T01:19:10.196Z,beaudry,Beaudry,B-1204,12,,1-bed,1 Bed,1,1.5,875,3896,3896,3912,available_on,2026-10-01,,
2026-08-30T01:19:10.196Z,beaudry,Beaudry,B-1401,14,,1-bed,1 Bed,1,1.5,818,4556,4556,4572,available_on,2026-09-29,,
2026-08-30T01:19:10.196Z,beaudry,Beaudry,B-1409,14,,1-bed,1 Bed,1,1,860,4807,4807,4823,available_on,2026-09-10,,
2026-08-30T01:19:10.196Z,beaudry,Beaudry,B-1502,15,,studio,Studio,0,1,539,2695,2695,2711,available_on,2026-10-07,,
2026-08-30T01:19:10.196Z,beaudry,Beaudry,B-1602,16,,studio,Studio,0,1,539,2705,2705,2721,available_on,2026-10-09,,
2026-08-30T01:19:10.196Z,beaudry,Beaudry,B-1804,18,,1-bed,1 Bed,1,1.5,875,3946,3946,3962,available_on,2026-09-21,,
2026-08-30T01:19:10.196Z,beaudry,Beaudry,B-1806,18,,1-bed,1 Bed,1,1,868,4187,4187,4203,available_on,2026-10-10,,
2026-08-30T01:19:10.196Z,beaudry,Beaudry,B-1904,19,,1-bed,1 Bed,1,1.5,891,3921,3921,3937,available_on,2026-09-18,,
2026-08-30T01:19:10.196Z,beaudry,Beaudry,B-2004,20,,1-bed,1 Bed,1,1.5,891,3931,3931,3947,available_on,2026-10-04,,
2026-08-30T01:19:10.196Z,beaudry,Beaudry,B-2009,20,,1-bed,1 Bed,1,1,860,4867,4867,4883,available_on,2026-09-24,,
2026-08-30T01:19:10.196Z,beaudry,Beaudry,B-2013,20,,2-bed,2 Bed,2,2,1192,5837,5837,5853,available_on,2026-09-16,,
2026-08-30T01:19:10.196Z,beaudry,Beaudry,B-2014,20,,1-bed,1 Bed,1,1,817,4142,4142,4158,available_on,2026-10-23,,
2026-08-30T01:19:10.196Z,beaudry,Beaudry,B-2101,21,,1-bed,1 Bed,1,1.5,818,4626,4626,4642,available_on,2026-09-18,,
2026-08-30T01:19:10.196Z,beaudry,Beaudry,B-2111,21,,studio,Studio,0,1,514,2585,2585,2601,available_on,2026-10-20,,
2026-08-30T01:19:10.196Z,beaudry,Beaudry,B-2114,21,,1-bed,1 Bed,1,1,817,4152,4152,4168,available_on,2026-09-21,,
2026-08-30T01:19:10.196Z,beaudry,Beaudry,B-2204,22,,1-bed,1 Bed,1,1.5,891,3951,3951,3967,available_on,2026-09-29,,
2026-08-30T01:19:10.196Z,beaudry,Beaudry,B-2313,23,,2-bed,2 Bed,2,2,1192,5867,5867,5883,available_on,2026-08-30,,
2026-08-30T01:19:10.196Z,beaudry,Beaudry,B-2413,24,,2-bed,2 Bed,2,2,1192,5877,5877,5893,available_on,2026-09-12,,
2026-08-30T01:19:10.196Z,beaudry,Beaudry,B-2415,24,,1-bed,1 Bed,1,1,568,2955,2955,2971,available_on,2026-10-08,,
2026-08-30T01:19:10.196Z,beaudry,Beaudry,B-2514,25,,1-bed,1 Bed,1,1,817,4192,4192,4208,available_on,2026-09-16,,
2026-08-30T01:19:10.196Z,beaudry,Beaudry,B-2805,28,,1-bed,1 Bed,1,1,939,4427,4427,4443,available_on,2026-10-01,,
2026-08-30T01:19:10.196Z,beaudry,Beaudry,B-2906,29,,1-bed,1 Bed,1,1,882,4322,4322,4338,available_on,2026-09-30,,
2026-08-30T01:19:10.196Z,beaudry,Beaudry,B-3005,30,,1-bed,1 Bed,1,1,939,4447,4447,4463,available_on,2026-09-27,,
2026-08-30T01:19:10.196Z,beaudry,Beaudry,B-3008,30,,2-bed,2 Bed,2,2,1200,6707,6707,6723,available_on,2026-09-01,,
2026-08-30T01:19:10.196Z,beaudry,Beaudry,B-3205,32,,1-bed,1 Bed,1,1,939,4467,4467,4483,available_on,2026-10-14,,
2026-08-30T01:19:10.196Z,beaudry,Beaudry,B-3310,33,,1-bed,1 Bed,1,1,594,2980,2980,2996,available_on,2026-10-08,,
2026-08-30T01:19:10.196Z,beaudry,Beaudry,B-3401,34,,1-bed,1 Bed,1,1.5,818,4756,4756,4772,available_on,2026-10-02,,
2026-08-30T01:19:10.196Z,beaudry,Beaudry,B-3406,34,,1-bed,1 Bed,1,1,882,4372,4372,4388,available_on,2026-10-16,,
2026-08-30T01:19:10.196Z,beaudry,Beaudry,B-3408,34,,2-bed,2 Bed,2,2,1200,6747,6747,6760,available_on,2026-10-08,,
2026-08-30T01:19:10.196Z,beaudry,Beaudry,B-3709,37,,1-bed,1 Bed,1,1,860,5212,5212,5228,available_on,2026-10-24,,
2026-08-30T01:19:10.196Z,beaudry,Beaudry,B-3713,37,,2-bed,2 Bed,2,2,1192,6032,6032,6048,available_on,2026-08-30,,
2026-08-30T01:19:10.196Z,beaudry,Beaudry,B-4002,40,,studio,Studio,0,1,539,2970,2970,2986,available_on,2026-10-22,,
2026-08-30T01:19:10.196Z,beaudry,Beaudry,B-4006,40,,1-bed,1 Bed,1,1,882,4457,4457,4473,available_on,2026-09-07,,
2026-08-30T01:19:10.196Z,beaudry,Beaudry,B-4105,41,,1-bed,1 Bed,1,1.5,1044,4461,4461,4477,available_on,2026-09-30,,
2026-08-30T01:19:10.196Z,beaudry,Beaudry,B-4303,43,,1-bed,1 Bed,1,1,627,3245,3245,3261,available_on,2026-10-11,,
2026-08-30T01:19:10.196Z,beaudry,Beaudry,B-4306,43,,1-bed,1 Bed,1,1,882,4487,4487,4503,available_on,2026-11-04,,
2026-08-30T01:19:10.196Z,beaudry,Beaudry,B-4413,44,,2-bed,2 Bed,2,2,1192,6102,6102,6118,available_on,2026-08-30,,
2026-08-30T01:19:10.196Z,beaudry,Beaudry,B-4504,45,,1-bed,1 Bed,1,1.5,1134,4821,4821,4837,available_on,2026-10-06,,
2026-08-30T01:19:10.196Z,beaudry,Beaudry,B-4507,45,,studio,Studio,0,1,550,3180,3180,3196,available_on,2026-10-08,,
2026-08-30T01:19:10.196Z,beaudry,Beaudry,B-4615,46,,1-bed,1 Bed,1,1,568,3200,3200,3216,available_on,2026-11-15,,
2026-08-30T01:19:10.196Z,beaudry,Beaudry,B-4704,47,,1-bed,1 Bed,1,1.5,1134,4841,4841,4857,available_on,2026-09-24,,
2026-08-30T01:19:10.196Z,beaudry,Beaudry,B-4707,47,,studio,Studio,0,1,550,3200,3200,3216,available_on,2026-10-17,,
2026-08-30T01:19:10.196Z,beaudry,Beaudry,B-4713,47,,2-bed,2 Bed,2,2,1192,6132,6132,6148,available_on,2026-11-03,,
2026-08-30T01:19:10.196Z,beaudry,Beaudry,B-4910,49,,1-bed,1 Bed,1,1.5,926,4355,4355,4371,available_on,2026-10-10,,
2026-08-30T01:19:10.196Z,beaudry,Beaudry,B-5002,50,,2-bed,2 Bed,2,2.5,1531,6580,6580,6596,available_on,2026-11-03,,
2026-08-30T01:19:10.196Z,beaudry,Beaudry,B-5209,52,,2-bed,2 Bed,2,2,1230,6295,6295,6311,available_on,2026-09-15,,
2026-08-30T01:19:10.196Z,beaudry,Beaudry,B-5405,54,,3-bed,3 Bed,3,2.5,1734,9063,9063,9079,available_on,2026-10-05,,
2026-08-30T01:19:10.196Z,beaudry,Beaudry,B-5607,56,,1-bed,1 Bed,1,1,1006,5610,5610,5626,available_on,2026-08-30,,
2026-08-30T01:19:10.196Z,circa-la,Circa LA,W3206,32,,1-bed,1 Bed,1,1,745,3358,3358,3408,available_on,2026-08-29,,
2026-08-30T01:19:10.196Z,circa-la,Circa LA,W3208,32,,1-bed,1 Bed,1,1,770,3636,3636,3686,available_on,2026-08-29,,
2026-08-30T01:19:10.196Z,circa-la,Circa LA,W2618,26,,1-bed,1 Bed,1,1,923,4069,4069,4119,available_on,2026-08-29,,
2026-08-30T01:19:10.196Z,circa-la,Circa LA,W2502,25,,1-bed,1 Bed,1,1,627,2908,2908,2958,available_on,2026-08-29,,
2026-08-30T01:19:10.196Z,circa-la,Circa LA,W2518,25,,1-bed,1 Bed,1,1,923,3814,3814,3864,available_on,2026-08-29,,
2026-08-30T01:19:10.196Z,circa-la,Circa LA,W2006,20,,1-bed,1 Bed,1,1,745,3388,3388,3438,available_on,2026-09-14,,
2026-08-30T01:19:10.196Z,circa-la,Circa LA,W1708,17,,1-bed,1 Bed,1,1,770,3327,3327,3377,available_on,2026-08-29,,
2026-08-30T01:19:10.196Z,circa-la,Circa LA,W1724,17,,2-bed,2 Bed,2,2,1463,4755,4755,4805,available_on,2026-10-28,,
2026-08-30T01:19:10.196Z,circa-la,Circa LA,W1624,16,,2-bed,2 Bed,2,2,1463,4747,4747,4797,available_on,2026-09-03,,
2026-08-30T01:19:10.196Z,circa-la,Circa LA,W1412,14,,2-bed,2 Bed,2,2.5,1762,5527,5527,5577,available_on,2026-09-26,,
2026-08-30T01:19:10.196Z,circa-la,Circa LA,W1120,11,,1-bed,1 Bed,1,1,927,3335,3335,3385,available_on,2026-09-18,,
2026-08-30T01:19:10.196Z,circa-la,Circa LA,W820,8,,1-bed,1 Bed,1,1,927,4007,4007,4057,available_on,2026-08-29,,
2026-08-30T01:19:10.196Z,circa-la,Circa LA,E3201,32,,1-bed,1 Bed,1,1,627,3114,3114,3164,available_on,2026-08-29,,
2026-08-30T01:19:10.196Z,circa-la,Circa LA,E3221,32,,1-bed,1 Bed,1,1,871,3707,3707,3757,available_on,2026-08-29,,
2026-08-30T01:19:10.196Z,circa-la,Circa LA,E2911,29,,2-bed,2 Bed,2,2.5,1762,5690,5690,5740,available_on,2026-08-29,,
2026-08-30T01:19:10.196Z,circa-la,Circa LA,E2917,29,,1-bed,1 Bed,1,1,923,3872,3872,3922,available_on,2026-09-10,,
2026-08-30T01:19:10.196Z,circa-la,Circa LA,E2921,29,,1-bed,1 Bed,1,1,871,3644,3644,3694,available_on,2026-10-04,,
2026-08-30T01:19:10.196Z,circa-la,Circa LA,E2501,25,,1-bed,1 Bed,1,1,627,2876,2876,2926,available_on,2026-09-17,,
2026-08-30T01:19:10.196Z,circa-la,Circa LA,E2411,24,,2-bed,2 Bed,2,2.5,1762,5527,5527,5577,available_on,2026-09-08,,
2026-08-30T01:19:10.196Z,circa-la,Circa LA,E2419,24,,1-bed,1 Bed,1,1,927,3530,3530,3580,available_on,2026-09-21,,
2026-08-30T01:19:10.196Z,circa-la,Circa LA,E2223,22,,2-bed,2 Bed,2,2,1463,4939,4939,4989,available_on,2026-08-29,,
2026-08-30T01:19:10.196Z,circa-la,Circa LA,E1813,18,,2-bed,2 Bed,2,2.5,1898,5978,5978,6028,available_on,2026-08-29,,
2026-08-30T01:19:10.196Z,circa-la,Circa LA,E1405,14,,1-bed,1 Bed,1,1,745,2941,2941,2991,available_on,2026-09-24,,
2026-08-30T01:19:10.196Z,circa-la,Circa LA,E1421,14,,1-bed,1 Bed,1,1,871,3269,3269,3319,available_on,2026-09-07,,
2026-08-30T01:19:10.196Z,circa-la,Circa LA,E1115,11,,1-bed,1 Bed,1,1,868,3269,3269,3319,available_on,2026-10-04,,
2026-08-30T01:19:10.196Z,circa-la,Circa LA,E3301,33,,3-bed,3 Bed,3,4.5,3984,19486,19486,19536,available_on,2026-08-29,,
2026-08-30T01:19:10.196Z,circa-la,Circa LA,E3309,33,,2-bed,2 Bed,2,2.5,2087,8874,8874,8924,available_on,2026-09-29,,
2026-08-30T01:19:10.196Z,circa-la,Circa LA,W3302,33,,3-bed,3 Bed,3,4.5,3842,22551,22551,22601,available_on,2026-08-29,,
2026-08-30T01:19:10.196Z,circa-la,Circa LA,W3312,33,,3-bed,3 Bed,3,3.5,2900,17028,17028,17078,available_on,2026-08-29,,
2026-08-30T01:19:10.196Z,circa-la,Circa LA,E3411,34,,3-bed,3 Bed,3,3.5,2878,12847,12847,12897,available_on,2026-08-29,,
2026-08-30T01:19:10.196Z,circa-la,Circa LA,W3402,34,,3-bed,3 Bed,3,4.5,3842,22643,22643,22693,available_on,2026-08-29,,
2026-08-30T01:19:10.196Z,circa-la,Circa LA,W3406,34,,2-bed,2 Bed,2,2,1338,7315,7315,7365,available_on,2026-09-01,,
2026-08-30T01:19:10.196Z,circa-la,Circa LA,E3501,35,,3-bed,3 Bed,3,4.5,3984,22435,22435,22485,available_on,2026-08-29,,
2026-08-30T01:19:10.196Z,circa-la,Circa LA,E3505,35,,2-bed,2 Bed,2,2,1338,6188,6188,6238,available_on,2026-08-29,,
2026-08-30T01:19:10.196Z,circa-la,Circa LA,E3511,35,,3-bed,3 Bed,3,3.5,2878,14850,14850,14900,available_on,2026-08-29,,
2026-08-30T01:19:10.196Z,circa-la,Circa LA,W3502,35,,3-bed,3 Bed,3,4.5,3842,23359,23359,23409,available_on,2026-08-29,,
2026-08-30T01:19:10.196Z,circa-la,Circa LA,W3508,35,,2-bed,2 Bed,2,2,1524,8045,8045,8095,available_on,2026-10-31,,
2026-08-30T01:19:10.196Z,circa-la,Circa LA,W3512,35,,3-bed,3 Bed,3,3.5,2900,17398,17398,17448,available_on,2026-08-29,,
2026-08-30T18:04:23.517Z,825-south-hill,825 South Hill,201,2,A2,2-bed-den,2 Bed + Den,2,,1090,3949,5062,,available,,29417540,2413008
2026-08-30T18:04:23.517Z,825-south-hill,825 South Hill,301,3,A2,2-bed-den,2 Bed + Den,2,,1090,3949,5062,,available,,29417543,2413008
2026-08-30T18:04:23.517Z,825-south-hill,825 South Hill,302,3,B,2-bed,2 Bed,2,,993,3894,4999,,available,,29417544,2413011
2026-08-30T18:04:23.517Z,825-south-hill,825 South Hill,607,6,TH2,townhomes,Townhomes,,,1385,5564,7488,,available,,29417562,2413022
2026-08-30T18:04:23.517Z,825-south-hill,825 South Hill,3012,30,K,1-bed,1 Bed,1,,670,3399,4329,,available_on,2026-10-12,29417188,2413027
2026-08-30T18:04:23.517Z,825-south-hill,825 South Hill,3412,34,K,1-bed,1 Bed,1,,670,3414,4367,,available,,29417189,2413027
2026-08-30T18:04:23.517Z,825-south-hill,825 South Hill,2901,29,K1,1-bed,1 Bed,1,,716,3414,4361,,available_on,2026-09-09,29417218,2413028
2026-08-30T18:04:23.517Z,825-south-hill,825 South Hill,1703,17,M,2-bed-den,2 Bed + Den,2,,1099,4203,5353,,available_on,2026-11-04,29417237,2413032
2026-08-30T18:04:23.517Z,825-south-hill,825 South Hill,3603,36,M,2-bed-den,2 Bed + Den,2,,1099,4513,5802,,available_on,2026-09-07,29417253,2413032
2026-08-30T18:04:23.517Z,825-south-hill,825 South Hill,1504,15,N,jr-2-bed,Jr. 2 Bed,2,,792,3223,4145,,available,,29417296,2413034
2026-08-30T18:04:23.517Z,825-south-hill,825 South Hill,2204,22,N,jr-2-bed,Jr. 2 Bed,2,,792,3308,4250,,available_on,2026-09-28,29417302,2413034
2026-08-30T18:04:23.517Z,825-south-hill,825 South Hill,3704,37,N,jr-2-bed,Jr. 2 Bed,2,,792,3548,4558,,available_on,2026-09-14,29417313,2413034
2026-08-30T18:04:23.517Z,825-south-hill,825 South Hill,4204,42,N,jr-2-bed,Jr. 2 Bed,2,,792,3668,4717,,available,,29417317,2413034
2026-08-30T18:04:23.517Z,825-south-hill,825 South Hill,1910,19,N1,jr-2-bed,Jr. 2 Bed,2,,807,3123,4012,,available_on,2026-09-11,29417327,2413035
2026-08-30T18:04:23.517Z,825-south-hill,825 South Hill,3610,36,N1,jr-2-bed,Jr. 2 Bed,2,,807,3433,4415,,available,,29417341,2413035
2026-08-30T18:04:23.517Z,825-south-hill,825 South Hill,4310,43,N1,jr-2-bed,Jr. 2 Bed,2,,807,3618,4637,,available_on,2026-10-07,29417348,2413035
2026-08-30T18:04:23.517Z,825-south-hill,825 South Hill,3902,39,O,1-bed,1 Bed,1,,538,3247,4112,,available_on,2026-10-10,29417415,2413037
2026-08-30T18:04:23.517Z,825-south-hill,825 South Hill,4602,46,O,1-bed,1 Bed,1,,538,3392,4281,,available_on,2026-11-07,29417390,2413037
2026-08-30T18:04:23.517Z,825-south-hill,825 South Hill,1107,11,O1,1-bed,1 Bed,1,,560,2902,3688,,available_on,2026-09-28,29417419,2413039
2026-08-30T18:04:23.517Z,825-south-hill,825 South Hill,2406,24,O3,1-bed,1 Bed,1,,562,3037,3846,,available_on,2026-10-02,29417461,2522879
2026-08-30T18:04:23.517Z,825-south-hill,825 South Hill,4706,47,SKY3,skyhomes,Skyhomes,,,1365,5807,7456,,available_on,2026-10-14,38827826,2413047
2026-08-30T18:04:23.517Z,atelier,Atelier,0707,7,,1-bed,1 Bed,1,1,778,3399,3399,3416,available_on,2026-10-22,,
2026-08-30T18:04:23.517Z,atelier,Atelier,1402,14,,1-bed,1 Bed,1,1,622,3449,3449,3466,available_on,2026-11-07,,
2026-08-30T18:04:23.517Z,atelier,Atelier,1407,14,,1-bed,1 Bed,1,1,778,3549,3549,3566,available_on,2026-10-07,,
2026-08-30T18:04:23.517Z,atelier,Atelier,1508,15,,1-bed,1 Bed,1,1,778,3564,3564,3581,available_on,2026-10-18,,
2026-08-30T18:04:23.517Z,atelier,Atelier,1905,19,,1-bed,1 Bed,1,1,778,3909,3909,3926,available_on,2026-09-15,,
2026-08-30T18:04:23.517Z,atelier,Atelier,2102,21,,1-bed,1 Bed,1,1,622,3664,3664,3677,available_on,2026-11-28,,
2026-08-30T18:04:23.517Z,atelier,Atelier,2312,23,,1-bed,1 Bed,1,1,685,3974,3974,3991,available_on,2026-10-08,,
2026-08-30T18:04:23.517Z,atelier,Atelier,2404,24,,1-bed,1 Bed,1,1,829,4269,4269,4286,available_on,2026-08-30,,
2026-08-30T18:04:23.517Z,atelier,Atelier,2411,24,,2-bed,2 Bed,2,2,1043,4642,4642,4659,available_on,2026-11-05,,
2026-08-30T18:04:23.517Z,atelier,Atelier,2414,24,,2-bed,2 Bed,2,2,975,4692,4692,4709,available_on,2026-09-07,,
2026-08-30T18:04:23.517Z,atelier,Atelier,2501,25,,2-bed,2 Bed,2,2.5,1377,6459,6459,6476,available_on,2026-08-31,,
2026-08-30T18:04:23.517Z,atelier,Atelier,2502,25,,2-bed,2 Bed,2,2.5,1514,7504,7504,7521,available_on,2026-09-03,,
2026-08-30T18:04:23.517Z,atelier,Atelier,2504,25,,1-bed,1 Bed,1,1,829,4289,4289,4306,available_on,2026-10-28,,
2026-08-30T18:04:23.517Z,atelier,Atelier,2602,26,,2-bed,2 Bed,2,2.5,1514,7524,7524,7541,available_on,2026-08-30,,
2026-08-30T18:04:23.517Z,atelier,Atelier,3001,30,,2-bed,2 Bed,2,2.5,1377,6649,6649,6666,available_on,2026-09-21,,
2026-08-30T18:04:23.517Z,atelier,Atelier,3106,31,,1-bed,1 Bed,1,1,778,4224,4224,4241,available_on,2026-08-30,,
2026-08-30T18:04:23.517Z,atelier,Atelier,3108,31,,1-bed,1 Bed,1,1,685,4314,4314,4331,available_on,2026-08-30,,
2026-08-30T18:04:23.517Z,atelier,Atelier,3110,31,,1-bed,1 Bed,1,1,685,4399,4399,4416,available_on,2026-08-30,,
2026-08-30T18:04:23.517Z,atelier,Atelier,3202,32,,2-bed,2 Bed,2,2.5,1514,7784,7784,7801,available_on,2026-09-25,,
2026-08-30T18:04:23.517Z,atelier,Atelier,3208,32,,1-bed,1 Bed,1,1,685,4384,4384,4401,available_on,2026-08-30,,
2026-08-30T18:04:23.517Z,atelier,Atelier,3210,32,,1-bed,1 Bed,1,1,685,4469,4469,4486,available_on,2026-08-30,,
2026-08-30T18:04:23.517Z,atelier,Atelier,PH01,,,2-bed,2 Bed,2,2.5,1470,8931,8931,8948,available_on,2026-08-30,,
2026-08-30T18:04:23.517Z,atelier,Atelier,PH08,,,3-bed,3 Bed,3,3,1731,9207,9207,9224,available_on,2026-08-30,,
2026-08-30T18:04:23.517Z,eighth-and-grand,Eighth & Grand,0-2017,,,1-bed,1 Bed,1,1,762,2412,2412,2431,available_on,2026-09-10,,
2026-08-30T18:04:23.517Z,eighth-and-grand,Eighth & Grand,0-2029,,,1-bed,1 Bed,1,1,762,2412,2412,2427,available_on,2026-09-04,,
2026-08-30T18:04:23.517Z,eighth-and-grand,Eighth & Grand,0-2034,,,2-bed,2 Bed,2,1,905,3039,3039,3058,available_on,2026-10-06,,
2026-08-30T18:04:23.517Z,eighth-and-grand,Eighth & Grand,0-2037,,,1-bed,1 Bed,1,1,762,2412,2412,2431,available_on,2026-09-15,,
2026-08-30T18:04:23.517Z,eighth-and-grand,Eighth & Grand,0-2041,,,1-bed,1 Bed,1,1,762,2412,2412,2431,available_on,2026-09-05,,
2026-08-30T18:04:23.517Z,eighth-and-grand,Eighth & Grand,0-2051,,,2-bed,2 Bed,2,2.5,1094,3788,3788,3807,available_on,2026-08-30,,
2026-08-30T18:04:23.517Z,eighth-and-grand,Eighth & Grand,0-2102,,,studio,Studio,0,1,527,2176,2176,2195,available_on,2026-10-17,,
2026-08-30T18:04:23.517Z,eighth-and-grand,Eighth & Grand,0-2110,,,studio,Studio,0,1,520,2121,2121,2140,available_on,2026-08-30,,
2026-08-30T18:04:23.517Z,eighth-and-grand,Eighth & Grand,0-2152,,,studio,Studio,0,1,540,2181,2181,2200,available_on,2026-10-16,,
2026-08-30T18:04:23.517Z,eighth-and-grand,Eighth & Grand,0-2161,,,2-bed,2 Bed,2,2,1109,3338,3338,3357,available_on,2026-10-10,,
2026-08-30T18:04:23.517Z,eighth-and-grand,Eighth & Grand,0-3028,,,1-bed,1 Bed,1,1,779,2732,2732,2751,available_on,2026-08-30,,
2026-08-30T18:04:23.517Z,eighth-and-grand,Eighth & Grand,0-3104,,,1-bed,1 Bed,1,1,802,2597,2597,2616,available_on,2026-09-28,,
2026-08-30T18:04:23.517Z,eighth-and-grand,Eighth & Grand,0-3136,,,1-bed,1 Bed,1,1,777,2272,2272,2291,available_on,2026-10-12,,
2026-08-30T18:04:23.517Z,eighth-and-grand,Eighth & Grand,0-4028,,,1-bed,1 Bed,1,1,779,2752,2752,2771,available_on,2026-10-09,,
2026-08-30T18:04:23.517Z,eighth-and-grand,Eighth & Grand,0-4071,,,1-bed,1 Bed,1,1,840,2377,2377,2396,available_on,2026-10-23,,
2026-08-30T18:04:23.517Z,eighth-and-grand,Eighth & Grand,0-4080,,,1-bed,1 Bed,1,1,777,2267,2267,2286,available_on,2026-09-29,,
2026-08-30T18:04:23.517Z,eighth-and-grand,Eighth & Grand,0-4108,,,studio,Studio,0,1,540,2306,2306,2325,available_on,2026-08-30,,
2026-08-30T18:04:23.517Z,eighth-and-grand,Eighth & Grand,0-4114,,,studio,Studio,0,1,520,2261,2261,2280,available_on,2026-10-15,,
2026-08-30T18:04:23.517Z,eighth-and-grand,Eighth & Grand,0-4131,,,1-bed,1 Bed,1,1,578,2418,2418,2437,available_on,2026-08-30,,
2026-08-30T18:04:23.517Z,eighth-and-grand,Eighth & Grand,0-4134,,,1-bed,1 Bed,1,1,777,2392,2392,2407,available_on,2026-10-04,,
2026-08-30T18:04:23.517Z,eighth-and-grand,Eighth & Grand,0-5005,,,1-bed,1 Bed,1,1,762,2822,2822,2841,available_on,2026-08-30,,
2026-08-30T18:04:23.517Z,eighth-and-grand,Eighth & Grand,0-5026,,,1-bed,1 Bed,1,1,779,2812,2812,2831,available_on,2026-08-30,,
2026-08-30T18:04:23.517Z,eighth-and-grand,Eighth & Grand,0-5029,,,1-bed,1 Bed,1,1,880,2797,2797,2816,available_on,2026-08-30,,
2026-08-30T18:04:23.517Z,eighth-and-grand,Eighth & Grand,0-5032,,,1-bed,1 Bed,1,1,779,2812,2812,2831,available_on,2026-08-30,,
2026-08-30T18:04:23.517Z,eighth-and-grand,Eighth & Grand,0-5034,,,2-bed,2 Bed,2,2,1046,3348,3348,3367,available_on,2026-08-30,,
2026-08-30T18:04:23.517Z,eighth-and-grand,Eighth & Grand,0-5035,,,1-bed,1 Bed,1,1,880,2822,2822,2841,available_on,2026-08-30,,
2026-08-30T18:04:23.517Z,eighth-and-grand,Eighth & Grand,0-5039,,,1-bed,1 Bed,1,1,762,2787,2787,2806,available_on,2026-08-30,,
2026-08-30T18:04:23.517Z,eighth-and-grand,Eighth & Grand,0-5046,,,1-bed,1 Bed,1,1,578,2513,2513,2532,available_on,2026-09-20,,
2026-08-30T18:04:23.517Z,eighth-and-grand,Eighth & Grand,0-5086,,,1-bed,1 Bed,1,1,777,2412,2412,2431,available_on,2026-10-06,,
2026-08-30T18:04:23.517Z,eighth-and-grand,Eighth & Grand,0-5094,,,1-bed,1 Bed,1,1,715,2662,2662,2681,available_on,2026-08-30,,
2026-08-30T18:04:23.517Z,eighth-and-grand,Eighth & Grand,0-5096,,,1-bed,1 Bed,1,1,584,2497,2497,2516,available_on,2026-08-30,,
2026-08-30T18:04:23.517Z,eighth-and-grand,Eighth & Grand,0-5153,,,2-bed,2 Bed,2,2,1278,3993,3993,4012,available_on,2026-09-23,,
2026-08-30T18:04:23.517Z,eighth-and-grand,Eighth & Grand,0-5162,,,studio,Studio,0,1,520,2271,2271,2290,available_on,2026-10-30,,
2026-08-30T18:04:23.517Z,eighth-and-grand,Eighth & Grand,0-6002,,,1-bed,1 Bed,1,1,639,2462,2462,2481,available_on,2026-08-30,,
2026-08-30T18:04:23.517Z,eighth-and-grand,Eighth & Grand,0-6011,,,1-bed,1 Bed,1,1,880,2772,2772,2791,available_on,2026-08-30,,
2026-08-30T18:04:23.517Z,eighth-and-grand,Eighth & Grand,0-6017,,,1-bed,1 Bed,1,1,880,2822,2822,2841,available_on,2026-08-30,,
2026-08-30T18:04:23.517Z,eighth-and-grand,Eighth & Grand,0-6032,,,1-bed,1 Bed,1,1,779,2862,2862,2881,available_on,2026-11-04,,
2026-08-30T18:04:23.517Z,eighth-and-grand,Eighth & Grand,0-6035,,,1-bed,1 Bed,1,1,762,2742,2742,2761,available_on,2026-09-04,,
2026-08-30T18:04:23.517Z,eighth-and-grand,Eighth & Grand,0-6057,,,2-bed,2 Bed,2,2,1211,3668,3668,3687,available_on,2026-09-06,,
2026-08-30T18:04:23.517Z,eighth-and-grand,Eighth & Grand,0-6066,,,1-bed,1 Bed,1,1,762,2737,2737,2756,available_on,2026-08-30,,
2026-08-30T18:04:23.517Z,eighth-and-grand,Eighth & Grand,0-6068,,,1-bed,1 Bed,1,1,579,2307,2307,2326,available_on,2026-09-18,,
2026-08-30T18:04:23.517Z,eighth-and-grand,Eighth & Grand,0-6094,,,1-bed,1 Bed,1,1,715,2787,2787,2806,available_on,2026-08-30,,
2026-08-30T18:04:23.517Z,eighth-and-grand,Eighth & Grand,0-6137,,,1-bed,1 Bed,1,1,578,2518,2518,2537,available_on,2026-09-10,,
2026-08-30T18:04:23.517Z,eighth-and-grand,Eighth & Grand,0-6149,,,studio,Studio,0,1,558,2401,2401,2420,available_on,2026-08-30,,
2026-08-30T18:04:23.517Z,eighth-and-grand,Eighth & Grand,0-6152,,,studio,Studio,0,1,540,2406,2406,2425,available_on,2026-11-01,,
2026-08-30T18:04:23.517Z,eighth-and-grand,Eighth & Grand,0-6154,,,studio,Studio,0,1,520,2321,2321,2340,available_on,2026-11-07,,
2026-08-30T18:04:23.517Z,eighth-and-grand,Eighth & Grand,0-6166,,,1-bed,1 Bed,1,1,822,2787,2787,2806,available_on,2026-09-28,,
2026-08-30T18:04:23.517Z,eighth-and-grand,Eighth & Grand,0-7024,,,1-bed,1 Bed,1,1,791,2642,2642,2661,available_on,2026-08-30,,
2026-08-30T18:04:23.517Z,eighth-and-grand,Eighth & Grand,0-7042,,,1-bed,1 Bed,1,1,578,2438,2438,2457,available_on,2026-08-30,,
2026-08-30T18:04:23.517Z,eighth-and-grand,Eighth & Grand,0-7066,,,1-bed,1 Bed,1,1,762,2787,2787,2806,available_on,2026-08-30,,
2026-08-30T18:04:23.517Z,eighth-and-grand,Eighth & Grand,0-7071,,,1-bed,1 Bed,1,1,840,2802,2802,2821,available_on,2026-09-07,,
2026-08-30T18:04:23.517Z,eighth-and-grand,Eighth & Grand,0-7082,,,1-bed,1 Bed,1,1,777,2626,2626,2645,available_on,2026-08-31,,
2026-08-30T18:04:23.517Z,eighth-and-grand,Eighth & Grand,0-7090,,,2-bed,2 Bed,2,1,976,3273,3273,3292,available_on,2026-08-30,,
2026-08-30T18:04:23.517Z,eighth-and-grand,Eighth & Grand,0-7096,,,1-bed,1 Bed,1,1,584,2572,2572,2591,available_on,2026-08-30,,
2026-08-30T18:04:23.517Z,eighth-and-grand,Eighth & Grand,0-7145,,,2-bed,2 Bed,2,2,1099,4113,4113,4132,available_on,2026-10-01,,
2026-08-30T18:04:23.517Z,eighth-and-grand,Eighth & Grand,0-7167,,,1-bed,1 Bed,1,1,578,2618,2618,2637,available_on,2026-10-07,,
2026-08-30T18:04:23.517Z,beaudry,Beaudry,B-0514,5,,1-bed,1 Bed,1,1,794,3939,3939,3955,available_on,2026-10-31,,
2026-08-30T18:04:23.517Z,beaudry,Beaudry,B-0814,8,,1-bed,1 Bed,1,1,802,3969,3969,3985,available_on,2026-11-06,,
2026-08-30T18:04:23.517Z,beaudry,Beaudry,B-1007,10,,studio,Studio,0,1,550,2660,2660,2676,available_on,2026-10-22,,
2026-08-30T18:04:23.517Z,beaudry,Beaudry,B-1014,10,,1-bed,1 Bed,1,1,802,3989,3989,4005,available_on,2026-09-12,,
2026-08-30T18:04:23.517Z,beaudry,Beaudry,B-1101,11,,1-bed,1 Bed,1,1.5,818,4470,4470,4486,available_on,2026-09-13,,
2026-08-30T18:04:23.517Z,beaudry,Beaudry,B-1104,11,,1-bed,1 Bed,1,1.5,875,3820,3820,3836,available_on,2026-10-27,,
2026-08-30T18:04:23.517Z,beaudry,Beaudry,B-1204,12,,1-bed,1 Bed,1,1.5,875,3885,3885,3901,available_on,2026-10-01,,
2026-08-30T18:04:23.517Z,beaudry,Beaudry,B-1401,14,,1-bed,1 Bed,1,1.5,818,4545,4545,4561,available_on,2026-09-29,,
2026-08-30T18:04:23.517Z,beaudry,Beaudry,B-1409,14,,1-bed,1 Bed,1,1,860,4794,4794,4810,available_on,2026-09-10,,
2026-08-30T18:04:23.517Z,beaudry,Beaudry,B-1416,14,,2-bed,2 Bed,2,2,1192,6067,6067,6083,available_on,2026-09-06,,
2026-08-30T18:04:23.517Z,beaudry,Beaudry,B-1502,15,,studio,Studio,0,1,539,2695,2695,2711,available_on,2026-10-07,,
2026-08-30T18:04:23.517Z,beaudry,Beaudry,B-1602,16,,studio,Studio,0,1,539,2705,2705,2721,available_on,2026-10-09,,
2026-08-30T18:04:23.517Z,beaudry,Beaudry,B-1804,18,,1-bed,1 Bed,1,1.5,875,3935,3935,3951,available_on,2026-09-21,,
2026-08-30T18:04:23.517Z,beaudry,Beaudry,B-1806,18,,1-bed,1 Bed,1,1,868,4174,4174,4190,available_on,2026-10-10,,
2026-08-30T18:04:23.517Z,beaudry,Beaudry,B-1904,19,,1-bed,1 Bed,1,1.5,891,3910,3910,3926,available_on,2026-09-18,,
2026-08-30T18:04:23.517Z,beaudry,Beaudry,B-2004,20,,1-bed,1 Bed,1,1.5,891,3920,3920,3936,available_on,2026-10-04,,
2026-08-30T18:04:23.517Z,beaudry,Beaudry,B-2009,20,,1-bed,1 Bed,1,1,860,4854,4854,4870,available_on,2026-09-24,,
2026-08-30T18:04:23.517Z,beaudry,Beaudry,B-2013,20,,2-bed,2 Bed,2,2,1192,5802,5802,5818,available_on,2026-09-16,,
2026-08-30T18:04:23.517Z,beaudry,Beaudry,B-2014,20,,1-bed,1 Bed,1,1,817,4129,4129,4145,available_on,2026-10-23,,
2026-08-30T18:04:23.517Z,beaudry,Beaudry,B-2101,21,,1-bed,1 Bed,1,1.5,818,4615,4615,4631,available_on,2026-09-18,,
2026-08-30T18:04:23.517Z,beaudry,Beaudry,B-2111,21,,studio,Studio,0,1,514,2585,2585,2601,available_on,2026-10-20,,
2026-08-30T18:04:23.517Z,beaudry,Beaudry,B-2114,21,,1-bed,1 Bed,1,1,817,4139,4139,4155,available_on,2026-09-21,,
2026-08-30T18:04:23.517Z,beaudry,Beaudry,B-2204,22,,1-bed,1 Bed,1,1.5,891,3940,3940,3956,available_on,2026-09-29,,
2026-08-30T18:04:23.517Z,beaudry,Beaudry,B-2313,23,,2-bed,2 Bed,2,2,1192,5832,5832,5848,available_on,2026-08-30,,
2026-08-30T18:04:23.517Z,beaudry,Beaudry,B-2413,24,,2-bed,2 Bed,2,2,1192,5842,5842,5858,available_on,2026-09-12,,
2026-08-30T18:04:23.517Z,beaudry,Beaudry,B-2415,24,,1-bed,1 Bed,1,1,568,2955,2955,2971,available_on,2026-10-08,,
2026-08-30T18:04:23.517Z,beaudry,Beaudry,B-2514,25,,1-bed,1 Bed,1,1,817,4179,4179,4195,available_on,2026-09-16,,
2026-08-30T18:04:23.517Z,beaudry,Beaudry,B-2805,28,,1-bed,1 Bed,1,1,939,4414,4414,4430,available_on,2026-10-01,,
2026-08-30T18:04:23.517Z,beaudry,Beaudry,B-2906,29,,1-bed,1 Bed,1,1,882,4309,4309,4325,available_on,2026-09-30,,
2026-08-30T18:04:23.517Z,beaudry,Beaudry,B-2910,29,,1-bed,1 Bed,1,1,594,2940,2940,2953,available_on,2026-10-03,,
2026-08-30T18:04:23.517Z,beaudry,Beaudry,B-3005,30,,1-bed,1 Bed,1,1,939,4434,4434,4450,available_on,2026-09-27,,
2026-08-30T18:04:23.517Z,beaudry,Beaudry,B-3008,30,,2-bed,2 Bed,2,2,1200,6672,6672,6688,available_on,2026-09-01,,
2026-08-30T18:04:23.517Z,beaudry,Beaudry,B-3205,32,,1-bed,1 Bed,1,1,939,4454,4454,4470,available_on,2026-10-14,,
2026-08-30T18:04:23.517Z,beaudry,Beaudry,B-3310,33,,1-bed,1 Bed,1,1,594,2980,2980,2996,available_on,2026-10-08,,
2026-08-30T18:04:23.517Z,beaudry,Beaudry,B-3401,34,,1-bed,1 Bed,1,1.5,818,4745,4745,4761,available_on,2026-10-02,,
2026-08-30T18:04:23.517Z,beaudry,Beaudry,B-3406,34,,1-bed,1 Bed,1,1,882,4359,4359,4375,available_on,2026-10-16,,
2026-08-30T18:04:23.517Z,beaudry,Beaudry,B-3408,34,,2-bed,2 Bed,2,2,1200,6712,6712,6725,available_on,2026-10-08,,
2026-08-30T18:04:23.517Z,beaudry,Beaudry,B-3709,37,,1-bed,1 Bed,1,1,860,5199,5199,5215,available_on,2026-10-24,,
2026-08-30T18:04:23.517Z,beaudry,Beaudry,B-3713,37,,2-bed,2 Bed,2,2,1192,5997,5997,6013,available_on,2026-08-30,,
2026-08-30T18:04:23.517Z,beaudry,Beaudry,B-4002,40,,studio,Studio,0,1,539,2970,2970,2986,available_on,2026-10-22,,
2026-08-30T18:04:23.517Z,beaudry,Beaudry,B-4006,40,,1-bed,1 Bed,1,1,882,4444,4444,4460,available_on,2026-09-07,,
2026-08-30T18:04:23.517Z,beaudry,Beaudry,B-4116,41,,2-bed,2 Bed,2,2,1192,6362,6362,6378,available_on,2026-08-30,,
2026-08-30T18:04:23.517Z,beaudry,Beaudry,B-4303,43,,1-bed,1 Bed,1,1,627,3245,3245,3261,available_on,2026-10-11,,
2026-08-30T18:04:23.517Z,beaudry,Beaudry,B-4306,43,,1-bed,1 Bed,1,1,882,4474,4474,4490,available_on,2026-11-04,,
2026-08-30T18:04:23.517Z,beaudry,Beaudry,B-4413,44,,2-bed,2 Bed,2,2,1192,6067,6067,6083,available_on,2026-08-30,,
2026-08-30T18:04:23.517Z,beaudry,Beaudry,B-4504,45,,1-bed,1 Bed,1,1.5,1134,4810,4810,4826,available_on,2026-10-06,,
2026-08-30T18:04:23.517Z,beaudry,Beaudry,B-4507,45,,studio,Studio,0,1,550,3180,3180,3196,available_on,2026-10-08,,
2026-08-30T18:04:23.517Z,beaudry,Beaudry,B-4615,46,,1-bed,1 Bed,1,1,568,3200,3200,3216,available_on,2026-11-15,,
2026-08-30T18:04:23.517Z,beaudry,Beaudry,B-4704,47,,1-bed,1 Bed,1,1.5,1134,4830,4830,4846,available_on,2026-09-24,,
2026-08-30T18:04:23.517Z,beaudry,Beaudry,B-4707,47,,studio,Studio,0,1,550,3200,3200,3216,available_on,2026-10-17,,
2026-08-30T18:04:23.517Z,beaudry,Beaudry,B-4713,47,,2-bed,2 Bed,2,2,1192,6097,6097,6113,available_on,2026-11-03,,
2026-08-30T18:04:23.517Z,beaudry,Beaudry,B-4714,47,,1-bed,1 Bed,1,1,817,4474,4474,4487,available_on,2026-09-17,,
2026-08-30T18:04:23.517Z,beaudry,Beaudry,B-4910,49,,1-bed,1 Bed,1,1.5,926,4355,4355,4371,available_on,2026-10-10,,
2026-08-30T18:04:23.517Z,beaudry,Beaudry,B-5002,50,,2-bed,2 Bed,2,2.5,1531,6580,6580,6596,available_on,2026-11-03,,
2026-08-30T18:04:23.517Z,beaudry,Beaudry,B-5209,52,,2-bed,2 Bed,2,2,1230,6295,6295,6311,available_on,2026-09-15,,
2026-08-30T18:04:23.517Z,beaudry,Beaudry,B-5405,54,,3-bed,3 Bed,3,2.5,1734,9051,9051,9067,available_on,2026-10-05,,
2026-08-30T18:04:23.517Z,beaudry,Beaudry,B-5607,56,,1-bed,1 Bed,1,1,1006,5610,5610,5626,available_on,2026-08-30,,
2026-08-30T18:04:23.517Z,circa-la,Circa LA,W3206,32,,1-bed,1 Bed,1,1,745,3358,3358,3408,available_on,2026-08-30,,
2026-08-30T18:04:23.517Z,circa-la,Circa LA,W3208,32,,1-bed,1 Bed,1,1,770,3636,3636,3686,available_on,2026-08-30,,
2026-08-30T18:04:23.517Z,circa-la,Circa LA,W2618,26,,1-bed,1 Bed,1,1,923,4069,4069,4119,available_on,2026-08-30,,
2026-08-30T18:04:23.517Z,circa-la,Circa LA,W2502,25,,1-bed,1 Bed,1,1,627,2908,2908,2958,available_on,2026-08-30,,
2026-08-30T18:04:23.517Z,circa-la,Circa LA,W2518,25,,1-bed,1 Bed,1,1,923,3800,3800,3850,available_on,2026-08-30,,
2026-08-30T18:04:23.517Z,circa-la,Circa LA,W2006,20,,1-bed,1 Bed,1,1,745,3388,3388,3438,available_on,2026-09-14,,
2026-08-30T18:04:23.517Z,circa-la,Circa LA,W1708,17,,1-bed,1 Bed,1,1,770,3327,3327,3377,available_on,2026-08-30,,
2026-08-30T18:04:23.517Z,circa-la,Circa LA,W1724,17,,2-bed,2 Bed,2,2,1463,4755,4755,4805,available_on,2026-10-28,,
2026-08-30T18:04:23.517Z,circa-la,Circa LA,W1624,16,,2-bed,2 Bed,2,2,1463,4747,4747,4797,available_on,2026-09-03,,
2026-08-30T18:04:23.517Z,circa-la,Circa LA,W1412,14,,2-bed,2 Bed,2,2.5,1762,5527,5527,5577,available_on,2026-09-26,,
2026-08-30T18:04:23.517Z,circa-la,Circa LA,W1120,11,,1-bed,1 Bed,1,1,927,3335,3335,3385,available_on,2026-09-18,,
2026-08-30T18:04:23.517Z,circa-la,Circa LA,W820,8,,1-bed,1 Bed,1,1,927,3992,3992,4042,available_on,2026-08-30,,
2026-08-30T18:04:23.517Z,circa-la,Circa LA,E3201,32,,1-bed,1 Bed,1,1,627,3114,3114,3164,available_on,2026-08-30,,
2026-08-30T18:04:23.517Z,circa-la,Circa LA,E3221,32,,1-bed,1 Bed,1,1,871,3694,3694,3744,available_on,2026-08-30,,
2026-08-30T18:04:23.517Z,circa-la,Circa LA,E2911,29,,2-bed,2 Bed,2,2.5,1762,5690,5690,5740,available_on,2026-08-30,,
2026-08-30T18:04:23.517Z,circa-la,Circa LA,E2917,29,,1-bed,1 Bed,1,1,923,3872,3872,3922,available_on,2026-09-10,,
2026-08-30T18:04:23.517Z,circa-la,Circa LA,E2921,29,,1-bed,1 Bed,1,1,871,3644,3644,3694,available_on,2026-10-04,,
2026-08-30T18:04:23.517Z,circa-la,Circa LA,E2501,25,,1-bed,1 Bed,1,1,627,2876,2876,2926,available_on,2026-09-17,,
2026-08-30T18:04:23.517Z,circa-la,Circa LA,E2411,24,,2-bed,2 Bed,2,2.5,1762,5527,5527,5577,available_on,2026-09-08,,
2026-08-30T18:04:23.517Z,circa-la,Circa LA,E2419,24,,1-bed,1 Bed,1,1,927,3530,3530,3580,available_on,2026-09-21,,
2026-08-30T18:04:23.517Z,circa-la,Circa LA,E2223,22,,2-bed,2 Bed,2,2,1463,4928,4928,4978,available_on,2026-08-30,,
2026-08-30T18:04:23.517Z,circa-la,Circa LA,E1813,18,,2-bed,2 Bed,2,2.5,1898,5978,5978,6028,available_on,2026-08-30,,
2026-08-30T18:04:23.517Z,circa-la,Circa LA,E1405,14,,1-bed,1 Bed,1,1,745,2941,2941,2991,available_on,2026-09-24,,
2026-08-30T18:04:23.517Z,circa-la,Circa LA,E1421,14,,1-bed,1 Bed,1,1,871,3269,3269,3319,available_on,2026-09-07,,
2026-08-30T18:04:23.517Z,circa-la,Circa LA,E1115,11,,1-bed,1 Bed,1,1,868,3269,3269,3319,available_on,2026-10-04,,
2026-08-30T18:04:23.517Z,circa-la,Circa LA,E3301,33,,3-bed,3 Bed,3,4.5,3984,19486,19486,19536,available_on,2026-08-30,,
2026-08-30T18:04:23.517Z,circa-la,Circa LA,E3309,33,,2-bed,2 Bed,2,2.5,2087,8874,8874,8924,available_on,2026-09-29,,
2026-08-30T18:04:23.517Z,circa-la,Circa LA,W3302,33,,3-bed,3 Bed,3,4.5,3842,22551,22551,22601,available_on,2026-08-30,,
2026-08-30T18:04:23.517Z,circa-la,Circa LA,W3312,33,,3-bed,3 Bed,3,3.5,2900,17028,17028,17078,available_on,2026-08-30,,
2026-08-30T18:04:23.517Z,circa-la,Circa LA,E3411,34,,3-bed,3 Bed,3,3.5,2878,12807,12807,12857,available_on,2026-08-30,,
2026-08-30T18:04:23.517Z,circa-la,Circa LA,W3402,34,,3-bed,3 Bed,3,4.5,3842,22643,22643,22693,available_on,2026-08-30,,
2026-08-30T18:04:23.517Z,circa-la,Circa LA,W3406,34,,2-bed,2 Bed,2,2,1338,7315,7315,7365,available_on,2026-09-01,,
2026-08-30T18:04:23.517Z,circa-la,Circa LA,E3501,35,,3-bed,3 Bed,3,4.5,3984,22435,22435,22485,available_on,2026-08-30,,
2026-08-30T18:04:23.517Z,circa-la,Circa LA,E3505,35,,2-bed,2 Bed,2,2,1338,6188,6188,6238,available_on,2026-08-30,,
2026-08-30T18:04:23.517Z,circa-la,Circa LA,E3511,35,,3-bed,3 Bed,3,3.5,2878,14850,14850,14900,available_on,2026-08-30,,
2026-08-30T18:04:23.517Z,circa-la,Circa LA,W3502,35,,3-bed,3 Bed,3,4.5,3842,23359,23359,23409,available_on,2026-08-30,,
2026-08-30T18:04:23.517Z,circa-la,Circa LA,W3508,35,,2-bed,2 Bed,2,2,1524,8045,8045,8095,available_on,2026-10-31,,
2026-08-30T18:04:23.517Z,circa-la,Circa LA,W3512,35,,3-bed,3 Bed,3,3.5,2900,17398,17398,17448,available_on,2026-08-30,,
2026-08-31T01:24:23.502Z,825-south-hill,825 South Hill,201,2,A2,2-bed-den,2 Bed + Den,2,,1090,3949,5062,,available,,29417540,2413008
2026-08-31T01:24:23.502Z,825-south-hill,825 South Hill,301,3,A2,2-bed-den,2 Bed + Den,2,,1090,3949,5062,,available,,29417543,2413008
2026-08-31T01:24:23.502Z,825-south-hill,825 South Hill,302,3,B,2-bed,2 Bed,2,,993,3894,4999,,available,,29417544,2413011
2026-08-31T01:24:23.502Z,825-south-hill,825 South Hill,607,6,TH2,townhomes,Townhomes,,,1385,5564,7488,,available,,29417562,2413022
2026-08-31T01:24:23.502Z,825-south-hill,825 South Hill,3012,30,K,1-bed,1 Bed,1,,670,3399,4329,,available_on,2026-10-12,29417188,2413027
2026-08-31T01:24:23.502Z,825-south-hill,825 South Hill,3412,34,K,1-bed,1 Bed,1,,670,3414,4367,,available,,29417189,2413027
2026-08-31T01:24:23.502Z,825-south-hill,825 South Hill,2901,29,K1,1-bed,1 Bed,1,,716,3414,4361,,available_on,2026-09-09,29417218,2413028
2026-08-31T01:24:23.502Z,825-south-hill,825 South Hill,1703,17,M,2-bed-den,2 Bed + Den,2,,1099,4203,5353,,available_on,2026-11-04,29417237,2413032
2026-08-31T01:24:23.502Z,825-south-hill,825 South Hill,3603,36,M,2-bed-den,2 Bed + Den,2,,1099,4513,5802,,available_on,2026-09-07,29417253,2413032
2026-08-31T01:24:23.502Z,825-south-hill,825 South Hill,1504,15,N,jr-2-bed,Jr. 2 Bed,2,,792,3223,4145,,available,,29417296,2413034
2026-08-31T01:24:23.502Z,825-south-hill,825 South Hill,2204,22,N,jr-2-bed,Jr. 2 Bed,2,,792,3308,4250,,available_on,2026-09-28,29417302,2413034
2026-08-31T01:24:23.502Z,825-south-hill,825 South Hill,3704,37,N,jr-2-bed,Jr. 2 Bed,2,,792,3548,4558,,available_on,2026-09-14,29417313,2413034
2026-08-31T01:24:23.502Z,825-south-hill,825 South Hill,4204,42,N,jr-2-bed,Jr. 2 Bed,2,,792,3668,4717,,available,,29417317,2413034
2026-08-31T01:24:23.502Z,825-south-hill,825 South Hill,1910,19,N1,jr-2-bed,Jr. 2 Bed,2,,807,3123,4012,,available_on,2026-09-11,29417327,2413035
2026-08-31T01:24:23.502Z,825-south-hill,825 South Hill,3610,36,N1,jr-2-bed,Jr. 2 Bed,2,,807,3433,4415,,available,,29417341,2413035
2026-08-31T01:24:23.502Z,825-south-hill,825 South Hill,3902,39,O,1-bed,1 Bed,1,,538,3247,4112,,available_on,2026-10-10,29417415,2413037
2026-08-31T01:24:23.502Z,825-south-hill,825 South Hill,4602,46,O,1-bed,1 Bed,1,,538,3392,4281,,available_on,2026-11-07,29417390,2413037
2026-08-31T01:24:23.502Z,825-south-hill,825 South Hill,1107,11,O1,1-bed,1 Bed,1,,560,2902,3688,,available_on,2026-09-28,29417419,2413039
2026-08-31T01:24:23.502Z,825-south-hill,825 South Hill,2406,24,O3,1-bed,1 Bed,1,,562,3037,3846,,available_on,2026-10-02,29417461,2522879
2026-08-31T01:24:23.502Z,825-south-hill,825 South Hill,4706,47,SKY3,skyhomes,Skyhomes,,,1365,5807,7456,,available_on,2026-10-14,38827826,2413047
2026-08-31T01:24:23.502Z,atelier,Atelier,0707,7,,1-bed,1 Bed,1,1,778,3399,3399,3416,available_on,2026-10-22,,
2026-08-31T01:24:23.502Z,atelier,Atelier,1402,14,,1-bed,1 Bed,1,1,622,3449,3449,3466,available_on,2026-11-07,,
2026-08-31T01:24:23.502Z,atelier,Atelier,1407,14,,1-bed,1 Bed,1,1,778,3549,3549,3566,available_on,2026-10-07,,
2026-08-31T01:24:23.502Z,atelier,Atelier,1508,15,,1-bed,1 Bed,1,1,778,3564,3564,3581,available_on,2026-10-18,,
2026-08-31T01:24:23.502Z,atelier,Atelier,1905,19,,1-bed,1 Bed,1,1,778,3909,3909,3926,available_on,2026-09-15,,
2026-08-31T01:24:23.502Z,atelier,Atelier,2102,21,,1-bed,1 Bed,1,1,622,3664,3664,3677,available_on,2026-11-28,,
2026-08-31T01:24:23.502Z,atelier,Atelier,2312,23,,1-bed,1 Bed,1,1,685,3974,3974,3991,available_on,2026-10-08,,
2026-08-31T01:24:23.502Z,atelier,Atelier,2404,24,,1-bed,1 Bed,1,1,829,4269,4269,4286,available_on,2026-08-31,,
2026-08-31T01:24:23.502Z,atelier,Atelier,2411,24,,2-bed,2 Bed,2,2,1043,4642,4642,4659,available_on,2026-11-05,,
2026-08-31T01:24:23.502Z,atelier,Atelier,2414,24,,2-bed,2 Bed,2,2,975,4692,4692,4709,available_on,2026-09-07,,
2026-08-31T01:24:23.502Z,atelier,Atelier,2501,25,,2-bed,2 Bed,2,2.5,1377,6459,6459,6476,available_on,2026-08-31,,
2026-08-31T01:24:23.502Z,atelier,Atelier,2502,25,,2-bed,2 Bed,2,2.5,1514,7504,7504,7521,available_on,2026-09-03,,
2026-08-31T01:24:23.502Z,atelier,Atelier,2504,25,,1-bed,1 Bed,1,1,829,4289,4289,4306,available_on,2026-10-28,,
2026-08-31T01:24:23.502Z,atelier,Atelier,2602,26,,2-bed,2 Bed,2,2.5,1514,7524,7524,7541,available_on,2026-08-31,,
2026-08-31T01:24:23.502Z,atelier,Atelier,3001,30,,2-bed,2 Bed,2,2.5,1377,6649,6649,6666,available_on,2026-09-21,,
2026-08-31T01:24:23.502Z,atelier,Atelier,3106,31,,1-bed,1 Bed,1,1,778,4224,4224,4241,available_on,2026-08-31,,
2026-08-31T01:24:23.502Z,atelier,Atelier,3108,31,,1-bed,1 Bed,1,1,685,4314,4314,4331,available_on,2026-08-31,,
2026-08-31T01:24:23.502Z,atelier,Atelier,3110,31,,1-bed,1 Bed,1,1,685,4399,4399,4416,available_on,2026-08-31,,
2026-08-31T01:24:23.502Z,atelier,Atelier,3202,32,,2-bed,2 Bed,2,2.5,1514,7784,7784,7801,available_on,2026-09-25,,
2026-08-31T01:24:23.502Z,atelier,Atelier,3208,32,,1-bed,1 Bed,1,1,685,4384,4384,4401,available_on,2026-08-31,,
2026-08-31T01:24:23.502Z,atelier,Atelier,3210,32,,1-bed,1 Bed,1,1,685,4469,4469,4486,available_on,2026-08-31,,
2026-08-31T01:24:23.502Z,atelier,Atelier,PH01,,,2-bed,2 Bed,2,2.5,1470,8931,8931,8948,available_on,2026-08-31,,
2026-08-31T01:24:23.502Z,atelier,Atelier,PH08,,,3-bed,3 Bed,3,3,1731,9207,9207,9224,available_on,2026-08-31,,
2026-08-31T01:24:23.502Z,eighth-and-grand,Eighth & Grand,0-2017,,,1-bed,1 Bed,1,1,762,2412,2412,2431,available_on,2026-09-10,,
2026-08-31T01:24:23.502Z,eighth-and-grand,Eighth & Grand,0-2029,,,1-bed,1 Bed,1,1,762,2412,2412,2427,available_on,2026-09-04,,
2026-08-31T01:24:23.502Z,eighth-and-grand,Eighth & Grand,0-2034,,,2-bed,2 Bed,2,1,905,3039,3039,3058,available_on,2026-10-06,,
2026-08-31T01:24:23.502Z,eighth-and-grand,Eighth & Grand,0-2037,,,1-bed,1 Bed,1,1,762,2412,2412,2431,available_on,2026-09-15,,
2026-08-31T01:24:23.502Z,eighth-and-grand,Eighth & Grand,0-2041,,,1-bed,1 Bed,1,1,762,2412,2412,2431,available_on,2026-09-05,,
2026-08-31T01:24:23.502Z,eighth-and-grand,Eighth & Grand,0-2051,,,2-bed,2 Bed,2,2.5,1094,3788,3788,3807,available_on,2026-08-31,,
2026-08-31T01:24:23.502Z,eighth-and-grand,Eighth & Grand,0-2102,,,studio,Studio,0,1,527,2176,2176,2195,available_on,2026-10-17,,
2026-08-31T01:24:23.502Z,eighth-and-grand,Eighth & Grand,0-2110,,,studio,Studio,0,1,520,2121,2121,2140,available_on,2026-08-31,,
2026-08-31T01:24:23.502Z,eighth-and-grand,Eighth & Grand,0-2152,,,studio,Studio,0,1,540,2181,2181,2200,available_on,2026-10-16,,
2026-08-31T01:24:23.502Z,eighth-and-grand,Eighth & Grand,0-2161,,,2-bed,2 Bed,2,2,1109,3338,3338,3357,available_on,2026-10-10,,
2026-08-31T01:24:23.502Z,eighth-and-grand,Eighth & Grand,0-3028,,,1-bed,1 Bed,1,1,779,2732,2732,2751,available_on,2026-08-31,,
2026-08-31T01:24:23.502Z,eighth-and-grand,Eighth & Grand,0-3104,,,1-bed,1 Bed,1,1,802,2597,2597,2616,available_on,2026-09-28,,
2026-08-31T01:24:23.502Z,eighth-and-grand,Eighth & Grand,0-3136,,,1-bed,1 Bed,1,1,777,2272,2272,2291,available_on,2026-10-12,,
2026-08-31T01:24:23.502Z,eighth-and-grand,Eighth & Grand,0-4028,,,1-bed,1 Bed,1,1,779,2752,2752,2771,available_on,2026-10-09,,
2026-08-31T01:24:23.502Z,eighth-and-grand,Eighth & Grand,0-4071,,,1-bed,1 Bed,1,1,840,2377,2377,2396,available_on,2026-10-23,,
2026-08-31T01:24:23.502Z,eighth-and-grand,Eighth & Grand,0-4080,,,1-bed,1 Bed,1,1,777,2267,2267,2286,available_on,2026-09-29,,
2026-08-31T01:24:23.502Z,eighth-and-grand,Eighth & Grand,0-4108,,,studio,Studio,0,1,540,2306,2306,2325,available_on,2026-08-31,,
2026-08-31T01:24:23.502Z,eighth-and-grand,Eighth & Grand,0-4114,,,studio,Studio,0,1,520,2261,2261,2280,available_on,2026-10-15,,
2026-08-31T01:24:23.502Z,eighth-and-grand,Eighth & Grand,0-4131,,,1-bed,1 Bed,1,1,578,2418,2418,2437,available_on,2026-08-31,,
2026-08-31T01:24:23.502Z,eighth-and-grand,Eighth & Grand,0-4134,,,1-bed,1 Bed,1,1,777,2392,2392,2407,available_on,2026-10-04,,
2026-08-31T01:24:23.502Z,eighth-and-grand,Eighth & Grand,0-5005,,,1-bed,1 Bed,1,1,762,2822,2822,2841,available_on,2026-08-31,,
2026-08-31T01:24:23.502Z,eighth-and-grand,Eighth & Grand,0-5026,,,1-bed,1 Bed,1,1,779,2812,2812,2831,available_on,2026-08-31,,
2026-08-31T01:24:23.502Z,eighth-and-grand,Eighth & Grand,0-5032,,,1-bed,1 Bed,1,1,779,2812,2812,2831,available_on,2026-08-31,,
2026-08-31T01:24:23.502Z,eighth-and-grand,Eighth & Grand,0-5034,,,2-bed,2 Bed,2,2,1046,3348,3348,3367,available_on,2026-08-31,,
2026-08-31T01:24:23.502Z,eighth-and-grand,Eighth & Grand,0-5035,,,1-bed,1 Bed,1,1,880,2822,2822,2841,available_on,2026-08-31,,
2026-08-31T01:24:23.502Z,eighth-and-grand,Eighth & Grand,0-5039,,,1-bed,1 Bed,1,1,762,2787,2787,2806,available_on,2026-08-31,,
2026-08-31T01:24:23.502Z,eighth-and-grand,Eighth & Grand,0-5046,,,1-bed,1 Bed,1,1,578,2513,2513,2532,available_on,2026-09-20,,
2026-08-31T01:24:23.502Z,eighth-and-grand,Eighth & Grand,0-5086,,,1-bed,1 Bed,1,1,777,2412,2412,2431,available_on,2026-10-06,,
2026-08-31T01:24:23.502Z,eighth-and-grand,Eighth & Grand,0-5094,,,1-bed,1 Bed,1,1,715,2662,2662,2681,available_on,2026-08-31,,
2026-08-31T01:24:23.502Z,eighth-and-grand,Eighth & Grand,0-5096,,,1-bed,1 Bed,1,1,584,2497,2497,2516,available_on,2026-08-31,,
2026-08-31T01:24:23.502Z,eighth-and-grand,Eighth & Grand,0-5153,,,2-bed,2 Bed,2,2,1278,3993,3993,4012,available_on,2026-09-23,,
2026-08-31T01:24:23.502Z,eighth-and-grand,Eighth & Grand,0-5162,,,studio,Studio,0,1,520,2271,2271,2290,available_on,2026-10-30,,
2026-08-31T01:24:23.502Z,eighth-and-grand,Eighth & Grand,0-6002,,,1-bed,1 Bed,1,1,639,2462,2462,2481,available_on,2026-08-31,,
2026-08-31T01:24:23.502Z,eighth-and-grand,Eighth & Grand,0-6011,,,1-bed,1 Bed,1,1,880,2772,2772,2791,available_on,2026-08-31,,
2026-08-31T01:24:23.502Z,eighth-and-grand,Eighth & Grand,0-6017,,,1-bed,1 Bed,1,1,880,2822,2822,2841,available_on,2026-08-31,,
2026-08-31T01:24:23.502Z,eighth-and-grand,Eighth & Grand,0-6032,,,1-bed,1 Bed,1,1,779,2862,2862,2881,available_on,2026-11-04,,
2026-08-31T01:24:23.502Z,eighth-and-grand,Eighth & Grand,0-6035,,,1-bed,1 Bed,1,1,762,2742,2742,2761,available_on,2026-09-04,,
2026-08-31T01:24:23.502Z,eighth-and-grand,Eighth & Grand,0-6057,,,2-bed,2 Bed,2,2,1211,3668,3668,3687,available_on,2026-09-06,,
2026-08-31T01:24:23.502Z,eighth-and-grand,Eighth & Grand,0-6066,,,1-bed,1 Bed,1,1,762,2737,2737,2756,available_on,2026-08-31,,
2026-08-31T01:24:23.502Z,eighth-and-grand,Eighth & Grand,0-6068,,,1-bed,1 Bed,1,1,579,2307,2307,2326,available_on,2026-09-18,,
2026-08-31T01:24:23.502Z,eighth-and-grand,Eighth & Grand,0-6094,,,1-bed,1 Bed,1,1,715,2787,2787,2806,available_on,2026-08-31,,
2026-08-31T01:24:23.502Z,eighth-and-grand,Eighth & Grand,0-6137,,,1-bed,1 Bed,1,1,578,2518,2518,2537,available_on,2026-09-10,,
2026-08-31T01:24:23.502Z,eighth-and-grand,Eighth & Grand,0-6149,,,studio,Studio,0,1,558,2401,2401,2420,available_on,2026-08-31,,
2026-08-31T01:24:23.502Z,eighth-and-grand,Eighth & Grand,0-6152,,,studio,Studio,0,1,540,2406,2406,2425,available_on,2026-11-01,,
2026-08-31T01:24:23.502Z,eighth-and-grand,Eighth & Grand,0-6154,,,studio,Studio,0,1,520,2321,2321,2340,available_on,2026-11-07,,
2026-08-31T01:24:23.502Z,eighth-and-grand,Eighth & Grand,0-6166,,,1-bed,1 Bed,1,1,822,2787,2787,2806,available_on,2026-09-28,,
2026-08-31T01:24:23.502Z,eighth-and-grand,Eighth & Grand,0-7024,,,1-bed,1 Bed,1,1,791,2642,2642,2661,available_on,2026-08-31,,
2026-08-31T01:24:23.502Z,eighth-and-grand,Eighth & Grand,0-7042,,,1-bed,1 Bed,1,1,578,2438,2438,2457,available_on,2026-08-31,,
2026-08-31T01:24:23.502Z,eighth-and-grand,Eighth & Grand,0-7066,,,1-bed,1 Bed,1,1,762,2787,2787,2806,available_on,2026-08-31,,
2026-08-31T01:24:23.502Z,eighth-and-grand,Eighth & Grand,0-7071,,,1-bed,1 Bed,1,1,840,2802,2802,2821,available_on,2026-09-07,,
2026-08-31T01:24:23.502Z,eighth-and-grand,Eighth & Grand,0-7082,,,1-bed,1 Bed,1,1,777,2626,2626,2645,available_on,2026-08-31,,
2026-08-31T01:24:23.502Z,eighth-and-grand,Eighth & Grand,0-7090,,,2-bed,2 Bed,2,1,976,3273,3273,3292,available_on,2026-08-31,,
2026-08-31T01:24:23.502Z,eighth-and-grand,Eighth & Grand,0-7096,,,1-bed,1 Bed,1,1,584,2572,2572,2591,available_on,2026-08-31,,
2026-08-31T01:24:23.502Z,eighth-and-grand,Eighth & Grand,0-7145,,,2-bed,2 Bed,2,2,1099,4113,4113,4132,available_on,2026-10-01,,
2026-08-31T01:24:23.502Z,eighth-and-grand,Eighth & Grand,0-7167,,,1-bed,1 Bed,1,1,578,2618,2618,2637,available_on,2026-10-07,,
2026-08-31T01:24:23.502Z,beaudry,Beaudry,B-0514,5,,1-bed,1 Bed,1,1,794,3939,3939,3955,available_on,2026-10-31,,
2026-08-31T01:24:23.502Z,beaudry,Beaudry,B-0814,8,,1-bed,1 Bed,1,1,802,3969,3969,3985,available_on,2026-11-06,,
2026-08-31T01:24:23.502Z,beaudry,Beaudry,B-1007,10,,studio,Studio,0,1,550,2660,2660,2676,available_on,2026-10-22,,
2026-08-31T01:24:23.502Z,beaudry,Beaudry,B-1014,10,,1-bed,1 Bed,1,1,802,3989,3989,4005,available_on,2026-09-12,,
2026-08-31T01:24:23.502Z,beaudry,Beaudry,B-1101,11,,1-bed,1 Bed,1,1.5,818,4470,4470,4486,available_on,2026-09-13,,
2026-08-31T01:24:23.502Z,beaudry,Beaudry,B-1104,11,,1-bed,1 Bed,1,1.5,875,3820,3820,3836,available_on,2026-10-27,,
2026-08-31T01:24:23.502Z,beaudry,Beaudry,B-1204,12,,1-bed,1 Bed,1,1.5,875,3885,3885,3901,available_on,2026-10-01,,
2026-08-31T01:24:23.502Z,beaudry,Beaudry,B-1401,14,,1-bed,1 Bed,1,1.5,818,4545,4545,4561,available_on,2026-09-29,,
2026-08-31T01:24:23.502Z,beaudry,Beaudry,B-1409,14,,1-bed,1 Bed,1,1,860,4794,4794,4810,available_on,2026-09-10,,
2026-08-31T01:24:23.502Z,beaudry,Beaudry,B-1416,14,,2-bed,2 Bed,2,2,1192,6067,6067,6083,available_on,2026-09-06,,
2026-08-31T01:24:23.502Z,beaudry,Beaudry,B-1502,15,,studio,Studio,0,1,539,2695,2695,2711,available_on,2026-10-07,,
2026-08-31T01:24:23.502Z,beaudry,Beaudry,B-1602,16,,studio,Studio,0,1,539,2705,2705,2721,available_on,2026-10-09,,
2026-08-31T01:24:23.502Z,beaudry,Beaudry,B-1804,18,,1-bed,1 Bed,1,1.5,875,3935,3935,3951,available_on,2026-09-21,,
2026-08-31T01:24:23.502Z,beaudry,Beaudry,B-1806,18,,1-bed,1 Bed,1,1,868,4174,4174,4190,available_on,2026-10-10,,
2026-08-31T01:24:23.502Z,beaudry,Beaudry,B-1904,19,,1-bed,1 Bed,1,1.5,891,3910,3910,3926,available_on,2026-09-18,,
2026-08-31T01:24:23.502Z,beaudry,Beaudry,B-2004,20,,1-bed,1 Bed,1,1.5,891,3920,3920,3936,available_on,2026-10-04,,
2026-08-31T01:24:23.502Z,beaudry,Beaudry,B-2009,20,,1-bed,1 Bed,1,1,860,4854,4854,4870,available_on,2026-09-24,,
2026-08-31T01:24:23.502Z,beaudry,Beaudry,B-2013,20,,2-bed,2 Bed,2,2,1192,5802,5802,5818,available_on,2026-09-16,,
2026-08-31T01:24:23.502Z,beaudry,Beaudry,B-2014,20,,1-bed,1 Bed,1,1,817,4129,4129,4145,available_on,2026-10-23,,
2026-08-31T01:24:23.502Z,beaudry,Beaudry,B-2101,21,,1-bed,1 Bed,1,1.5,818,4615,4615,4631,available_on,2026-09-18,,
2026-08-31T01:24:23.502Z,beaudry,Beaudry,B-2111,21,,studio,Studio,0,1,514,2585,2585,2601,available_on,2026-10-20,,
2026-08-31T01:24:23.502Z,beaudry,Beaudry,B-2114,21,,1-bed,1 Bed,1,1,817,4139,4139,4155,available_on,2026-09-21,,
2026-08-31T01:24:23.502Z,beaudry,Beaudry,B-2204,22,,1-bed,1 Bed,1,1.5,891,3940,3940,3956,available_on,2026-09-29,,
2026-08-31T01:24:23.502Z,beaudry,Beaudry,B-2313,23,,2-bed,2 Bed,2,2,1192,5832,5832,5848,available_on,2026-08-31,,
2026-08-31T01:24:23.502Z,beaudry,Beaudry,B-2413,24,,2-bed,2 Bed,2,2,1192,5842,5842,5858,available_on,2026-09-12,,
2026-08-31T01:24:23.502Z,beaudry,Beaudry,B-2415,24,,1-bed,1 Bed,1,1,568,2955,2955,2971,available_on,2026-10-08,,
2026-08-31T01:24:23.502Z,beaudry,Beaudry,B-2514,25,,1-bed,1 Bed,1,1,817,4179,4179,4195,available_on,2026-09-16,,
2026-08-31T01:24:23.502Z,beaudry,Beaudry,B-2805,28,,1-bed,1 Bed,1,1,939,4414,4414,4430,available_on,2026-10-01,,
2026-08-31T01:24:23.502Z,beaudry,Beaudry,B-2906,29,,1-bed,1 Bed,1,1,882,4309,4309,4325,available_on,2026-09-30,,
2026-08-31T01:24:23.502Z,beaudry,Beaudry,B-2910,29,,1-bed,1 Bed,1,1,594,2940,2940,2953,available_on,2026-10-03,,
2026-08-31T01:24:23.502Z,beaudry,Beaudry,B-3005,30,,1-bed,1 Bed,1,1,939,4434,4434,4450,available_on,2026-09-27,,
2026-08-31T01:24:23.502Z,beaudry,Beaudry,B-3008,30,,2-bed,2 Bed,2,2,1200,6672,6672,6688,available_on,2026-09-01,,
2026-08-31T01:24:23.502Z,beaudry,Beaudry,B-3205,32,,1-bed,1 Bed,1,1,939,4454,4454,4470,available_on,2026-10-14,,
2026-08-31T01:24:23.502Z,beaudry,Beaudry,B-3310,33,,1-bed,1 Bed,1,1,594,2980,2980,2996,available_on,2026-10-08,,
2026-08-31T01:24:23.502Z,beaudry,Beaudry,B-3401,34,,1-bed,1 Bed,1,1.5,818,4745,4745,4761,available_on,2026-10-02,,
2026-08-31T01:24:23.502Z,beaudry,Beaudry,B-3406,34,,1-bed,1 Bed,1,1,882,4359,4359,4375,available_on,2026-10-16,,
2026-08-31T01:24:23.502Z,beaudry,Beaudry,B-3408,34,,2-bed,2 Bed,2,2,1200,6712,6712,6725,available_on,2026-10-08,,
2026-08-31T01:24:23.502Z,beaudry,Beaudry,B-3709,37,,1-bed,1 Bed,1,1,860,5199,5199,5215,available_on,2026-10-24,,
2026-08-31T01:24:23.502Z,beaudry,Beaudry,B-3713,37,,2-bed,2 Bed,2,2,1192,5997,5997,6013,available_on,2026-08-31,,
2026-08-31T01:24:23.502Z,beaudry,Beaudry,B-4002,40,,studio,Studio,0,1,539,2970,2970,2986,available_on,2026-10-22,,
2026-08-31T01:24:23.502Z,beaudry,Beaudry,B-4006,40,,1-bed,1 Bed,1,1,882,4444,4444,4460,available_on,2026-09-07,,
2026-08-31T01:24:23.502Z,beaudry,Beaudry,B-4116,41,,2-bed,2 Bed,2,2,1192,6362,6362,6378,available_on,2026-08-31,,
2026-08-31T01:24:23.502Z,beaudry,Beaudry,B-4306,43,,1-bed,1 Bed,1,1,882,4474,4474,4490,available_on,2026-11-04,,
2026-08-31T01:24:23.502Z,beaudry,Beaudry,B-4413,44,,2-bed,2 Bed,2,2,1192,6067,6067,6083,available_on,2026-08-31,,
2026-08-31T01:24:23.502Z,beaudry,Beaudry,B-4504,45,,1-bed,1 Bed,1,1.5,1134,4810,4810,4826,available_on,2026-10-06,,
2026-08-31T01:24:23.502Z,beaudry,Beaudry,B-4507,45,,studio,Studio,0,1,550,3180,3180,3196,available_on,2026-10-08,,
2026-08-31T01:24:23.502Z,beaudry,Beaudry,B-4615,46,,1-bed,1 Bed,1,1,568,3200,3200,3216,available_on,2026-11-15,,
2026-08-31T01:24:23.502Z,beaudry,Beaudry,B-4704,47,,1-bed,1 Bed,1,1.5,1134,4830,4830,4846,available_on,2026-09-24,,
2026-08-31T01:24:23.502Z,beaudry,Beaudry,B-4707,47,,studio,Studio,0,1,550,3200,3200,3216,available_on,2026-10-17,,
2026-08-31T01:24:23.502Z,beaudry,Beaudry,B-4713,47,,2-bed,2 Bed,2,2,1192,6097,6097,6113,available_on,2026-11-03,,
2026-08-31T01:24:23.502Z,beaudry,Beaudry,B-4714,47,,1-bed,1 Bed,1,1,817,4474,4474,4487,available_on,2026-09-17,,
2026-08-31T01:24:23.502Z,beaudry,Beaudry,B-4910,49,,1-bed,1 Bed,1,1.5,926,4355,4355,4371,available_on,2026-10-10,,
2026-08-31T01:24:23.502Z,beaudry,Beaudry,B-5002,50,,2-bed,2 Bed,2,2.5,1531,6580,6580,6596,available_on,2026-11-03,,
2026-08-31T01:24:23.502Z,beaudry,Beaudry,B-5209,52,,2-bed,2 Bed,2,2,1230,6295,6295,6311,available_on,2026-09-15,,
2026-08-31T01:24:23.502Z,beaudry,Beaudry,B-5405,54,,3-bed,3 Bed,3,2.5,1734,9051,9051,9067,available_on,2026-10-05,,
2026-08-31T01:24:23.502Z,beaudry,Beaudry,B-5607,56,,1-bed,1 Bed,1,1,1006,5610,5610,5626,available_on,2026-08-31,,
2026-08-31T01:24:23.502Z,circa-la,Circa LA,W3206,32,,1-bed,1 Bed,1,1,745,3358,3358,3408,available_on,2026-08-30,,
2026-08-31T01:24:23.502Z,circa-la,Circa LA,W3208,32,,1-bed,1 Bed,1,1,770,3636,3636,3686,available_on,2026-08-30,,
2026-08-31T01:24:23.502Z,circa-la,Circa LA,W2618,26,,1-bed,1 Bed,1,1,923,4069,4069,4119,available_on,2026-08-30,,
2026-08-31T01:24:23.502Z,circa-la,Circa LA,W2502,25,,1-bed,1 Bed,1,1,627,2908,2908,2958,available_on,2026-08-30,,
2026-08-31T01:24:23.502Z,circa-la,Circa LA,W2518,25,,1-bed,1 Bed,1,1,923,3800,3800,3850,available_on,2026-08-30,,
2026-08-31T01:24:23.502Z,circa-la,Circa LA,W2006,20,,1-bed,1 Bed,1,1,745,3388,3388,3438,available_on,2026-09-14,,
2026-08-31T01:24:23.502Z,circa-la,Circa LA,W1708,17,,1-bed,1 Bed,1,1,770,3327,3327,3377,available_on,2026-08-30,,
2026-08-31T01:24:23.502Z,circa-la,Circa LA,W1724,17,,2-bed,2 Bed,2,2,1463,4755,4755,4805,available_on,2026-10-28,,
2026-08-31T01:24:23.502Z,circa-la,Circa LA,W1624,16,,2-bed,2 Bed,2,2,1463,4747,4747,4797,available_on,2026-09-03,,
2026-08-31T01:24:23.502Z,circa-la,Circa LA,W1412,14,,2-bed,2 Bed,2,2.5,1762,5527,5527,5577,available_on,2026-09-26,,
2026-08-31T01:24:23.502Z,circa-la,Circa LA,W1120,11,,1-bed,1 Bed,1,1,927,3335,3335,3385,available_on,2026-09-18,,
2026-08-31T01:24:23.502Z,circa-la,Circa LA,W820,8,,1-bed,1 Bed,1,1,927,3992,3992,4042,available_on,2026-08-30,,
2026-08-31T01:24:23.502Z,circa-la,Circa LA,E3201,32,,1-bed,1 Bed,1,1,627,3114,3114,3164,available_on,2026-08-30,,
2026-08-31T01:24:23.502Z,circa-la,Circa LA,E3221,32,,1-bed,1 Bed,1,1,871,3694,3694,3744,available_on,2026-08-30,,
2026-08-31T01:24:23.502Z,circa-la,Circa LA,E2911,29,,2-bed,2 Bed,2,2.5,1762,5690,5690,5740,available_on,2026-08-30,,
2026-08-31T01:24:23.502Z,circa-la,Circa LA,E2917,29,,1-bed,1 Bed,1,1,923,3872,3872,3922,available_on,2026-09-10,,
2026-08-31T01:24:23.502Z,circa-la,Circa LA,E2921,29,,1-bed,1 Bed,1,1,871,3644,3644,3694,available_on,2026-10-04,,
2026-08-31T01:24:23.502Z,circa-la,Circa LA,E2501,25,,1-bed,1 Bed,1,1,627,2876,2876,2926,available_on,2026-09-17,,
2026-08-31T01:24:23.502Z,circa-la,Circa LA,E2411,24,,2-bed,2 Bed,2,2.5,1762,5527,5527,5577,available_on,2026-09-08,,
2026-08-31T01:24:23.502Z,circa-la,Circa LA,E2419,24,,1-bed,1 Bed,1,1,927,3530,3530,3580,available_on,2026-09-21,,
2026-08-31T01:24:23.502Z,circa-la,Circa LA,E2223,22,,2-bed,2 Bed,2,2,1463,4928,4928,4978,available_on,2026-08-30,,
2026-08-31T01:24:23.502Z,circa-la,Circa LA,E1813,18,,2-bed,2 Bed,2,2.5,1898,5978,5978,6028,available_on,2026-08-30,,
2026-08-31T01:24:23.502Z,circa-la,Circa LA,E1405,14,,1-bed,1 Bed,1,1,745,2941,2941,2991,available_on,2026-09-24,,
2026-08-31T01:24:23.502Z,circa-la,Circa LA,E1421,14,,1-bed,1 Bed,1,1,871,3269,3269,3319,available_on,2026-09-07,,
2026-08-31T01:24:23.502Z,circa-la,Circa LA,E1115,11,,1-bed,1 Bed,1,1,868,3269,3269,3319,available_on,2026-10-04,,
2026-08-31T01:24:23.502Z,circa-la,Circa LA,E3301,33,,3-bed,3 Bed,3,4.5,3984,19486,19486,19536,available_on,2026-08-30,,
2026-08-31T01:24:23.502Z,circa-la,Circa LA,E3309,33,,2-bed,2 Bed,2,2.5,2087,8874,8874,8924,available_on,2026-09-29,,
2026-08-31T01:24:23.502Z,circa-la,Circa LA,W3302,33,,3-bed,3 Bed,3,4.5,3842,22551,22551,22601,available_on,2026-08-30,,
2026-08-31T01:24:23.502Z,circa-la,Circa LA,W3312,33,,3-bed,3 Bed,3,3.5,2900,17028,17028,17078,available_on,2026-08-30,,
2026-08-31T01:24:23.502Z,circa-la,Circa LA,E3411,34,,3-bed,3 Bed,3,3.5,2878,12807,12807,12857,available_on,2026-08-30,,
2026-08-31T01:24:23.502Z,circa-la,Circa LA,W3402,34,,3-bed,3 Bed,3,4.5,3842,22643,22643,22693,available_on,2026-08-30,,
2026-08-31T01:24:23.502Z,circa-la,Circa LA,W3406,34,,2-bed,2 Bed,2,2,1338,7315,7315,7365,available_on,2026-09-01,,
2026-08-31T01:24:23.502Z,circa-la,Circa LA,E3501,35,,3-bed,3 Bed,3,4.5,3984,22435,22435,22485,available_on,2026-08-30,,
2026-08-31T01:24:23.502Z,circa-la,Circa LA,E3505,35,,2-bed,2 Bed,2,2,1338,6188,6188,6238,available_on,2026-08-30,,
2026-08-31T01:24:23.502Z,circa-la,Circa LA,E3511,35,,3-bed,3 Bed,3,3.5,2878,14850,14850,14900,available_on,2026-08-30,,
2026-08-31T01:24:23.502Z,circa-la,Circa LA,W3502,35,,3-bed,3 Bed,3,4.5,3842,23359,23359,23409,available_on,2026-08-30,,
2026-08-31T01:24:23.502Z,circa-la,Circa LA,W3508,35,,2-bed,2 Bed,2,2,1524,8045,8045,8095,available_on,2026-10-31,,
2026-08-31T01:24:23.502Z,circa-la,Circa LA,W3512,35,,3-bed,3 Bed,3,3.5,2900,17398,17398,17448,available_on,2026-08-30,,
2026-08-31T20:06:24.745Z,825-south-hill,825 South Hill,201,2,A2,2-bed-den,2 Bed + Den,2,,1090,3949,5065,,available,,29417540,2413008
2026-08-31T20:06:24.745Z,825-south-hill,825 South Hill,301,3,A2,2-bed-den,2 Bed + Den,2,,1090,3949,5065,,available,,29417543,2413008
2026-08-31T20:06:24.745Z,825-south-hill,825 South Hill,302,3,B,2-bed,2 Bed,2,,993,3894,5002,,available,,29417544,2413011
2026-08-31T20:06:24.745Z,825-south-hill,825 South Hill,607,6,TH2,townhomes,Townhomes,,,1385,5564,7492,,available,,29417562,2413022
2026-08-31T20:06:24.745Z,825-south-hill,825 South Hill,3012,30,K,1-bed,1 Bed,1,,670,3499,4457,,available_on,2026-10-12,29417188,2413027
2026-08-31T20:06:24.745Z,825-south-hill,825 South Hill,3412,34,K,1-bed,1 Bed,1,,670,3514,4499,,available,,29417189,2413027
2026-08-31T20:06:24.745Z,825-south-hill,825 South Hill,2901,29,K1,1-bed,1 Bed,1,,716,3514,4489,,available_on,2026-09-09,29417218,2413028
2026-08-31T20:06:24.745Z,825-south-hill,825 South Hill,1703,17,M,2-bed-den,2 Bed + Den,2,,1099,4203,5353,,available_on,2026-11-04,29417237,2413032
2026-08-31T20:06:24.745Z,825-south-hill,825 South Hill,1504,15,N,jr-2-bed,Jr. 2 Bed,2,,792,3200,4118,,available,,29417296,2413034
2026-08-31T20:06:24.745Z,825-south-hill,825 South Hill,2204,22,N,jr-2-bed,Jr. 2 Bed,2,,792,3285,4221,,available_on,2026-09-28,29417302,2413034
2026-08-31T20:06:24.745Z,825-south-hill,825 South Hill,3704,37,N,jr-2-bed,Jr. 2 Bed,2,,792,3525,4529,,available_on,2026-09-14,29417313,2413034
2026-08-31T20:06:24.745Z,825-south-hill,825 South Hill,4204,42,N,jr-2-bed,Jr. 2 Bed,2,,792,3645,4691,,available,,29417317,2413034
2026-08-31T20:06:24.745Z,825-south-hill,825 South Hill,1910,19,N1,jr-2-bed,Jr. 2 Bed,2,,807,3100,3983,,available_on,2026-09-11,29417327,2413035
2026-08-31T20:06:24.745Z,825-south-hill,825 South Hill,3610,36,N1,jr-2-bed,Jr. 2 Bed,2,,807,3410,4388,,available,,29417341,2413035
2026-08-31T20:06:24.745Z,825-south-hill,825 South Hill,3902,39,O,1-bed,1 Bed,1,,538,3247,4112,,available_on,2026-10-10,29417415,2413037
2026-08-31T20:06:24.745Z,825-south-hill,825 South Hill,4602,46,O,1-bed,1 Bed,1,,538,3392,4281,,available_on,2026-11-07,29417390,2413037
2026-08-31T20:06:24.745Z,825-south-hill,825 South Hill,1107,11,O1,1-bed,1 Bed,1,,560,2902,3688,,available_on,2026-09-28,29417419,2413039
2026-08-31T20:06:24.745Z,825-south-hill,825 South Hill,2406,24,O3,1-bed,1 Bed,1,,562,3037,3846,,available_on,2026-10-02,29417461,2522879
2026-08-31T20:06:24.745Z,825-south-hill,825 South Hill,4706,47,SKY3,skyhomes,Skyhomes,,,1365,5807,7456,,available_on,2026-10-14,38827826,2413047
2026-08-31T20:06:24.745Z,atelier,Atelier,0707,7,,1-bed,1 Bed,1,1,778,3400,3400,3417,available_on,2026-10-22,,
2026-08-31T20:06:24.745Z,atelier,Atelier,1402,14,,1-bed,1 Bed,1,1,622,3450,3450,3467,available_on,2026-11-07,,
2026-08-31T20:06:24.745Z,atelier,Atelier,1508,15,,1-bed,1 Bed,1,1,778,3565,3565,3582,available_on,2026-10-18,,
2026-08-31T20:06:24.745Z,atelier,Atelier,1905,19,,1-bed,1 Bed,1,1,778,3910,3910,3927,available_on,2026-09-15,,
2026-08-31T20:06:24.745Z,atelier,Atelier,2102,21,,1-bed,1 Bed,1,1,622,3665,3665,3682,available_on,2026-11-28,,
2026-08-31T20:06:24.745Z,atelier,Atelier,2312,23,,1-bed,1 Bed,1,1,685,3975,3975,3992,available_on,2026-10-08,,
2026-08-31T20:06:24.745Z,atelier,Atelier,2404,24,,1-bed,1 Bed,1,1,829,4270,4270,4287,available_on,2026-08-31,,
2026-08-31T20:06:24.745Z,atelier,Atelier,2411,24,,2-bed,2 Bed,2,2,1043,4653,4653,4670,available_on,2026-11-05,,
2026-08-31T20:06:24.745Z,atelier,Atelier,2414,24,,2-bed,2 Bed,2,2,975,4703,4703,4720,available_on,2026-09-07,,
2026-08-31T20:06:24.745Z,atelier,Atelier,2501,25,,2-bed,2 Bed,2,2.5,1377,6470,6470,6487,available_on,2026-08-31,,
2026-08-31T20:06:24.745Z,atelier,Atelier,2502,25,,2-bed,2 Bed,2,2.5,1514,7515,7515,7532,available_on,2026-09-03,,
2026-08-31T20:06:24.745Z,atelier,Atelier,2504,25,,1-bed,1 Bed,1,1,829,4290,4290,4307,available_on,2026-10-28,,
2026-08-31T20:06:24.745Z,atelier,Atelier,2602,26,,2-bed,2 Bed,2,2.5,1514,7535,7535,7552,available_on,2026-08-31,,
2026-08-31T20:06:24.745Z,atelier,Atelier,3001,30,,2-bed,2 Bed,2,2.5,1377,6660,6660,6677,available_on,2026-09-21,,
2026-08-31T20:06:24.745Z,atelier,Atelier,3106,31,,1-bed,1 Bed,1,1,778,4225,4225,4242,available_on,2026-08-31,,
2026-08-31T20:06:24.745Z,atelier,Atelier,3108,31,,1-bed,1 Bed,1,1,685,4315,4315,4332,available_on,2026-08-31,,
2026-08-31T20:06:24.745Z,atelier,Atelier,3110,31,,1-bed,1 Bed,1,1,685,4400,4400,4417,available_on,2026-08-31,,
2026-08-31T20:06:24.745Z,atelier,Atelier,3202,32,,2-bed,2 Bed,2,2.5,1514,7795,7795,7812,available_on,2026-09-25,,
2026-08-31T20:06:24.745Z,atelier,Atelier,3208,32,,1-bed,1 Bed,1,1,685,4385,4385,4402,available_on,2026-08-31,,
2026-08-31T20:06:24.745Z,atelier,Atelier,3210,32,,1-bed,1 Bed,1,1,685,4470,4470,4487,available_on,2026-08-31,,
2026-08-31T20:06:24.745Z,atelier,Atelier,PH01,,,2-bed,2 Bed,2,2.5,1470,8942,8942,8959,available_on,2026-08-31,,
2026-08-31T20:06:24.745Z,atelier,Atelier,PH08,,,3-bed,3 Bed,3,3,1731,9218,9218,9235,available_on,2026-08-31,,
2026-08-31T20:06:24.745Z,eighth-and-grand,Eighth & Grand,0-2017,,,1-bed,1 Bed,1,1,762,2403,2403,2422,available_on,2026-09-10,,
2026-08-31T20:06:24.745Z,eighth-and-grand,Eighth & Grand,0-2029,,,1-bed,1 Bed,1,1,762,2403,2403,2422,available_on,2026-09-04,,
2026-08-31T20:06:24.745Z,eighth-and-grand,Eighth & Grand,0-2034,,,2-bed,2 Bed,2,1,905,3048,3048,3067,available_on,2026-10-06,,
2026-08-31T20:06:24.745Z,eighth-and-grand,Eighth & Grand,0-2037,,,1-bed,1 Bed,1,1,762,2403,2403,2422,available_on,2026-09-15,,
2026-08-31T20:06:24.745Z,eighth-and-grand,Eighth & Grand,0-2041,,,1-bed,1 Bed,1,1,762,2403,2403,2422,available_on,2026-09-05,,
2026-08-31T20:06:24.745Z,eighth-and-grand,Eighth & Grand,0-2051,,,2-bed,2 Bed,2,2.5,1094,3797,3797,3816,available_on,2026-08-31,,
2026-08-31T20:06:24.745Z,eighth-and-grand,Eighth & Grand,0-2102,,,studio,Studio,0,1,527,2176,2176,2195,available_on,2026-10-17,,
2026-08-31T20:06:24.745Z,eighth-and-grand,Eighth & Grand,0-2110,,,studio,Studio,0,1,520,2121,2121,2140,available_on,2026-08-31,,
2026-08-31T20:06:24.745Z,eighth-and-grand,Eighth & Grand,0-2152,,,studio,Studio,0,1,540,2181,2181,2200,available_on,2026-10-16,,
2026-08-31T20:06:24.745Z,eighth-and-grand,Eighth & Grand,0-2161,,,2-bed,2 Bed,2,2,1109,3347,3347,3366,available_on,2026-10-10,,
2026-08-31T20:06:24.745Z,eighth-and-grand,Eighth & Grand,0-3028,,,1-bed,1 Bed,1,1,779,2723,2723,2742,available_on,2026-08-31,,
2026-08-31T20:06:24.745Z,eighth-and-grand,Eighth & Grand,0-3104,,,1-bed,1 Bed,1,1,802,2588,2588,2607,available_on,2026-09-28,,
2026-08-31T20:06:24.745Z,eighth-and-grand,Eighth & Grand,0-3136,,,1-bed,1 Bed,1,1,777,2263,2263,2282,available_on,2026-10-12,,
2026-08-31T20:06:24.745Z,eighth-and-grand,Eighth & Grand,0-4028,,,1-bed,1 Bed,1,1,779,2743,2743,2762,available_on,2026-10-09,,
2026-08-31T20:06:24.745Z,eighth-and-grand,Eighth & Grand,0-4071,,,1-bed,1 Bed,1,1,840,2368,2368,2387,available_on,2026-10-23,,
2026-08-31T20:06:24.745Z,eighth-and-grand,Eighth & Grand,0-4080,,,1-bed,1 Bed,1,1,777,2258,2258,2277,available_on,2026-09-29,,
2026-08-31T20:06:24.745Z,eighth-and-grand,Eighth & Grand,0-4108,,,studio,Studio,0,1,540,2306,2306,2325,available_on,2026-08-31,,
2026-08-31T20:06:24.745Z,eighth-and-grand,Eighth & Grand,0-4114,,,studio,Studio,0,1,520,2261,2261,2280,available_on,2026-10-15,,
2026-08-31T20:06:24.745Z,eighth-and-grand,Eighth & Grand,0-4131,,,1-bed,1 Bed,1,1,578,2427,2427,2446,available_on,2026-08-31,,
2026-08-31T20:06:24.745Z,eighth-and-grand,Eighth & Grand,0-4134,,,1-bed,1 Bed,1,1,777,2383,2383,2402,available_on,2026-10-04,,
2026-08-31T20:06:24.745Z,eighth-and-grand,Eighth & Grand,0-5005,,,1-bed,1 Bed,1,1,762,2813,2813,2832,available_on,2026-08-31,,
2026-08-31T20:06:24.745Z,eighth-and-grand,Eighth & Grand,0-5026,,,1-bed,1 Bed,1,1,779,2803,2803,2822,available_on,2026-08-31,,
2026-08-31T20:06:24.745Z,eighth-and-grand,Eighth & Grand,0-5032,,,1-bed,1 Bed,1,1,779,2803,2803,2822,available_on,2026-08-31,,
2026-08-31T20:06:24.745Z,eighth-and-grand,Eighth & Grand,0-5034,,,2-bed,2 Bed,2,2,1046,3357,3357,3376,available_on,2026-08-31,,
2026-08-31T20:06:24.745Z,eighth-and-grand,Eighth & Grand,0-5035,,,1-bed,1 Bed,1,1,880,2813,2813,2832,available_on,2026-08-31,,
2026-08-31T20:06:24.745Z,eighth-and-grand,Eighth & Grand,0-5039,,,1-bed,1 Bed,1,1,762,2778,2778,2797,available_on,2026-08-31,,
2026-08-31T20:06:24.745Z,eighth-and-grand,Eighth & Grand,0-5046,,,1-bed,1 Bed,1,1,578,2522,2522,2541,available_on,2026-09-20,,
2026-08-31T20:06:24.745Z,eighth-and-grand,Eighth & Grand,0-5086,,,1-bed,1 Bed,1,1,777,2403,2403,2422,available_on,2026-10-06,,
2026-08-31T20:06:24.745Z,eighth-and-grand,Eighth & Grand,0-5094,,,1-bed,1 Bed,1,1,715,2653,2653,2672,available_on,2026-08-31,,
2026-08-31T20:06:24.745Z,eighth-and-grand,Eighth & Grand,0-5096,,,1-bed,1 Bed,1,1,584,2488,2488,2507,available_on,2026-08-31,,
2026-08-31T20:06:24.745Z,eighth-and-grand,Eighth & Grand,0-5153,,,2-bed,2 Bed,2,2,1278,4002,4002,4021,available_on,2026-09-23,,
2026-08-31T20:06:24.745Z,eighth-and-grand,Eighth & Grand,0-5162,,,studio,Studio,0,1,520,2271,2271,2290,available_on,2026-10-30,,
2026-08-31T20:06:24.745Z,eighth-and-grand,Eighth & Grand,0-6002,,,1-bed,1 Bed,1,1,639,2453,2453,2472,available_on,2026-08-31,,
2026-08-31T20:06:24.745Z,eighth-and-grand,Eighth & Grand,0-6011,,,1-bed,1 Bed,1,1,880,2763,2763,2782,available_on,2026-08-31,,
2026-08-31T20:06:24.745Z,eighth-and-grand,Eighth & Grand,0-6017,,,1-bed,1 Bed,1,1,880,2813,2813,2832,available_on,2026-08-31,,
2026-08-31T20:06:24.745Z,eighth-and-grand,Eighth & Grand,0-6032,,,1-bed,1 Bed,1,1,779,2853,2853,2872,available_on,2026-11-04,,
2026-08-31T20:06:24.745Z,eighth-and-grand,Eighth & Grand,0-6035,,,1-bed,1 Bed,1,1,762,2733,2733,2752,available_on,2026-09-04,,
2026-08-31T20:06:24.745Z,eighth-and-grand,Eighth & Grand,0-6057,,,2-bed,2 Bed,2,2,1211,3677,3677,3696,available_on,2026-09-06,,
2026-08-31T20:06:24.745Z,eighth-and-grand,Eighth & Grand,0-6066,,,1-bed,1 Bed,1,1,762,2728,2728,2747,available_on,2026-08-31,,
2026-08-31T20:06:24.745Z,eighth-and-grand,Eighth & Grand,0-6094,,,1-bed,1 Bed,1,1,715,2778,2778,2797,available_on,2026-08-31,,
2026-08-31T20:06:24.745Z,eighth-and-grand,Eighth & Grand,0-6137,,,1-bed,1 Bed,1,1,578,2527,2527,2546,available_on,2026-09-10,,
2026-08-31T20:06:24.745Z,eighth-and-grand,Eighth & Grand,0-6149,,,studio,Studio,0,1,558,2401,2401,2420,available_on,2026-08-31,,
2026-08-31T20:06:24.745Z,eighth-and-grand,Eighth & Grand,0-6152,,,studio,Studio,0,1,540,2406,2406,2425,available_on,2026-11-01,,
2026-08-31T20:06:24.745Z,eighth-and-grand,Eighth & Grand,0-6154,,,studio,Studio,0,1,520,2321,2321,2340,available_on,2026-11-07,,
2026-08-31T20:06:24.745Z,eighth-and-grand,Eighth & Grand,0-6166,,,1-bed,1 Bed,1,1,822,2778,2778,2797,available_on,2026-09-28,,
2026-08-31T20:06:24.745Z,eighth-and-grand,Eighth & Grand,0-7024,,,1-bed,1 Bed,1,1,791,2633,2633,2652,available_on,2026-08-31,,
2026-08-31T20:06:24.745Z,eighth-and-grand,Eighth & Grand,0-7042,,,1-bed,1 Bed,1,1,578,2447,2447,2466,available_on,2026-08-31,,
2026-08-31T20:06:24.745Z,eighth-and-grand,Eighth & Grand,0-7066,,,1-bed,1 Bed,1,1,762,2778,2778,2797,available_on,2026-08-31,,
2026-08-31T20:06:24.745Z,eighth-and-grand,Eighth & Grand,0-7071,,,1-bed,1 Bed,1,1,840,2793,2793,2812,available_on,2026-09-07,,
2026-08-31T20:06:24.745Z,eighth-and-grand,Eighth & Grand,0-7082,,,1-bed,1 Bed,1,1,777,2608,2608,2627,available_on,2026-08-31,,
2026-08-31T20:06:24.745Z,eighth-and-grand,Eighth & Grand,0-7090,,,2-bed,2 Bed,2,1,976,3282,3282,3301,available_on,2026-08-31,,
2026-08-31T20:06:24.745Z,eighth-and-grand,Eighth & Grand,0-7096,,,1-bed,1 Bed,1,1,584,2563,2563,2582,available_on,2026-08-31,,
2026-08-31T20:06:24.745Z,eighth-and-grand,Eighth & Grand,0-7145,,,2-bed,2 Bed,2,2,1099,4122,4122,4141,available_on,2026-10-01,,
2026-08-31T20:06:24.745Z,eighth-and-grand,Eighth & Grand,0-7167,,,1-bed,1 Bed,1,1,578,2627,2627,2646,available_on,2026-10-07,,
2026-08-31T20:06:24.745Z,beaudry,Beaudry,B-0514,5,,1-bed,1 Bed,1,1,794,3927,3927,3943,available_on,2026-10-31,,
2026-08-31T20:06:24.745Z,beaudry,Beaudry,B-0814,8,,1-bed,1 Bed,1,1,802,3957,3957,3973,available_on,2026-11-06,,
2026-08-31T20:06:24.745Z,beaudry,Beaudry,B-1007,10,,studio,Studio,0,1,550,2660,2660,2676,available_on,2026-10-22,,
2026-08-31T20:06:24.745Z,beaudry,Beaudry,B-1014,10,,1-bed,1 Bed,1,1,802,3977,3977,3993,available_on,2026-09-12,,
2026-08-31T20:06:24.745Z,beaudry,Beaudry,B-1101,11,,1-bed,1 Bed,1,1.5,818,4460,4460,4476,available_on,2026-09-13,,
2026-08-31T20:06:24.745Z,beaudry,Beaudry,B-1104,11,,1-bed,1 Bed,1,1.5,875,3810,3810,3826,available_on,2026-10-27,,
2026-08-31T20:06:24.745Z,beaudry,Beaudry,B-1204,12,,1-bed,1 Bed,1,1.5,875,3875,3875,3891,available_on,2026-10-01,,
2026-08-31T20:06:24.745Z,beaudry,Beaudry,B-1401,14,,1-bed,1 Bed,1,1.5,818,4535,4535,4551,available_on,2026-09-29,,
2026-08-31T20:06:24.745Z,beaudry,Beaudry,B-1409,14,,1-bed,1 Bed,1,1,860,4782,4782,4798,available_on,2026-09-10,,
2026-08-31T20:06:24.745Z,beaudry,Beaudry,B-1416,14,,2-bed,2 Bed,2,2,1192,6047,6047,6063,available_on,2026-09-06,,
2026-08-31T20:06:24.745Z,beaudry,Beaudry,B-1502,15,,studio,Studio,0,1,539,2695,2695,2711,available_on,2026-10-07,,
2026-08-31T20:06:24.745Z,beaudry,Beaudry,B-1602,16,,studio,Studio,0,1,539,2705,2705,2721,available_on,2026-10-09,,
2026-08-31T20:06:24.745Z,beaudry,Beaudry,B-1804,18,,1-bed,1 Bed,1,1.5,875,3925,3925,3941,available_on,2026-09-21,,
2026-08-31T20:06:24.745Z,beaudry,Beaudry,B-1806,18,,1-bed,1 Bed,1,1,868,4162,4162,4178,available_on,2026-10-10,,
2026-08-31T20:06:24.745Z,beaudry,Beaudry,B-1904,19,,1-bed,1 Bed,1,1.5,891,3900,3900,3916,available_on,2026-09-18,,
2026-08-31T20:06:24.745Z,beaudry,Beaudry,B-2004,20,,1-bed,1 Bed,1,1.5,891,3910,3910,3926,available_on,2026-10-04,,
2026-08-31T20:06:24.745Z,beaudry,Beaudry,B-2009,20,,1-bed,1 Bed,1,1,860,4842,4842,4858,available_on,2026-09-24,,
2026-08-31T20:06:24.745Z,beaudry,Beaudry,B-2013,20,,2-bed,2 Bed,2,2,1192,5782,5782,5798,available_on,2026-09-16,,
2026-08-31T20:06:24.745Z,beaudry,Beaudry,B-2014,20,,1-bed,1 Bed,1,1,817,4117,4117,4133,available_on,2026-10-23,,
2026-08-31T20:06:24.745Z,beaudry,Beaudry,B-2101,21,,1-bed,1 Bed,1,1.5,818,4605,4605,4621,available_on,2026-09-18,,
2026-08-31T20:06:24.745Z,beaudry,Beaudry,B-2111,21,,studio,Studio,0,1,514,2585,2585,2601,available_on,2026-10-20,,
2026-08-31T20:06:24.745Z,beaudry,Beaudry,B-2114,21,,1-bed,1 Bed,1,1,817,4127,4127,4143,available_on,2026-09-21,,
2026-08-31T20:06:24.745Z,beaudry,Beaudry,B-2204,22,,1-bed,1 Bed,1,1.5,891,3930,3930,3946,available_on,2026-09-29,,
2026-08-31T20:06:24.745Z,beaudry,Beaudry,B-2313,23,,2-bed,2 Bed,2,2,1192,5812,5812,5828,available_on,2026-08-31,,
2026-08-31T20:06:24.745Z,beaudry,Beaudry,B-2413,24,,2-bed,2 Bed,2,2,1192,5822,5822,5838,available_on,2026-09-12,,
2026-08-31T20:06:24.745Z,beaudry,Beaudry,B-2415,24,,1-bed,1 Bed,1,1,568,2955,2955,2971,available_on,2026-10-08,,
2026-08-31T20:06:24.745Z,beaudry,Beaudry,B-2514,25,,1-bed,1 Bed,1,1,817,4167,4167,4183,available_on,2026-09-16,,
2026-08-31T20:06:24.745Z,beaudry,Beaudry,B-2805,28,,1-bed,1 Bed,1,1,939,4402,4402,4418,available_on,2026-10-01,,
2026-08-31T20:06:24.745Z,beaudry,Beaudry,B-2906,29,,1-bed,1 Bed,1,1,882,4297,4297,4313,available_on,2026-09-30,,
2026-08-31T20:06:24.745Z,beaudry,Beaudry,B-2910,29,,1-bed,1 Bed,1,1,594,2940,2940,2956,available_on,2026-10-03,,
2026-08-31T20:06:24.745Z,beaudry,Beaudry,B-3005,30,,1-bed,1 Bed,1,1,939,4422,4422,4438,available_on,2026-09-27,,
2026-08-31T20:06:24.745Z,beaudry,Beaudry,B-3008,30,,2-bed,2 Bed,2,2,1200,6652,6652,6668,available_on,2026-09-01,,
2026-08-31T20:06:24.745Z,beaudry,Beaudry,B-3205,32,,1-bed,1 Bed,1,1,939,4442,4442,4458,available_on,2026-10-14,,
2026-08-31T20:06:24.745Z,beaudry,Beaudry,B-3310,33,,1-bed,1 Bed,1,1,594,2980,2980,2996,available_on,2026-10-08,,
2026-08-31T20:06:24.745Z,beaudry,Beaudry,B-3401,34,,1-bed,1 Bed,1,1.5,818,4735,4735,4751,available_on,2026-10-02,,
2026-08-31T20:06:24.745Z,beaudry,Beaudry,B-3406,34,,1-bed,1 Bed,1,1,882,4347,4347,4363,available_on,2026-10-16,,
2026-08-31T20:06:24.745Z,beaudry,Beaudry,B-3408,34,,2-bed,2 Bed,2,2,1200,6692,6692,6708,available_on,2026-10-08,,
2026-08-31T20:06:24.745Z,beaudry,Beaudry,B-3709,37,,1-bed,1 Bed,1,1,860,5187,5187,5203,available_on,2026-10-24,,
2026-08-31T20:06:24.745Z,beaudry,Beaudry,B-3713,37,,2-bed,2 Bed,2,2,1192,5977,5977,5993,available_on,2026-08-31,,
2026-08-31T20:06:24.745Z,beaudry,Beaudry,B-4002,40,,studio,Studio,0,1,539,2970,2970,2986,available_on,2026-10-22,,
2026-08-31T20:06:24.745Z,beaudry,Beaudry,B-4006,40,,1-bed,1 Bed,1,1,882,4432,4432,4448,available_on,2026-09-07,,
2026-08-31T20:06:24.745Z,beaudry,Beaudry,B-4107,41,,studio,Studio,0,1,550,3140,3140,3156,available_on,2026-09-05,,
2026-08-31T20:06:24.745Z,beaudry,Beaudry,B-4116,41,,2-bed,2 Bed,2,2,1192,6342,6342,6358,available_on,2026-08-31,,
2026-08-31T20:06:24.745Z,beaudry,Beaudry,B-4306,43,,1-bed,1 Bed,1,1,882,4462,4462,4478,available_on,2026-11-04,,
2026-08-31T20:06:24.745Z,beaudry,Beaudry,B-4413,44,,2-bed,2 Bed,2,2,1192,6047,6047,6063,available_on,2026-08-31,,
2026-08-31T20:06:24.745Z,beaudry,Beaudry,B-4504,45,,1-bed,1 Bed,1,1.5,1134,4800,4800,4816,available_on,2026-10-06,,
2026-08-31T20:06:24.745Z,beaudry,Beaudry,B-4507,45,,studio,Studio,0,1,550,3180,3180,3196,available_on,2026-10-08,,
2026-08-31T20:06:24.745Z,beaudry,Beaudry,B-4615,46,,1-bed,1 Bed,1,1,568,3200,3200,3216,available_on,2026-11-15,,
2026-08-31T20:06:24.745Z,beaudry,Beaudry,B-4704,47,,1-bed,1 Bed,1,1.5,1134,4820,4820,4836,available_on,2026-09-24,,
2026-08-31T20:06:24.745Z,beaudry,Beaudry,B-4707,47,,studio,Studio,0,1,550,3200,3200,3216,available_on,2026-10-17,,
2026-08-31T20:06:24.745Z,beaudry,Beaudry,B-4713,47,,2-bed,2 Bed,2,2,1192,6077,6077,6093,available_on,2026-11-03,,
2026-08-31T20:06:24.745Z,beaudry,Beaudry,B-4714,47,,1-bed,1 Bed,1,1,817,4462,4462,4478,available_on,2026-09-17,,
2026-08-31T20:06:24.745Z,beaudry,Beaudry,B-4910,49,,1-bed,1 Bed,1,1.5,926,4355,4355,4371,available_on,2026-10-10,,
2026-08-31T20:06:24.745Z,beaudry,Beaudry,B-5002,50,,2-bed,2 Bed,2,2.5,1531,6580,6580,6596,available_on,2026-11-03,,
2026-08-31T20:06:24.745Z,beaudry,Beaudry,B-5209,52,,2-bed,2 Bed,2,2,1230,6295,6295,6311,available_on,2026-09-15,,
2026-08-31T20:06:24.745Z,beaudry,Beaudry,B-5405,54,,3-bed,3 Bed,3,2.5,1734,9047,9047,9063,available_on,2026-10-05,,
2026-08-31T20:06:24.745Z,beaudry,Beaudry,B-5607,56,,1-bed,1 Bed,1,1,1006,5610,5610,5626,available_on,2026-08-31,,
2026-08-31T20:06:24.745Z,circa-la,Circa LA,W3206,32,,1-bed,1 Bed,1,1,745,3331,3331,3381,available_on,2026-08-31,,
2026-08-31T20:06:24.745Z,circa-la,Circa LA,W3208,32,,1-bed,1 Bed,1,1,770,3607,3607,3657,available_on,2026-08-31,,
2026-08-31T20:06:24.745Z,circa-la,Circa LA,W2618,26,,1-bed,1 Bed,1,1,923,4069,4069,4119,available_on,2026-08-31,,
2026-08-31T20:06:24.745Z,circa-la,Circa LA,W2502,25,,1-bed,1 Bed,1,1,627,2910,2910,2960,available_on,2026-08-31,,
2026-08-31T20:06:24.745Z,circa-la,Circa LA,W2518,25,,1-bed,1 Bed,1,1,923,3786,3786,3836,available_on,2026-08-31,,
2026-08-31T20:06:24.745Z,circa-la,Circa LA,W2006,20,,1-bed,1 Bed,1,1,745,3359,3359,3409,available_on,2026-09-14,,
2026-08-31T20:06:24.745Z,circa-la,Circa LA,W1708,17,,1-bed,1 Bed,1,1,770,3298,3298,3348,available_on,2026-08-31,,
2026-08-31T20:06:24.745Z,circa-la,Circa LA,W1724,17,,2-bed,2 Bed,2,2,1463,4755,4755,4805,available_on,2026-10-28,,
2026-08-31T20:06:24.745Z,circa-la,Circa LA,W1624,16,,2-bed,2 Bed,2,2,1463,4747,4747,4797,available_on,2026-09-03,,
2026-08-31T20:06:24.745Z,circa-la,Circa LA,W1412,14,,2-bed,2 Bed,2,2.5,1762,5527,5527,5577,available_on,2026-09-26,,
2026-08-31T20:06:24.745Z,circa-la,Circa LA,W1102,11,,1-bed,1 Bed,1,1,627,2785,2785,2835,available_on,2026-08-31,,
2026-08-31T20:06:24.745Z,circa-la,Circa LA,W1120,11,,1-bed,1 Bed,1,1,927,3300,3300,3350,available_on,2026-09-18,,
2026-08-31T20:06:24.745Z,circa-la,Circa LA,W820,8,,1-bed,1 Bed,1,1,927,3945,3945,3995,available_on,2026-08-31,,
2026-08-31T20:06:24.745Z,circa-la,Circa LA,E3201,32,,1-bed,1 Bed,1,1,627,3116,3116,3166,available_on,2026-08-31,,
2026-08-31T20:06:24.745Z,circa-la,Circa LA,E3221,32,,1-bed,1 Bed,1,1,871,3681,3681,3731,available_on,2026-08-31,,
2026-08-31T20:06:24.745Z,circa-la,Circa LA,E2911,29,,2-bed,2 Bed,2,2.5,1762,5690,5690,5740,available_on,2026-08-31,,
2026-08-31T20:06:24.745Z,circa-la,Circa LA,E2917,29,,1-bed,1 Bed,1,1,923,3872,3872,3922,available_on,2026-09-10,,
2026-08-31T20:06:24.745Z,circa-la,Circa LA,E2921,29,,1-bed,1 Bed,1,1,871,3644,3644,3694,available_on,2026-10-04,,
2026-08-31T20:06:24.745Z,circa-la,Circa LA,E2501,25,,1-bed,1 Bed,1,1,627,2876,2876,2926,available_on,2026-09-17,,
2026-08-31T20:06:24.745Z,circa-la,Circa LA,E2411,24,,2-bed,2 Bed,2,2.5,1762,5527,5527,5577,available_on,2026-09-08,,
2026-08-31T20:06:24.745Z,circa-la,Circa LA,E2419,24,,1-bed,1 Bed,1,1,927,3495,3495,3545,available_on,2026-09-21,,
2026-08-31T20:06:24.745Z,circa-la,Circa LA,E2223,22,,2-bed,2 Bed,2,2,1463,4928,4928,4978,available_on,2026-08-31,,
2026-08-31T20:06:24.745Z,circa-la,Circa LA,E1405,14,,1-bed,1 Bed,1,1,745,2941,2941,2991,available_on,2026-09-24,,
2026-08-31T20:06:24.745Z,circa-la,Circa LA,E1421,14,,1-bed,1 Bed,1,1,871,3269,3269,3319,available_on,2026-09-07,,
2026-08-31T20:06:24.745Z,circa-la,Circa LA,E1115,11,,1-bed,1 Bed,1,1,868,3269,3269,3319,available_on,2026-10-04,,
2026-08-31T20:06:24.745Z,circa-la,Circa LA,E3301,33,,3-bed,3 Bed,3,4.5,3984,19486,19486,19536,available_on,2026-08-31,,
2026-08-31T20:06:24.745Z,circa-la,Circa LA,E3309,33,,2-bed,2 Bed,2,2.5,2087,8874,8874,8924,available_on,2026-09-29,,
2026-08-31T20:06:24.745Z,circa-la,Circa LA,W3302,33,,3-bed,3 Bed,3,4.5,3842,22551,22551,22601,available_on,2026-08-31,,
2026-08-31T20:06:24.745Z,circa-la,Circa LA,W3312,33,,3-bed,3 Bed,3,3.5,2900,17028,17028,17078,available_on,2026-08-31,,
2026-08-31T20:06:24.745Z,circa-la,Circa LA,E3411,34,,3-bed,3 Bed,3,3.5,2878,12767,12767,12817,available_on,2026-08-31,,
2026-08-31T20:06:24.745Z,circa-la,Circa LA,W3402,34,,3-bed,3 Bed,3,4.5,3842,22643,22643,22693,available_on,2026-08-31,,
2026-08-31T20:06:24.745Z,circa-la,Circa LA,W3406,34,,2-bed,2 Bed,2,2,1338,7315,7315,7365,available_on,2026-09-01,,
2026-08-31T20:06:24.745Z,circa-la,Circa LA,E3501,35,,3-bed,3 Bed,3,4.5,3984,22435,22435,22485,available_on,2026-08-31,,
2026-08-31T20:06:24.745Z,circa-la,Circa LA,E3505,35,,2-bed,2 Bed,2,2,1338,6188,6188,6238,available_on,2026-08-31,,
2026-08-31T20:06:24.745Z,circa-la,Circa LA,E3511,35,,3-bed,3 Bed,3,3.5,2878,14850,14850,14900,available_on,2026-08-31,,
2026-08-31T20:06:24.745Z,circa-la,Circa LA,W3502,35,,3-bed,3 Bed,3,4.5,3842,23359,23359,23409,available_on,2026-08-31,,
2026-08-31T20:06:24.745Z,circa-la,Circa LA,W3508,35,,2-bed,2 Bed,2,2,1524,8045,8045,8095,available_on,2026-10-31,,
2026-08-31T20:06:24.745Z,circa-la,Circa LA,W3512,35,,3-bed,3 Bed,3,3.5,2900,17398,17398,17448,available_on,2026-08-31,,
2026-09-01T01:52:08.230Z,825-south-hill,825 South Hill,201,2,A2,2-bed-den,2 Bed + Den,2,,1090,3949,5065,,available,,29417540,2413008
2026-09-01T01:52:08.230Z,825-south-hill,825 South Hill,301,3,A2,2-bed-den,2 Bed + Den,2,,1090,3949,5065,,available,,29417543,2413008
2026-09-01T01:52:08.230Z,825-south-hill,825 South Hill,302,3,B,2-bed,2 Bed,2,,993,3894,5002,,available,,29417544,2413011
2026-09-01T01:52:08.230Z,825-south-hill,825 South Hill,607,6,TH2,townhomes,Townhomes,,,1385,5564,7492,,available,,29417562,2413022
2026-09-01T01:52:08.230Z,825-south-hill,825 South Hill,3012,30,K,1-bed,1 Bed,1,,670,3499,4457,,available_on,2026-10-12,29417188,2413027
2026-09-01T01:52:08.230Z,825-south-hill,825 South Hill,3412,34,K,1-bed,1 Bed,1,,670,3514,4499,,available,,29417189,2413027
2026-09-01T01:52:08.230Z,825-south-hill,825 South Hill,2901,29,K1,1-bed,1 Bed,1,,716,3514,4489,,available_on,2026-09-07,29417218,2413028
2026-09-01T01:52:08.230Z,825-south-hill,825 South Hill,1703,17,M,2-bed-den,2 Bed + Den,2,,1099,4203,5353,,available_on,2026-11-04,29417237,2413032
2026-09-01T01:52:08.230Z,825-south-hill,825 South Hill,1504,15,N,jr-2-bed,Jr. 2 Bed,2,,792,3200,4118,,available,,29417296,2413034
2026-09-01T01:52:08.230Z,825-south-hill,825 South Hill,2204,22,N,jr-2-bed,Jr. 2 Bed,2,,792,3285,4221,,available_on,2026-09-28,29417302,2413034
2026-09-01T01:52:08.230Z,825-south-hill,825 South Hill,3704,37,N,jr-2-bed,Jr. 2 Bed,2,,792,3525,4529,,available_on,2026-09-14,29417313,2413034
2026-09-01T01:52:08.230Z,825-south-hill,825 South Hill,4204,42,N,jr-2-bed,Jr. 2 Bed,2,,792,3645,4691,,available,,29417317,2413034
2026-09-01T01:52:08.230Z,825-south-hill,825 South Hill,3610,36,N1,jr-2-bed,Jr. 2 Bed,2,,807,3410,4388,,available,,29417341,2413035
2026-09-01T01:52:08.230Z,825-south-hill,825 South Hill,3902,39,O,1-bed,1 Bed,1,,538,3247,4112,,available_on,2026-10-10,29417415,2413037
2026-09-01T01:52:08.230Z,825-south-hill,825 South Hill,4602,46,O,1-bed,1 Bed,1,,538,3392,4281,,available_on,2026-11-07,29417390,2413037
2026-09-01T01:52:08.230Z,825-south-hill,825 South Hill,1107,11,O1,1-bed,1 Bed,1,,560,2902,3688,,available_on,2026-09-28,29417419,2413039
2026-09-01T01:52:08.230Z,825-south-hill,825 South Hill,2406,24,O3,1-bed,1 Bed,1,,562,3037,3846,,available_on,2026-10-02,29417461,2522879
2026-09-01T01:52:08.230Z,825-south-hill,825 South Hill,4706,47,SKY3,skyhomes,Skyhomes,,,1365,5807,7456,,available_on,2026-10-14,38827826,2413047
2026-09-01T01:52:08.230Z,atelier,Atelier,0707,7,,1-bed,1 Bed,1,1,778,3400,3400,3417,available_on,2026-10-22,,
2026-09-01T01:52:08.230Z,atelier,Atelier,1402,14,,1-bed,1 Bed,1,1,622,3450,3450,3467,available_on,2026-11-07,,
2026-09-01T01:52:08.230Z,atelier,Atelier,1508,15,,1-bed,1 Bed,1,1,778,3565,3565,3582,available_on,2026-10-18,,
2026-09-01T01:52:08.230Z,atelier,Atelier,1905,19,,1-bed,1 Bed,1,1,778,3910,3910,3927,available_on,2026-09-15,,
2026-09-01T01:52:08.230Z,atelier,Atelier,2102,21,,1-bed,1 Bed,1,1,622,3665,3665,3682,available_on,2026-11-28,,
2026-09-01T01:52:08.230Z,atelier,Atelier,2312,23,,1-bed,1 Bed,1,1,685,3975,3975,3992,available_on,2026-10-08,,
2026-09-01T01:52:08.230Z,atelier,Atelier,2404,24,,1-bed,1 Bed,1,1,829,4270,4270,4287,available_on,2026-09-01,,
2026-09-01T01:52:08.230Z,atelier,Atelier,2411,24,,2-bed,2 Bed,2,2,1043,4653,4653,4670,available_on,2026-11-05,,
2026-09-01T01:52:08.230Z,atelier,Atelier,2414,24,,2-bed,2 Bed,2,2,975,4703,4703,4720,available_on,2026-09-07,,
2026-09-01T01:52:08.230Z,atelier,Atelier,2501,25,,2-bed,2 Bed,2,2.5,1377,6470,6470,6487,available_on,2026-09-01,,
2026-09-01T01:52:08.230Z,atelier,Atelier,2502,25,,2-bed,2 Bed,2,2.5,1514,7515,7515,7532,available_on,2026-09-03,,
2026-09-01T01:52:08.230Z,atelier,Atelier,2504,25,,1-bed,1 Bed,1,1,829,4290,4290,4307,available_on,2026-10-28,,
2026-09-01T01:52:08.230Z,atelier,Atelier,2602,26,,2-bed,2 Bed,2,2.5,1514,7535,7535,7552,available_on,2026-09-01,,
2026-09-01T01:52:08.230Z,atelier,Atelier,3001,30,,2-bed,2 Bed,2,2.5,1377,6660,6660,6677,available_on,2026-09-21,,
2026-09-01T01:52:08.230Z,atelier,Atelier,3106,31,,1-bed,1 Bed,1,1,778,4225,4225,4242,available_on,2026-09-01,,
2026-09-01T01:52:08.230Z,atelier,Atelier,3108,31,,1-bed,1 Bed,1,1,685,4315,4315,4332,available_on,2026-09-01,,
2026-09-01T01:52:08.230Z,atelier,Atelier,3110,31,,1-bed,1 Bed,1,1,685,4400,4400,4417,available_on,2026-09-01,,
2026-09-01T01:52:08.230Z,atelier,Atelier,3202,32,,2-bed,2 Bed,2,2.5,1514,7795,7795,7812,available_on,2026-09-25,,
2026-09-01T01:52:08.230Z,atelier,Atelier,3208,32,,1-bed,1 Bed,1,1,685,4385,4385,4402,available_on,2026-09-01,,
2026-09-01T01:52:08.230Z,atelier,Atelier,3210,32,,1-bed,1 Bed,1,1,685,4470,4470,4487,available_on,2026-09-01,,
2026-09-01T01:52:08.230Z,atelier,Atelier,PH01,,,2-bed,2 Bed,2,2.5,1470,8942,8942,8959,available_on,2026-09-01,,
2026-09-01T01:52:08.230Z,atelier,Atelier,PH08,,,3-bed,3 Bed,3,3,1731,9218,9218,9235,available_on,2026-09-01,,
2026-09-01T01:52:08.230Z,eighth-and-grand,Eighth & Grand,0-2017,,,1-bed,1 Bed,1,1,762,2403,2403,2422,available_on,2026-09-10,,
2026-09-01T01:52:08.230Z,eighth-and-grand,Eighth & Grand,0-2029,,,1-bed,1 Bed,1,1,762,2403,2403,2422,available_on,2026-09-04,,
2026-09-01T01:52:08.230Z,eighth-and-grand,Eighth & Grand,0-2034,,,2-bed,2 Bed,2,1,905,3048,3048,3067,available_on,2026-10-06,,
2026-09-01T01:52:08.230Z,eighth-and-grand,Eighth & Grand,0-2037,,,1-bed,1 Bed,1,1,762,2403,2403,2422,available_on,2026-09-15,,
2026-09-01T01:52:08.230Z,eighth-and-grand,Eighth & Grand,0-2041,,,1-bed,1 Bed,1,1,762,2403,2403,2422,available_on,2026-09-05,,
2026-09-01T01:52:08.230Z,eighth-and-grand,Eighth & Grand,0-2051,,,2-bed,2 Bed,2,2.5,1094,3797,3797,3816,available_on,2026-09-01,,
2026-09-01T01:52:08.230Z,eighth-and-grand,Eighth & Grand,0-2102,,,studio,Studio,0,1,527,2176,2176,2195,available_on,2026-10-17,,
2026-09-01T01:52:08.230Z,eighth-and-grand,Eighth & Grand,0-2110,,,studio,Studio,0,1,520,2121,2121,2140,available_on,2026-09-01,,
2026-09-01T01:52:08.230Z,eighth-and-grand,Eighth & Grand,0-2152,,,studio,Studio,0,1,540,2181,2181,2200,available_on,2026-10-16,,
2026-09-01T01:52:08.230Z,eighth-and-grand,Eighth & Grand,0-2161,,,2-bed,2 Bed,2,2,1109,3347,3347,3366,available_on,2026-10-10,,
2026-09-01T01:52:08.230Z,eighth-and-grand,Eighth & Grand,0-3028,,,1-bed,1 Bed,1,1,779,2723,2723,2742,available_on,2026-09-01,,
2026-09-01T01:52:08.230Z,eighth-and-grand,Eighth & Grand,0-3104,,,1-bed,1 Bed,1,1,802,2588,2588,2607,available_on,2026-09-28,,
2026-09-01T01:52:08.230Z,eighth-and-grand,Eighth & Grand,0-3136,,,1-bed,1 Bed,1,1,777,2263,2263,2282,available_on,2026-10-12,,
2026-09-01T01:52:08.230Z,eighth-and-grand,Eighth & Grand,0-4028,,,1-bed,1 Bed,1,1,779,2743,2743,2762,available_on,2026-10-09,,
2026-09-01T01:52:08.230Z,eighth-and-grand,Eighth & Grand,0-4071,,,1-bed,1 Bed,1,1,840,2368,2368,2387,available_on,2026-10-23,,
2026-09-01T01:52:08.230Z,eighth-and-grand,Eighth & Grand,0-4108,,,studio,Studio,0,1,540,2306,2306,2325,available_on,2026-09-01,,
2026-09-01T01:52:08.230Z,eighth-and-grand,Eighth & Grand,0-4114,,,studio,Studio,0,1,520,2261,2261,2280,available_on,2026-10-15,,
2026-09-01T01:52:08.230Z,eighth-and-grand,Eighth & Grand,0-4131,,,1-bed,1 Bed,1,1,578,2427,2427,2446,available_on,2026-09-01,,
2026-09-01T01:52:08.230Z,eighth-and-grand,Eighth & Grand,0-4134,,,1-bed,1 Bed,1,1,777,2383,2383,2402,available_on,2026-10-04,,
2026-09-01T01:52:08.230Z,eighth-and-grand,Eighth & Grand,0-5005,,,1-bed,1 Bed,1,1,762,2813,2813,2832,available_on,2026-09-01,,
2026-09-01T01:52:08.230Z,eighth-and-grand,Eighth & Grand,0-5026,,,1-bed,1 Bed,1,1,779,2803,2803,2822,available_on,2026-09-01,,
2026-09-01T01:52:08.230Z,eighth-and-grand,Eighth & Grand,0-5032,,,1-bed,1 Bed,1,1,779,2803,2803,2822,available_on,2026-09-01,,
2026-09-01T01:52:08.230Z,eighth-and-grand,Eighth & Grand,0-5034,,,2-bed,2 Bed,2,2,1046,3357,3357,3376,available_on,2026-09-01,,
2026-09-01T01:52:08.230Z,eighth-and-grand,Eighth & Grand,0-5035,,,1-bed,1 Bed,1,1,880,2813,2813,2832,available_on,2026-09-01,,
2026-09-01T01:52:08.230Z,eighth-and-grand,Eighth & Grand,0-5039,,,1-bed,1 Bed,1,1,762,2778,2778,2797,available_on,2026-09-01,,
2026-09-01T01:52:08.230Z,eighth-and-grand,Eighth & Grand,0-5046,,,1-bed,1 Bed,1,1,578,2522,2522,2541,available_on,2026-09-20,,
2026-09-01T01:52:08.230Z,eighth-and-grand,Eighth & Grand,0-5086,,,1-bed,1 Bed,1,1,777,2403,2403,2422,available_on,2026-10-06,,
2026-09-01T01:52:08.230Z,eighth-and-grand,Eighth & Grand,0-5094,,,1-bed,1 Bed,1,1,715,2653,2653,2672,available_on,2026-09-01,,
2026-09-01T01:52:08.230Z,eighth-and-grand,Eighth & Grand,0-5096,,,1-bed,1 Bed,1,1,584,2488,2488,2507,available_on,2026-09-01,,
2026-09-01T01:52:08.230Z,eighth-and-grand,Eighth & Grand,0-5153,,,2-bed,2 Bed,2,2,1278,4002,4002,4021,available_on,2026-09-23,,
2026-09-01T01:52:08.230Z,eighth-and-grand,Eighth & Grand,0-5162,,,studio,Studio,0,1,520,2271,2271,2290,available_on,2026-10-30,,
2026-09-01T01:52:08.230Z,eighth-and-grand,Eighth & Grand,0-6002,,,1-bed,1 Bed,1,1,639,2453,2453,2472,available_on,2026-09-01,,
2026-09-01T01:52:08.230Z,eighth-and-grand,Eighth & Grand,0-6011,,,1-bed,1 Bed,1,1,880,2763,2763,2782,available_on,2026-09-01,,
2026-09-01T01:52:08.230Z,eighth-and-grand,Eighth & Grand,0-6017,,,1-bed,1 Bed,1,1,880,2813,2813,2832,available_on,2026-09-01,,
2026-09-01T01:52:08.230Z,eighth-and-grand,Eighth & Grand,0-6032,,,1-bed,1 Bed,1,1,779,2853,2853,2872,available_on,2026-11-04,,
2026-09-01T01:52:08.230Z,eighth-and-grand,Eighth & Grand,0-6035,,,1-bed,1 Bed,1,1,762,2733,2733,2752,available_on,2026-09-04,,
2026-09-01T01:52:08.230Z,eighth-and-grand,Eighth & Grand,0-6057,,,2-bed,2 Bed,2,2,1211,3677,3677,3696,available_on,2026-09-06,,
2026-09-01T01:52:08.230Z,eighth-and-grand,Eighth & Grand,0-6066,,,1-bed,1 Bed,1,1,762,2728,2728,2747,available_on,2026-09-01,,
2026-09-01T01:52:08.230Z,eighth-and-grand,Eighth & Grand,0-6094,,,1-bed,1 Bed,1,1,715,2778,2778,2797,available_on,2026-09-01,,
2026-09-01T01:52:08.230Z,eighth-and-grand,Eighth & Grand,0-6137,,,1-bed,1 Bed,1,1,578,2527,2527,2546,available_on,2026-09-10,,
2026-09-01T01:52:08.230Z,eighth-and-grand,Eighth & Grand,0-6152,,,studio,Studio,0,1,540,2406,2406,2425,available_on,2026-11-01,,
2026-09-01T01:52:08.230Z,eighth-and-grand,Eighth & Grand,0-6154,,,studio,Studio,0,1,520,2321,2321,2340,available_on,2026-11-07,,
2026-09-01T01:52:08.230Z,eighth-and-grand,Eighth & Grand,0-6166,,,1-bed,1 Bed,1,1,822,2778,2778,2797,available_on,2026-09-28,,
2026-09-01T01:52:08.230Z,eighth-and-grand,Eighth & Grand,0-7024,,,1-bed,1 Bed,1,1,791,2633,2633,2652,available_on,2026-09-01,,
2026-09-01T01:52:08.230Z,eighth-and-grand,Eighth & Grand,0-7042,,,1-bed,1 Bed,1,1,578,2447,2447,2466,available_on,2026-09-01,,
2026-09-01T01:52:08.230Z,eighth-and-grand,Eighth & Grand,0-7066,,,1-bed,1 Bed,1,1,762,2778,2778,2797,available_on,2026-09-01,,
2026-09-01T01:52:08.230Z,eighth-and-grand,Eighth & Grand,0-7071,,,1-bed,1 Bed,1,1,840,2793,2793,2812,available_on,2026-09-07,,
2026-09-01T01:52:08.230Z,eighth-and-grand,Eighth & Grand,0-7082,,,1-bed,1 Bed,1,1,777,2608,2608,2627,available_on,2026-09-01,,
2026-09-01T01:52:08.230Z,eighth-and-grand,Eighth & Grand,0-7090,,,2-bed,2 Bed,2,1,976,3282,3282,3301,available_on,2026-09-01,,
2026-09-01T01:52:08.230Z,eighth-and-grand,Eighth & Grand,0-7096,,,1-bed,1 Bed,1,1,584,2563,2563,2582,available_on,2026-09-01,,
2026-09-01T01:52:08.230Z,eighth-and-grand,Eighth & Grand,0-7145,,,2-bed,2 Bed,2,2,1099,4122,4122,4141,available_on,2026-10-01,,
2026-09-01T01:52:08.230Z,eighth-and-grand,Eighth & Grand,0-7167,,,1-bed,1 Bed,1,1,578,2627,2627,2646,available_on,2026-10-07,,
2026-09-01T01:52:08.230Z,beaudry,Beaudry,B-0514,5,,1-bed,1 Bed,1,1,794,3927,3927,3943,available_on,2026-10-31,,
2026-09-01T01:52:08.230Z,beaudry,Beaudry,B-0814,8,,1-bed,1 Bed,1,1,802,3957,3957,3973,available_on,2026-11-06,,
2026-09-01T01:52:08.230Z,beaudry,Beaudry,B-1007,10,,studio,Studio,0,1,550,2660,2660,2676,available_on,2026-10-22,,
2026-09-01T01:52:08.230Z,beaudry,Beaudry,B-1014,10,,1-bed,1 Bed,1,1,802,3977,3977,3993,available_on,2026-09-12,,
2026-09-01T01:52:08.230Z,beaudry,Beaudry,B-1101,11,,1-bed,1 Bed,1,1.5,818,4460,4460,4476,available_on,2026-09-13,,
2026-09-01T01:52:08.230Z,beaudry,Beaudry,B-1104,11,,1-bed,1 Bed,1,1.5,875,3810,3810,3826,available_on,2026-10-27,,
2026-09-01T01:52:08.230Z,beaudry,Beaudry,B-1204,12,,1-bed,1 Bed,1,1.5,875,3875,3875,3891,available_on,2026-10-01,,
2026-09-01T01:52:08.230Z,beaudry,Beaudry,B-1401,14,,1-bed,1 Bed,1,1.5,818,4535,4535,4551,available_on,2026-09-29,,
2026-09-01T01:52:08.230Z,beaudry,Beaudry,B-1416,14,,2-bed,2 Bed,2,2,1192,6047,6047,6063,available_on,2026-09-06,,
2026-09-01T01:52:08.230Z,beaudry,Beaudry,B-1502,15,,studio,Studio,0,1,539,2695,2695,2711,available_on,2026-10-07,,
2026-09-01T01:52:08.230Z,beaudry,Beaudry,B-1602,16,,studio,Studio,0,1,539,2705,2705,2721,available_on,2026-10-09,,
2026-09-01T01:52:08.230Z,beaudry,Beaudry,B-1804,18,,1-bed,1 Bed,1,1.5,875,3925,3925,3941,available_on,2026-09-21,,
2026-09-01T01:52:08.230Z,beaudry,Beaudry,B-1806,18,,1-bed,1 Bed,1,1,868,4162,4162,4178,available_on,2026-10-10,,
2026-09-01T01:52:08.230Z,beaudry,Beaudry,B-1904,19,,1-bed,1 Bed,1,1.5,891,3900,3900,3916,available_on,2026-09-18,,
2026-09-01T01:52:08.230Z,beaudry,Beaudry,B-2004,20,,1-bed,1 Bed,1,1.5,891,3910,3910,3926,available_on,2026-10-04,,
2026-09-01T01:52:08.230Z,beaudry,Beaudry,B-2009,20,,1-bed,1 Bed,1,1,860,4842,4842,4858,available_on,2026-09-24,,
2026-09-01T01:52:08.230Z,beaudry,Beaudry,B-2013,20,,2-bed,2 Bed,2,2,1192,5782,5782,5798,available_on,2026-09-16,,
2026-09-01T01:52:08.230Z,beaudry,Beaudry,B-2014,20,,1-bed,1 Bed,1,1,817,4117,4117,4133,available_on,2026-10-23,,
2026-09-01T01:52:08.230Z,beaudry,Beaudry,B-2101,21,,1-bed,1 Bed,1,1.5,818,4605,4605,4621,available_on,2026-09-18,,
2026-09-01T01:52:08.230Z,beaudry,Beaudry,B-2114,21,,1-bed,1 Bed,1,1,817,4127,4127,4143,available_on,2026-09-21,,
2026-09-01T01:52:08.230Z,beaudry,Beaudry,B-2204,22,,1-bed,1 Bed,1,1.5,891,3930,3930,3946,available_on,2026-09-29,,
2026-09-01T01:52:08.230Z,beaudry,Beaudry,B-2313,23,,2-bed,2 Bed,2,2,1192,5812,5812,5828,available_on,2026-09-01,,
2026-09-01T01:52:08.230Z,beaudry,Beaudry,B-2413,24,,2-bed,2 Bed,2,2,1192,5822,5822,5838,available_on,2026-09-12,,
2026-09-01T01:52:08.230Z,beaudry,Beaudry,B-2415,24,,1-bed,1 Bed,1,1,568,2955,2955,2971,available_on,2026-10-08,,
2026-09-01T01:52:08.230Z,beaudry,Beaudry,B-2514,25,,1-bed,1 Bed,1,1,817,4167,4167,4183,available_on,2026-09-16,,
2026-09-01T01:52:08.230Z,beaudry,Beaudry,B-2805,28,,1-bed,1 Bed,1,1,939,4402,4402,4418,available_on,2026-10-01,,
2026-09-01T01:52:08.230Z,beaudry,Beaudry,B-2906,29,,1-bed,1 Bed,1,1,882,4297,4297,4313,available_on,2026-09-30,,
2026-09-01T01:52:08.230Z,beaudry,Beaudry,B-2910,29,,1-bed,1 Bed,1,1,594,2940,2940,2956,available_on,2026-10-03,,
2026-09-01T01:52:08.230Z,beaudry,Beaudry,B-3005,30,,1-bed,1 Bed,1,1,939,4422,4422,4438,available_on,2026-09-27,,
2026-09-01T01:52:08.230Z,beaudry,Beaudry,B-3008,30,,2-bed,2 Bed,2,2,1200,6652,6652,6668,available_on,2026-09-01,,
2026-09-01T01:52:08.230Z,beaudry,Beaudry,B-3205,32,,1-bed,1 Bed,1,1,939,4442,4442,4458,available_on,2026-10-14,,
2026-09-01T01:52:08.230Z,beaudry,Beaudry,B-3310,33,,1-bed,1 Bed,1,1,594,2980,2980,2996,available_on,2026-10-08,,
2026-09-01T01:52:08.230Z,beaudry,Beaudry,B-3401,34,,1-bed,1 Bed,1,1.5,818,4735,4735,4751,available_on,2026-10-02,,
2026-09-01T01:52:08.230Z,beaudry,Beaudry,B-3406,34,,1-bed,1 Bed,1,1,882,4347,4347,4363,available_on,2026-10-16,,
2026-09-01T01:52:08.230Z,beaudry,Beaudry,B-3709,37,,1-bed,1 Bed,1,1,860,5187,5187,5203,available_on,2026-10-24,,
2026-09-01T01:52:08.230Z,beaudry,Beaudry,B-3713,37,,2-bed,2 Bed,2,2,1192,5977,5977,5993,available_on,2026-09-01,,
2026-09-01T01:52:08.230Z,beaudry,Beaudry,B-4002,40,,studio,Studio,0,1,539,2970,2970,2986,available_on,2026-10-22,,
2026-09-01T01:52:08.230Z,beaudry,Beaudry,B-4006,40,,1-bed,1 Bed,1,1,882,4432,4432,4448,available_on,2026-09-07,,
2026-09-01T01:52:08.230Z,beaudry,Beaudry,B-4107,41,,studio,Studio,0,1,550,3140,3140,3156,available_on,2026-09-05,,
2026-09-01T01:52:08.230Z,beaudry,Beaudry,B-4116,41,,2-bed,2 Bed,2,2,1192,6342,6342,6358,available_on,2026-09-01,,
2026-09-01T01:52:08.230Z,beaudry,Beaudry,B-4306,43,,1-bed,1 Bed,1,1,882,4462,4462,4478,available_on,2026-11-04,,
2026-09-01T01:52:08.230Z,beaudry,Beaudry,B-4413,44,,2-bed,2 Bed,2,2,1192,6047,6047,6063,available_on,2026-09-01,,
2026-09-01T01:52:08.230Z,beaudry,Beaudry,B-4504,45,,1-bed,1 Bed,1,1.5,1134,4800,4800,4816,available_on,2026-10-06,,
2026-09-01T01:52:08.230Z,beaudry,Beaudry,B-4507,45,,studio,Studio,0,1,550,3180,3180,3196,available_on,2026-10-08,,
2026-09-01T01:52:08.230Z,beaudry,Beaudry,B-4615,46,,1-bed,1 Bed,1,1,568,3200,3200,3216,available_on,2026-11-15,,
2026-09-01T01:52:08.230Z,beaudry,Beaudry,B-4704,47,,1-bed,1 Bed,1,1.5,1134,4820,4820,4836,available_on,2026-09-24,,
2026-09-01T01:52:08.230Z,beaudry,Beaudry,B-4707,47,,studio,Studio,0,1,550,3200,3200,3216,available_on,2026-10-17,,
2026-09-01T01:52:08.230Z,beaudry,Beaudry,B-4713,47,,2-bed,2 Bed,2,2,1192,6077,6077,6093,available_on,2026-11-03,,
2026-09-01T01:52:08.230Z,beaudry,Beaudry,B-4714,47,,1-bed,1 Bed,1,1,817,4462,4462,4478,available_on,2026-09-17,,
2026-09-01T01:52:08.230Z,beaudry,Beaudry,B-4910,49,,1-bed,1 Bed,1,1.5,926,4355,4355,4371,available_on,2026-10-10,,
2026-09-01T01:52:08.230Z,beaudry,Beaudry,B-5002,50,,2-bed,2 Bed,2,2.5,1531,6580,6580,6596,available_on,2026-11-03,,
2026-09-01T01:52:08.230Z,beaudry,Beaudry,B-5209,52,,2-bed,2 Bed,2,2,1230,6295,6295,6311,available_on,2026-09-15,,
2026-09-01T01:52:08.230Z,beaudry,Beaudry,B-5405,54,,3-bed,3 Bed,3,2.5,1734,9047,9047,9063,available_on,2026-10-05,,
2026-09-01T01:52:08.230Z,beaudry,Beaudry,B-5607,56,,1-bed,1 Bed,1,1,1006,5610,5610,5626,available_on,2026-09-01,,
2026-09-01T01:52:08.230Z,circa-la,Circa LA,W3206,32,,1-bed,1 Bed,1,1,745,3331,3331,3381,available_on,2026-08-31,,
2026-09-01T01:52:08.230Z,circa-la,Circa LA,W3208,32,,1-bed,1 Bed,1,1,770,3607,3607,3657,available_on,2026-08-31,,
2026-09-01T01:52:08.230Z,circa-la,Circa LA,W2618,26,,1-bed,1 Bed,1,1,923,4069,4069,4119,available_on,2026-08-31,,
2026-09-01T01:52:08.230Z,circa-la,Circa LA,W2502,25,,1-bed,1 Bed,1,1,627,2910,2910,2960,available_on,2026-08-31,,
2026-09-01T01:52:08.230Z,circa-la,Circa LA,W2518,25,,1-bed,1 Bed,1,1,923,3786,3786,3836,available_on,2026-08-31,,
2026-09-01T01:52:08.230Z,circa-la,Circa LA,W2006,20,,1-bed,1 Bed,1,1,745,3359,3359,3409,available_on,2026-09-14,,
2026-09-01T01:52:08.230Z,circa-la,Circa LA,W1708,17,,1-bed,1 Bed,1,1,770,3298,3298,3348,available_on,2026-08-31,,
2026-09-01T01:52:08.230Z,circa-la,Circa LA,W1724,17,,2-bed,2 Bed,2,2,1463,4755,4755,4805,available_on,2026-10-28,,
2026-09-01T01:52:08.230Z,circa-la,Circa LA,W1624,16,,2-bed,2 Bed,2,2,1463,4747,4747,4797,available_on,2026-09-03,,
2026-09-01T01:52:08.230Z,circa-la,Circa LA,W1412,14,,2-bed,2 Bed,2,2.5,1762,5527,5527,5577,available_on,2026-09-26,,
2026-09-01T01:52:08.230Z,circa-la,Circa LA,W1102,11,,1-bed,1 Bed,1,1,627,2785,2785,2835,available_on,2026-08-31,,
2026-09-01T01:52:08.230Z,circa-la,Circa LA,W1120,11,,1-bed,1 Bed,1,1,927,3300,3300,3350,available_on,2026-09-18,,
2026-09-01T01:52:08.230Z,circa-la,Circa LA,W820,8,,1-bed,1 Bed,1,1,927,3945,3945,3995,available_on,2026-08-31,,
2026-09-01T01:52:08.230Z,circa-la,Circa LA,E3201,32,,1-bed,1 Bed,1,1,627,3116,3116,3166,available_on,2026-08-31,,
2026-09-01T01:52:08.230Z,circa-la,Circa LA,E3221,32,,1-bed,1 Bed,1,1,871,3681,3681,3731,available_on,2026-08-31,,
2026-09-01T01:52:08.230Z,circa-la,Circa LA,E2911,29,,2-bed,2 Bed,2,2.5,1762,5690,5690,5740,available_on,2026-08-31,,
2026-09-01T01:52:08.230Z,circa-la,Circa LA,E2917,29,,1-bed,1 Bed,1,1,923,3872,3872,3922,available_on,2026-09-10,,
2026-09-01T01:52:08.230Z,circa-la,Circa LA,E2921,29,,1-bed,1 Bed,1,1,871,3644,3644,3694,available_on,2026-10-04,,
2026-09-01T01:52:08.230Z,circa-la,Circa LA,E2501,25,,1-bed,1 Bed,1,1,627,2876,2876,2926,available_on,2026-09-17,,
2026-09-01T01:52:08.230Z,circa-la,Circa LA,E2411,24,,2-bed,2 Bed,2,2.5,1762,5527,5527,5577,available_on,2026-09-10,,
2026-09-01T01:52:08.230Z,circa-la,Circa LA,E2419,24,,1-bed,1 Bed,1,1,927,3495,3495,3545,available_on,2026-09-21,,
2026-09-01T01:52:08.230Z,circa-la,Circa LA,E2223,22,,2-bed,2 Bed,2,2,1463,4928,4928,4978,available_on,2026-08-31,,
2026-09-01T01:52:08.230Z,circa-la,Circa LA,E1405,14,,1-bed,1 Bed,1,1,745,2941,2941,2991,available_on,2026-09-24,,
2026-09-01T01:52:08.230Z,circa-la,Circa LA,E1421,14,,1-bed,1 Bed,1,1,871,3269,3269,3319,available_on,2026-09-07,,
2026-09-01T01:52:08.230Z,circa-la,Circa LA,E1115,11,,1-bed,1 Bed,1,1,868,3269,3269,3319,available_on,2026-10-04,,
2026-09-01T01:52:08.230Z,circa-la,Circa LA,E825,8,,2-bed,2 Bed,2,2,1285,4461,4461,4511,available_on,2026-08-31,,
2026-09-01T01:52:08.230Z,circa-la,Circa LA,E3301,33,,3-bed,3 Bed,3,4.5,3984,19486,19486,19536,available_on,2026-08-31,,
2026-09-01T01:52:08.230Z,circa-la,Circa LA,E3309,33,,2-bed,2 Bed,2,2.5,2087,8874,8874,8924,available_on,2026-09-29,,
2026-09-01T01:52:08.230Z,circa-la,Circa LA,W3302,33,,3-bed,3 Bed,3,4.5,3842,22551,22551,22601,available_on,2026-08-31,,
2026-09-01T01:52:08.230Z,circa-la,Circa LA,W3312,33,,3-bed,3 Bed,3,3.5,2900,17028,17028,17078,available_on,2026-08-31,,
2026-09-01T01:52:08.230Z,circa-la,Circa LA,E3411,34,,3-bed,3 Bed,3,3.5,2878,12767,12767,12817,available_on,2026-08-31,,
2026-09-01T01:52:08.230Z,circa-la,Circa LA,W3402,34,,3-bed,3 Bed,3,4.5,3842,22643,22643,22693,available_on,2026-08-31,,
2026-09-01T01:52:08.230Z,circa-la,Circa LA,W3406,34,,2-bed,2 Bed,2,2,1338,7315,7315,7365,available_on,2026-09-01,,
2026-09-01T01:52:08.230Z,circa-la,Circa LA,E3501,35,,3-bed,3 Bed,3,4.5,3984,22435,22435,22485,available_on,2026-08-31,,
2026-09-01T01:52:08.230Z,circa-la,Circa LA,E3505,35,,2-bed,2 Bed,2,2,1338,6188,6188,6238,available_on,2026-08-31,,
2026-09-01T01:52:08.230Z,circa-la,Circa LA,E3511,35,,3-bed,3 Bed,3,3.5,2878,14850,14850,14900,available_on,2026-08-31,,
2026-09-01T01:52:08.230Z,circa-la,Circa LA,W3502,35,,3-bed,3 Bed,3,4.5,3842,23359,23359,23409,available_on,2026-08-31,,
2026-09-01T01:52:08.230Z,circa-la,Circa LA,W3508,35,,2-bed,2 Bed,2,2,1524,8045,8045,8095,available_on,2026-10-31,,
2026-09-01T01:52:08.230Z,circa-la,Circa LA,W3512,35,,3-bed,3 Bed,3,3.5,2900,17398,17398,17448,available_on,2026-08-31,,
2026-09-01T17:49:31.478Z,825-south-hill,825 South Hill,201,2,A2,2-bed-den,2 Bed + Den,2,,1090,3949,5065,,available,,29417540,2413008
2026-09-01T17:49:31.478Z,825-south-hill,825 South Hill,301,3,A2,2-bed-den,2 Bed + Den,2,,1090,3949,5065,,available,,29417543,2413008
2026-09-01T17:49:31.478Z,825-south-hill,825 South Hill,302,3,B,2-bed,2 Bed,2,,993,3894,5002,,available,,29417544,2413011
2026-09-01T17:49:31.478Z,825-south-hill,825 South Hill,607,6,TH2,townhomes,Townhomes,,,1385,5564,7492,,available,,29417562,2413022
2026-09-01T17:49:31.478Z,825-south-hill,825 South Hill,4605,46,J,2-bed,2 Bed,2,,991,4597,5907,,available,,29417168,2413023
2026-09-01T17:49:31.478Z,825-south-hill,825 South Hill,3012,30,K,1-bed,1 Bed,1,,670,3499,4457,,available_on,2026-10-12,29417188,2413027
2026-09-01T17:49:31.478Z,825-south-hill,825 South Hill,3412,34,K,1-bed,1 Bed,1,,670,3514,4499,,available,,29417189,2413027
2026-09-01T17:49:31.478Z,825-south-hill,825 South Hill,2901,29,K1,1-bed,1 Bed,1,,716,3514,4489,,available_on,2026-09-07,29417218,2413028
2026-09-01T17:49:31.478Z,825-south-hill,825 South Hill,1703,17,M,2-bed-den,2 Bed + Den,2,,1099,4203,5353,,available_on,2026-11-04,29417237,2413032
2026-09-01T17:49:31.478Z,825-south-hill,825 South Hill,1504,15,N,jr-2-bed,Jr. 2 Bed,2,,792,3200,4118,,available,,29417296,2413034
2026-09-01T17:49:31.478Z,825-south-hill,825 South Hill,2204,22,N,jr-2-bed,Jr. 2 Bed,2,,792,3285,4221,,available_on,2026-09-28,29417302,2413034
2026-09-01T17:49:31.478Z,825-south-hill,825 South Hill,3704,37,N,jr-2-bed,Jr. 2 Bed,2,,792,3525,4529,,available_on,2026-09-14,29417313,2413034
2026-09-01T17:49:31.478Z,825-south-hill,825 South Hill,4204,42,N,jr-2-bed,Jr. 2 Bed,2,,792,3645,4691,,available,,29417317,2413034
2026-09-01T17:49:31.478Z,825-south-hill,825 South Hill,3610,36,N1,jr-2-bed,Jr. 2 Bed,2,,807,3410,4388,,available,,29417341,2413035
2026-09-01T17:49:31.478Z,825-south-hill,825 South Hill,3902,39,O,1-bed,1 Bed,1,,538,3247,4112,,available_on,2026-10-10,29417415,2413037
2026-09-01T17:49:31.478Z,825-south-hill,825 South Hill,4602,46,O,1-bed,1 Bed,1,,538,3392,4281,,available_on,2026-11-07,29417390,2413037
2026-09-01T17:49:31.478Z,825-south-hill,825 South Hill,1107,11,O1,1-bed,1 Bed,1,,560,2902,3688,,available_on,2026-09-28,29417419,2413039
2026-09-01T17:49:31.478Z,825-south-hill,825 South Hill,2406,24,O3,1-bed,1 Bed,1,,562,3037,3846,,available_on,2026-10-02,29417461,2522879
2026-09-01T17:49:31.478Z,825-south-hill,825 South Hill,4706,47,SKY3,skyhomes,Skyhomes,,,1365,5807,7456,,available_on,2026-10-14,38827826,2413047
2026-09-01T17:49:31.478Z,825-south-hill,825 South Hill,4906,49,SKY3,skyhomes,Skyhomes,,,1364,5564,7180,,available,,29417489,2413047
2026-09-01T17:49:31.478Z,atelier,Atelier,0707,7,,1-bed,1 Bed,1,1,778,3409,3409,3426,available_on,2026-10-22,,
2026-09-01T17:49:31.478Z,atelier,Atelier,1402,14,,1-bed,1 Bed,1,1,622,3459,3459,3476,available_on,2026-11-07,,
2026-09-01T17:49:31.478Z,atelier,Atelier,1508,15,,1-bed,1 Bed,1,1,778,3574,3574,3591,available_on,2026-10-18,,
2026-09-01T17:49:31.478Z,atelier,Atelier,1905,19,,1-bed,1 Bed,1,1,778,3919,3919,3936,available_on,2026-09-15,,
2026-09-01T17:49:31.478Z,atelier,Atelier,2102,21,,1-bed,1 Bed,1,1,622,3674,3674,3691,available_on,2026-11-28,,
2026-09-01T17:49:31.478Z,atelier,Atelier,2312,23,,1-bed,1 Bed,1,1,685,3984,3984,4001,available_on,2026-10-08,,
2026-09-01T17:49:31.478Z,atelier,Atelier,2404,24,,1-bed,1 Bed,1,1,829,4279,4279,4296,available_on,2026-09-01,,
2026-09-01T17:49:31.478Z,atelier,Atelier,2411,24,,2-bed,2 Bed,2,2,1043,4664,4664,4681,available_on,2026-11-05,,
2026-09-01T17:49:31.478Z,atelier,Atelier,2414,24,,2-bed,2 Bed,2,2,975,4714,4714,4731,available_on,2026-09-07,,
2026-09-01T17:49:31.478Z,atelier,Atelier,2501,25,,2-bed,2 Bed,2,2.5,1377,6481,6481,6498,available_on,2026-09-01,,
2026-09-01T17:49:31.478Z,atelier,Atelier,2502,25,,2-bed,2 Bed,2,2.5,1514,7526,7526,7543,available_on,2026-09-03,,
2026-09-01T17:49:31.478Z,atelier,Atelier,2504,25,,1-bed,1 Bed,1,1,829,4299,4299,4316,available_on,2026-10-28,,
2026-09-01T17:49:31.478Z,atelier,Atelier,2602,26,,2-bed,2 Bed,2,2.5,1514,7546,7546,7563,available_on,2026-09-01,,
2026-09-01T17:49:31.478Z,atelier,Atelier,3001,30,,2-bed,2 Bed,2,2.5,1377,6671,6671,6688,available_on,2026-09-21,,
2026-09-01T17:49:31.478Z,atelier,Atelier,3106,31,,1-bed,1 Bed,1,1,778,4234,4234,4251,available_on,2026-09-01,,
2026-09-01T17:49:31.478Z,atelier,Atelier,3108,31,,1-bed,1 Bed,1,1,685,4324,4324,4341,available_on,2026-09-01,,
2026-09-01T17:49:31.478Z,atelier,Atelier,3110,31,,1-bed,1 Bed,1,1,685,4409,4409,4426,available_on,2026-09-01,,
2026-09-01T17:49:31.478Z,atelier,Atelier,3202,32,,2-bed,2 Bed,2,2.5,1514,7806,7806,7823,available_on,2026-09-25,,
2026-09-01T17:49:31.478Z,atelier,Atelier,3208,32,,1-bed,1 Bed,1,1,685,4394,4394,4411,available_on,2026-09-01,,
2026-09-01T17:49:31.478Z,atelier,Atelier,3210,32,,1-bed,1 Bed,1,1,685,4479,4479,4496,available_on,2026-09-01,,
2026-09-01T17:49:31.478Z,atelier,Atelier,PH01,,,2-bed,2 Bed,2,2.5,1470,8953,8953,8970,available_on,2026-09-01,,
2026-09-01T17:49:31.478Z,atelier,Atelier,PH08,,,3-bed,3 Bed,3,3,1731,9229,9229,9246,available_on,2026-09-01,,
2026-09-01T17:49:31.478Z,eighth-and-grand,Eighth & Grand,0-2017,,,1-bed,1 Bed,1,1,762,2397,2397,2416,available_on,2026-09-10,,
2026-09-01T17:49:31.478Z,eighth-and-grand,Eighth & Grand,0-2029,,,1-bed,1 Bed,1,1,762,2397,2397,2416,available_on,2026-09-04,,
2026-09-01T17:49:31.478Z,eighth-and-grand,Eighth & Grand,0-2034,,,2-bed,2 Bed,2,1,905,3040,3040,3059,available_on,2026-10-06,,
2026-09-01T17:49:31.478Z,eighth-and-grand,Eighth & Grand,0-2037,,,1-bed,1 Bed,1,1,762,2397,2397,2416,available_on,2026-09-15,,
2026-09-01T17:49:31.478Z,eighth-and-grand,Eighth & Grand,0-2041,,,1-bed,1 Bed,1,1,762,2397,2397,2416,available_on,2026-09-05,,
2026-09-01T17:49:31.478Z,eighth-and-grand,Eighth & Grand,0-2051,,,2-bed,2 Bed,2,2.5,1094,3789,3789,3808,available_on,2026-09-01,,
2026-09-01T17:49:31.478Z,eighth-and-grand,Eighth & Grand,0-2102,,,studio,Studio,0,1,527,2191,2191,2210,available_on,2026-10-17,,
2026-09-01T17:49:31.478Z,eighth-and-grand,Eighth & Grand,0-2110,,,studio,Studio,0,1,520,2136,2136,2155,available_on,2026-09-01,,
2026-09-01T17:49:31.478Z,eighth-and-grand,Eighth & Grand,0-2152,,,studio,Studio,0,1,540,2196,2196,2215,available_on,2026-10-16,,
2026-09-01T17:49:31.478Z,eighth-and-grand,Eighth & Grand,0-2161,,,2-bed,2 Bed,2,2,1109,3339,3339,3358,available_on,2026-10-10,,
2026-09-01T17:49:31.478Z,eighth-and-grand,Eighth & Grand,0-3028,,,1-bed,1 Bed,1,1,779,2717,2717,2736,available_on,2026-09-01,,
2026-09-01T17:49:31.478Z,eighth-and-grand,Eighth & Grand,0-3104,,,1-bed,1 Bed,1,1,802,2582,2582,2601,available_on,2026-09-07,,
2026-09-01T17:49:31.478Z,eighth-and-grand,Eighth & Grand,0-3136,,,1-bed,1 Bed,1,1,777,2257,2257,2276,available_on,2026-10-12,,
2026-09-01T17:49:31.478Z,eighth-and-grand,Eighth & Grand,0-4028,,,1-bed,1 Bed,1,1,779,2737,2737,2756,available_on,2026-10-09,,
2026-09-01T17:49:31.478Z,eighth-and-grand,Eighth & Grand,0-4071,,,1-bed,1 Bed,1,1,840,2362,2362,2381,available_on,2026-10-23,,
2026-09-01T17:49:31.478Z,eighth-and-grand,Eighth & Grand,0-4108,,,studio,Studio,0,1,540,2321,2321,2340,available_on,2026-09-01,,
2026-09-01T17:49:31.478Z,eighth-and-grand,Eighth & Grand,0-4114,,,studio,Studio,0,1,520,2276,2276,2295,available_on,2026-10-15,,
2026-09-01T17:49:31.478Z,eighth-and-grand,Eighth & Grand,0-4131,,,1-bed,1 Bed,1,1,578,2426,2426,2445,available_on,2026-09-01,,
2026-09-01T17:49:31.478Z,eighth-and-grand,Eighth & Grand,0-4134,,,1-bed,1 Bed,1,1,777,2377,2377,2396,available_on,2026-10-04,,
2026-09-01T17:49:31.478Z,eighth-and-grand,Eighth & Grand,0-5005,,,1-bed,1 Bed,1,1,762,2807,2807,2826,available_on,2026-09-01,,
2026-09-01T17:49:31.478Z,eighth-and-grand,Eighth & Grand,0-5026,,,1-bed,1 Bed,1,1,779,2797,2797,2816,available_on,2026-09-01,,
2026-09-01T17:49:31.478Z,eighth-and-grand,Eighth & Grand,0-5032,,,1-bed,1 Bed,1,1,779,2797,2797,2816,available_on,2026-09-01,,
2026-09-01T17:49:31.478Z,eighth-and-grand,Eighth & Grand,0-5034,,,2-bed,2 Bed,2,2,1046,3349,3349,3368,available_on,2026-09-01,,
2026-09-01T17:49:31.478Z,eighth-and-grand,Eighth & Grand,0-5035,,,1-bed,1 Bed,1,1,880,2807,2807,2826,available_on,2026-09-01,,
2026-09-01T17:49:31.478Z,eighth-and-grand,Eighth & Grand,0-5039,,,1-bed,1 Bed,1,1,762,2772,2772,2791,available_on,2026-09-01,,
2026-09-01T17:49:31.478Z,eighth-and-grand,Eighth & Grand,0-5046,,,1-bed,1 Bed,1,1,578,2521,2521,2540,available_on,2026-09-20,,
2026-09-01T17:49:31.478Z,eighth-and-grand,Eighth & Grand,0-5049,,,2-bed,2 Bed,2,2,1016,3616,3616,3635,available_on,2026-09-01,,
2026-09-01T17:49:31.478Z,eighth-and-grand,Eighth & Grand,0-5086,,,1-bed,1 Bed,1,1,777,2397,2397,2416,available_on,2026-10-06,,
2026-09-01T17:49:31.478Z,eighth-and-grand,Eighth & Grand,0-5094,,,1-bed,1 Bed,1,1,715,2647,2647,2666,available_on,2026-09-01,,
2026-09-01T17:49:31.478Z,eighth-and-grand,Eighth & Grand,0-5096,,,1-bed,1 Bed,1,1,584,2482,2482,2501,available_on,2026-09-01,,
2026-09-01T17:49:31.478Z,eighth-and-grand,Eighth & Grand,0-5153,,,2-bed,2 Bed,2,2,1278,3994,3994,4013,available_on,2026-09-23,,
2026-09-01T17:49:31.478Z,eighth-and-grand,Eighth & Grand,0-5162,,,studio,Studio,0,1,520,2286,2286,2305,available_on,2026-10-30,,
2026-09-01T17:49:31.478Z,eighth-and-grand,Eighth & Grand,0-6002,,,1-bed,1 Bed,1,1,639,2447,2447,2466,available_on,2026-09-01,,
2026-09-01T17:49:31.478Z,eighth-and-grand,Eighth & Grand,0-6011,,,1-bed,1 Bed,1,1,880,2757,2757,2776,available_on,2026-09-01,,
2026-09-01T17:49:31.478Z,eighth-and-grand,Eighth & Grand,0-6017,,,1-bed,1 Bed,1,1,880,2807,2807,2826,available_on,2026-09-01,,
2026-09-01T17:49:31.478Z,eighth-and-grand,Eighth & Grand,0-6032,,,1-bed,1 Bed,1,1,779,2847,2847,2866,available_on,2026-11-04,,
2026-09-01T17:49:31.478Z,eighth-and-grand,Eighth & Grand,0-6035,,,1-bed,1 Bed,1,1,762,2727,2727,2746,available_on,2026-09-04,,
2026-09-01T17:49:31.478Z,eighth-and-grand,Eighth & Grand,0-6057,,,2-bed,2 Bed,2,2,1211,3669,3669,3688,available_on,2026-09-06,,
2026-09-01T17:49:31.478Z,eighth-and-grand,Eighth & Grand,0-6066,,,1-bed,1 Bed,1,1,762,2722,2722,2741,available_on,2026-09-01,,
2026-09-01T17:49:31.478Z,eighth-and-grand,Eighth & Grand,0-6094,,,1-bed,1 Bed,1,1,715,2772,2772,2791,available_on,2026-09-01,,
2026-09-01T17:49:31.478Z,eighth-and-grand,Eighth & Grand,0-6137,,,1-bed,1 Bed,1,1,578,2526,2526,2545,available_on,2026-09-10,,
2026-09-01T17:49:31.478Z,eighth-and-grand,Eighth & Grand,0-6152,,,studio,Studio,0,1,540,2421,2421,2440,available_on,2026-11-01,,
2026-09-01T17:49:31.478Z,eighth-and-grand,Eighth & Grand,0-6154,,,studio,Studio,0,1,520,2336,2336,2355,available_on,2026-11-07,,
2026-09-01T17:49:31.478Z,eighth-and-grand,Eighth & Grand,0-6166,,,1-bed,1 Bed,1,1,822,2772,2772,2791,available_on,2026-09-28,,
2026-09-01T17:49:31.478Z,eighth-and-grand,Eighth & Grand,0-7024,,,1-bed,1 Bed,1,1,791,2627,2627,2646,available_on,2026-09-01,,
2026-09-01T17:49:31.478Z,eighth-and-grand,Eighth & Grand,0-7042,,,1-bed,1 Bed,1,1,578,2446,2446,2465,available_on,2026-09-01,,
2026-09-01T17:49:31.478Z,eighth-and-grand,Eighth & Grand,0-7066,,,1-bed,1 Bed,1,1,762,2772,2772,2791,available_on,2026-09-01,,
2026-09-01T17:49:31.478Z,eighth-and-grand,Eighth & Grand,0-7071,,,1-bed,1 Bed,1,1,840,2787,2787,2806,available_on,2026-09-09,,
2026-09-01T17:49:31.478Z,eighth-and-grand,Eighth & Grand,0-7075,,,1-bed,1 Bed,1,1,777,2497,2497,2516,available_on,2026-10-12,,
2026-09-01T17:49:31.478Z,eighth-and-grand,Eighth & Grand,0-7090,,,2-bed,2 Bed,2,1,976,3274,3274,3293,available_on,2026-09-01,,
2026-09-01T17:49:31.478Z,eighth-and-grand,Eighth & Grand,0-7096,,,1-bed,1 Bed,1,1,584,2557,2557,2576,available_on,2026-09-01,,
2026-09-01T17:49:31.478Z,eighth-and-grand,Eighth & Grand,0-7145,,,2-bed,2 Bed,2,2,1099,4114,4114,4133,available_on,2026-10-01,,
2026-09-01T17:49:31.478Z,eighth-and-grand,Eighth & Grand,0-7167,,,1-bed,1 Bed,1,1,578,2626,2626,2645,available_on,2026-10-07,,
2026-09-01T17:49:31.478Z,beaudry,Beaudry,B-0514,5,,1-bed,1 Bed,1,1,794,3915,3915,3931,available_on,2026-10-31,,
2026-09-01T17:49:31.478Z,beaudry,Beaudry,B-0814,8,,1-bed,1 Bed,1,1,802,3945,3945,3961,available_on,2026-11-06,,
2026-09-01T17:49:31.478Z,beaudry,Beaudry,B-1007,10,,studio,Studio,0,1,550,2660,2660,2676,available_on,2026-10-22,,
2026-09-01T17:49:31.478Z,beaudry,Beaudry,B-1014,10,,1-bed,1 Bed,1,1,802,3965,3965,3981,available_on,2026-09-12,,
2026-09-01T17:49:31.478Z,beaudry,Beaudry,B-1101,11,,1-bed,1 Bed,1,1.5,818,4449,4449,4465,available_on,2026-09-13,,
2026-09-01T17:49:31.478Z,beaudry,Beaudry,B-1104,11,,1-bed,1 Bed,1,1.5,875,3799,3799,3815,available_on,2026-10-27,,
2026-09-01T17:49:31.478Z,beaudry,Beaudry,B-1204,12,,1-bed,1 Bed,1,1.5,875,3864,3864,3880,available_on,2026-10-01,,
2026-09-01T17:49:31.478Z,beaudry,Beaudry,B-1401,14,,1-bed,1 Bed,1,1.5,818,4524,4524,4540,available_on,2026-09-29,,
2026-09-01T17:49:31.478Z,beaudry,Beaudry,B-1416,14,,2-bed,2 Bed,2,2,1192,6047,6047,6063,available_on,2026-09-06,,
2026-09-01T17:49:31.478Z,beaudry,Beaudry,B-1502,15,,studio,Studio,0,1,539,2695,2695,2711,available_on,2026-10-07,,
2026-09-01T17:49:31.478Z,beaudry,Beaudry,B-1602,16,,studio,Studio,0,1,539,2705,2705,2721,available_on,2026-10-09,,
2026-09-01T17:49:31.478Z,beaudry,Beaudry,B-1804,18,,1-bed,1 Bed,1,1.5,875,3914,3914,3930,available_on,2026-09-21,,
2026-09-01T17:49:31.478Z,beaudry,Beaudry,B-1806,18,,1-bed,1 Bed,1,1,868,4150,4150,4166,available_on,2026-10-10,,
2026-09-01T17:49:31.478Z,beaudry,Beaudry,B-1904,19,,1-bed,1 Bed,1,1.5,891,3889,3889,3905,available_on,2026-09-18,,
2026-09-01T17:49:31.478Z,beaudry,Beaudry,B-2004,20,,1-bed,1 Bed,1,1.5,891,3899,3899,3915,available_on,2026-10-04,,
2026-09-01T17:49:31.478Z,beaudry,Beaudry,B-2008,20,,2-bed,2 Bed,2,2,1200,6462,6462,6478,available_on,2026-09-01,,
2026-09-01T17:49:31.478Z,beaudry,Beaudry,B-2009,20,,1-bed,1 Bed,1,1,860,4830,4830,4846,available_on,2026-09-24,,
2026-09-01T17:49:31.478Z,beaudry,Beaudry,B-2013,20,,2-bed,2 Bed,2,2,1192,5782,5782,5798,available_on,2026-09-16,,
2026-09-01T17:49:31.478Z,beaudry,Beaudry,B-2014,20,,1-bed,1 Bed,1,1,817,4105,4105,4121,available_on,2026-10-23,,
2026-09-01T17:49:31.478Z,beaudry,Beaudry,B-2101,21,,1-bed,1 Bed,1,1.5,818,4594,4594,4610,available_on,2026-09-18,,
2026-09-01T17:49:31.478Z,beaudry,Beaudry,B-2114,21,,1-bed,1 Bed,1,1,817,4115,4115,4131,available_on,2026-09-21,,
2026-09-01T17:49:31.478Z,beaudry,Beaudry,B-2204,22,,1-bed,1 Bed,1,1.5,891,3919,3919,3935,available_on,2026-09-29,,
2026-09-01T17:49:31.478Z,beaudry,Beaudry,B-2313,23,,2-bed,2 Bed,2,2,1192,5812,5812,5828,available_on,2026-09-01,,
2026-09-01T17:49:31.478Z,beaudry,Beaudry,B-2413,24,,2-bed,2 Bed,2,2,1192,5822,5822,5838,available_on,2026-09-12,,
2026-09-01T17:49:31.478Z,beaudry,Beaudry,B-2415,24,,1-bed,1 Bed,1,1,568,2955,2955,2971,available_on,2026-10-08,,
2026-09-01T17:49:31.478Z,beaudry,Beaudry,B-2501,25,,1-bed,1 Bed,1,1.5,818,4634,4634,4650,available_on,2026-11-05,,
2026-09-01T17:49:31.478Z,beaudry,Beaudry,B-2805,28,,1-bed,1 Bed,1,1,939,4390,4390,4406,available_on,2026-10-01,,
2026-09-01T17:49:31.478Z,beaudry,Beaudry,B-2902,29,,studio,Studio,0,1,539,2835,2835,2851,available_on,2026-09-22,,
2026-09-01T17:49:31.478Z,beaudry,Beaudry,B-2906,29,,1-bed,1 Bed,1,1,882,4285,4285,4301,available_on,2026-09-30,,
2026-09-01T17:49:31.478Z,beaudry,Beaudry,B-2910,29,,1-bed,1 Bed,1,1,594,2940,2940,2956,available_on,2026-10-03,,
2026-09-01T17:49:31.478Z,beaudry,Beaudry,B-3005,30,,1-bed,1 Bed,1,1,939,4410,4410,4426,available_on,2026-09-27,,
2026-09-01T17:49:31.478Z,beaudry,Beaudry,B-3008,30,,2-bed,2 Bed,2,2,1200,6652,6652,6668,available_on,2026-09-01,,
2026-09-01T17:49:31.478Z,beaudry,Beaudry,B-3205,32,,1-bed,1 Bed,1,1,939,4430,4430,4446,available_on,2026-10-14,,
2026-09-01T17:49:31.478Z,beaudry,Beaudry,B-3310,33,,1-bed,1 Bed,1,1,594,2980,2980,2996,available_on,2026-10-08,,
2026-09-01T17:49:31.478Z,beaudry,Beaudry,B-3401,34,,1-bed,1 Bed,1,1.5,818,4724,4724,4740,available_on,2026-10-02,,
2026-09-01T17:49:31.478Z,beaudry,Beaudry,B-3406,34,,1-bed,1 Bed,1,1,882,4335,4335,4351,available_on,2026-10-16,,
2026-09-01T17:49:31.478Z,beaudry,Beaudry,B-3604,36,,1-bed,1 Bed,1,1.5,891,4084,4084,4100,available_on,2026-09-17,,
2026-09-01T17:49:31.478Z,beaudry,Beaudry,B-3709,37,,1-bed,1 Bed,1,1,860,5175,5175,5191,available_on,2026-10-24,,
2026-09-01T17:49:31.478Z,beaudry,Beaudry,B-3713,37,,2-bed,2 Bed,2,2,1192,5977,5977,5993,available_on,2026-09-01,,
2026-09-01T17:49:31.478Z,beaudry,Beaudry,B-4002,40,,studio,Studio,0,1,539,2970,2970,2986,available_on,2026-10-22,,
2026-09-01T17:49:31.478Z,beaudry,Beaudry,B-4107,41,,studio,Studio,0,1,550,3140,3140,3156,available_on,2026-09-05,,
2026-09-01T17:49:31.478Z,beaudry,Beaudry,B-4116,41,,2-bed,2 Bed,2,2,1192,6342,6342,6358,available_on,2026-09-01,,
2026-09-01T17:49:31.478Z,beaudry,Beaudry,B-4306,43,,1-bed,1 Bed,1,1,882,4450,4450,4466,available_on,2026-11-04,,
2026-09-01T17:49:31.478Z,beaudry,Beaudry,B-4413,44,,2-bed,2 Bed,2,2,1192,6047,6047,6063,available_on,2026-09-01,,
2026-09-01T17:49:31.478Z,beaudry,Beaudry,B-4504,45,,1-bed,1 Bed,1,1.5,1134,4789,4789,4805,available_on,2026-10-06,,
2026-09-01T17:49:31.478Z,beaudry,Beaudry,B-4507,45,,studio,Studio,0,1,550,3180,3180,3196,available_on,2026-10-08,,
2026-09-01T17:49:31.478Z,beaudry,Beaudry,B-4615,46,,1-bed,1 Bed,1,1,568,3200,3200,3216,available_on,2026-11-15,,
2026-09-01T17:49:31.478Z,beaudry,Beaudry,B-4704,47,,1-bed,1 Bed,1,1.5,1134,4809,4809,4825,available_on,2026-09-24,,
2026-09-01T17:49:31.478Z,beaudry,Beaudry,B-4707,47,,studio,Studio,0,1,550,3200,3200,3216,available_on,2026-10-17,,
2026-09-01T17:49:31.478Z,beaudry,Beaudry,B-4713,47,,2-bed,2 Bed,2,2,1192,6077,6077,6093,available_on,2026-11-03,,
2026-09-01T17:49:31.478Z,beaudry,Beaudry,B-4714,47,,1-bed,1 Bed,1,1,817,4450,4450,4466,available_on,2026-09-17,,
2026-09-01T17:49:31.478Z,beaudry,Beaudry,B-4910,49,,1-bed,1 Bed,1,1.5,926,4355,4355,4371,available_on,2026-10-10,,
2026-09-01T17:49:31.478Z,beaudry,Beaudry,B-5002,50,,2-bed,2 Bed,2,2.5,1531,6580,6580,6596,available_on,2026-11-03,,
2026-09-01T17:49:31.478Z,beaudry,Beaudry,B-5209,52,,2-bed,2 Bed,2,2,1230,6295,6295,6311,available_on,2026-09-15,,
2026-09-01T17:49:31.478Z,beaudry,Beaudry,B-5405,54,,3-bed,3 Bed,3,2.5,1734,9047,9047,9063,available_on,2026-10-05,,
2026-09-01T17:49:31.478Z,beaudry,Beaudry,B-5607,56,,1-bed,1 Bed,1,1,1006,5610,5610,5626,available_on,2026-09-01,,
2026-09-01T17:49:31.478Z,circa-la,Circa LA,W3206,32,,1-bed,1 Bed,1,1,745,3331,3331,3381,available_on,2026-09-01,,
2026-09-01T17:49:31.478Z,circa-la,Circa LA,W3208,32,,1-bed,1 Bed,1,1,770,3607,3607,3657,available_on,2026-09-01,,
2026-09-01T17:49:31.478Z,circa-la,Circa LA,W2618,26,,1-bed,1 Bed,1,1,923,4069,4069,4119,available_on,2026-09-01,,
2026-09-01T17:49:31.478Z,circa-la,Circa LA,W2518,25,,1-bed,1 Bed,1,1,923,3772,3772,3822,available_on,2026-09-01,,
2026-09-01T17:49:31.478Z,circa-la,Circa LA,W2006,20,,1-bed,1 Bed,1,1,745,3359,3359,3409,available_on,2026-09-14,,
2026-09-01T17:49:31.478Z,circa-la,Circa LA,W1708,17,,1-bed,1 Bed,1,1,770,3298,3298,3348,available_on,2026-09-01,,
2026-09-01T17:49:31.478Z,circa-la,Circa LA,W1724,17,,2-bed,2 Bed,2,2,1463,4755,4755,4805,available_on,2026-10-28,,
2026-09-01T17:49:31.478Z,circa-la,Circa LA,W1412,14,,2-bed,2 Bed,2,2.5,1762,5527,5527,5577,available_on,2026-09-26,,
2026-09-01T17:49:31.478Z,circa-la,Circa LA,W1102,11,,1-bed,1 Bed,1,1,627,2785,2785,2835,available_on,2026-09-01,,
2026-09-01T17:49:31.478Z,circa-la,Circa LA,W1120,11,,1-bed,1 Bed,1,1,927,3300,3300,3350,available_on,2026-09-18,,
2026-09-01T17:49:31.478Z,circa-la,Circa LA,W820,8,,1-bed,1 Bed,1,1,927,3930,3930,3980,available_on,2026-09-01,,
2026-09-01T17:49:31.478Z,circa-la,Circa LA,E3201,32,,1-bed,1 Bed,1,1,627,3116,3116,3166,available_on,2026-09-01,,
2026-09-01T17:49:31.478Z,circa-la,Circa LA,E3221,32,,1-bed,1 Bed,1,1,871,3669,3669,3719,available_on,2026-09-01,,
2026-09-01T17:49:31.478Z,circa-la,Circa LA,E2911,29,,2-bed,2 Bed,2,2.5,1762,5690,5690,5740,available_on,2026-09-01,,
2026-09-01T17:49:31.478Z,circa-la,Circa LA,E2917,29,,1-bed,1 Bed,1,1,923,3872,3872,3922,available_on,2026-09-10,,
2026-09-01T17:49:31.478Z,circa-la,Circa LA,E2921,29,,1-bed,1 Bed,1,1,871,3644,3644,3694,available_on,2026-10-04,,
2026-09-01T17:49:31.478Z,circa-la,Circa LA,E2501,25,,1-bed,1 Bed,1,1,627,2876,2876,2926,available_on,2026-09-17,,
2026-09-01T17:49:31.478Z,circa-la,Circa LA,E2411,24,,2-bed,2 Bed,2,2.5,1762,5527,5527,5577,available_on,2026-09-10,,
2026-09-01T17:49:31.478Z,circa-la,Circa LA,E2419,24,,1-bed,1 Bed,1,1,927,3495,3495,3545,available_on,2026-09-21,,
2026-09-01T17:49:31.478Z,circa-la,Circa LA,E2223,22,,2-bed,2 Bed,2,2,1463,4939,4939,4989,available_on,2026-09-01,,
2026-09-01T17:49:31.478Z,circa-la,Circa LA,E1405,14,,1-bed,1 Bed,1,1,745,2941,2941,2991,available_on,2026-09-24,,
2026-09-01T17:49:31.478Z,circa-la,Circa LA,E1421,14,,1-bed,1 Bed,1,1,871,3269,3269,3319,available_on,2026-09-07,,
2026-09-01T17:49:31.478Z,circa-la,Circa LA,E1115,11,,1-bed,1 Bed,1,1,868,3269,3269,3319,available_on,2026-10-04,,
2026-09-01T17:49:31.478Z,circa-la,Circa LA,E825,8,,2-bed,2 Bed,2,2,1285,4472,4472,4522,available_on,2026-09-01,,
2026-09-01T17:49:31.478Z,circa-la,Circa LA,E3301,33,,3-bed,3 Bed,3,4.5,3984,19486,19486,19536,available_on,2026-09-01,,
2026-09-01T17:49:31.478Z,circa-la,Circa LA,E3309,33,,2-bed,2 Bed,2,2.5,2087,8874,8874,8924,available_on,2026-09-29,,
2026-09-01T17:49:31.478Z,circa-la,Circa LA,W3302,33,,3-bed,3 Bed,3,4.5,3842,22551,22551,22601,available_on,2026-09-01,,
2026-09-01T17:49:31.478Z,circa-la,Circa LA,W3312,33,,3-bed,3 Bed,3,3.5,2900,17028,17028,17078,available_on,2026-09-01,,
2026-09-01T17:49:31.478Z,circa-la,Circa LA,E3411,34,,3-bed,3 Bed,3,3.5,2878,12727,12727,12777,available_on,2026-09-01,,
2026-09-01T17:49:31.478Z,circa-la,Circa LA,W3402,34,,3-bed,3 Bed,3,4.5,3842,22643,22643,22693,available_on,2026-09-01,,
2026-09-01T17:49:31.478Z,circa-la,Circa LA,W3406,34,,2-bed,2 Bed,2,2,1338,7315,7315,7365,available_on,2026-09-01,,
2026-09-01T17:49:31.478Z,circa-la,Circa LA,E3501,35,,3-bed,3 Bed,3,4.5,3984,22435,22435,22485,available_on,2026-09-01,,
2026-09-01T17:49:31.478Z,circa-la,Circa LA,E3505,35,,2-bed,2 Bed,2,2,1338,6188,6188,6238,available_on,2026-09-01,,
2026-09-01T17:49:31.478Z,circa-la,Circa LA,E3511,35,,3-bed,3 Bed,3,3.5,2878,14850,14850,14900,available_on,2026-09-01,,
2026-09-01T17:49:31.478Z,circa-la,Circa LA,W3502,35,,3-bed,3 Bed,3,4.5,3842,23359,23359,23409,available_on,2026-09-01,,
2026-09-01T17:49:31.478Z,circa-la,Circa LA,W3508,35,,2-bed,2 Bed,2,2,1524,8045,8045,8095,available_on,2026-10-31,,
2026-09-01T17:49:31.478Z,circa-la,Circa LA,W3512,35,,3-bed,3 Bed,3,3.5,2900,17398,17398,17448,available_on,2026-09-01,,
2026-09-02T01:05:49.617Z,825-south-hill,825 South Hill,201,2,A2,2-bed-den,2 Bed + Den,2,,1090,3949,5065,,available,,29417540,2413008
2026-09-02T01:05:49.617Z,825-south-hill,825 South Hill,301,3,A2,2-bed-den,2 Bed + Den,2,,1090,3949,5065,,available,,29417543,2413008
2026-09-02T01:05:49.617Z,825-south-hill,825 South Hill,302,3,B,2-bed,2 Bed,2,,993,3894,5002,,available,,29417544,2413011
2026-09-02T01:05:49.617Z,825-south-hill,825 South Hill,522,5,D,2-bed,2 Bed,2,,1030,-1,-1,,available_on,2026-10-08,29417553,2413016
2026-09-02T01:05:49.617Z,825-south-hill,825 South Hill,607,6,TH2,townhomes,Townhomes,,,1385,5564,7492,,available,,29417562,2413022
2026-09-02T01:05:49.617Z,825-south-hill,825 South Hill,4605,46,J,2-bed,2 Bed,2,,991,4597,5907,,available,,29417168,2413023
2026-09-02T01:05:49.617Z,825-south-hill,825 South Hill,3012,30,K,1-bed,1 Bed,1,,670,3499,4457,,available_on,2026-10-12,29417188,2413027
2026-09-02T01:05:49.617Z,825-south-hill,825 South Hill,3412,34,K,1-bed,1 Bed,1,,670,3514,4499,,available,,29417189,2413027
2026-09-02T01:05:49.617Z,825-south-hill,825 South Hill,2901,29,K1,1-bed,1 Bed,1,,716,3514,4489,,available_on,2026-09-07,29417218,2413028
2026-09-02T01:05:49.617Z,825-south-hill,825 South Hill,1703,17,M,2-bed-den,2 Bed + Den,2,,1099,4203,5353,,available_on,2026-11-04,29417237,2413032
2026-09-02T01:05:49.617Z,825-south-hill,825 South Hill,1504,15,N,jr-2-bed,Jr. 2 Bed,2,,792,3200,4118,,available,,29417296,2413034
2026-09-02T01:05:49.617Z,825-south-hill,825 South Hill,2204,22,N,jr-2-bed,Jr. 2 Bed,2,,792,3285,4221,,available_on,2026-09-28,29417302,2413034
2026-09-02T01:05:49.617Z,825-south-hill,825 South Hill,3704,37,N,jr-2-bed,Jr. 2 Bed,2,,792,3525,4529,,available_on,2026-09-14,29417313,2413034
2026-09-02T01:05:49.617Z,825-south-hill,825 South Hill,4204,42,N,jr-2-bed,Jr. 2 Bed,2,,792,3645,4691,,available,,29417317,2413034
2026-09-02T01:05:49.617Z,825-south-hill,825 South Hill,3610,36,N1,jr-2-bed,Jr. 2 Bed,2,,807,3410,4388,,available,,29417341,2413035
2026-09-02T01:05:49.617Z,825-south-hill,825 South Hill,3902,39,O,1-bed,1 Bed,1,,538,3247,4112,,available_on,2026-10-10,29417415,2413037
2026-09-02T01:05:49.617Z,825-south-hill,825 South Hill,4602,46,O,1-bed,1 Bed,1,,538,3392,4281,,available_on,2026-11-07,29417390,2413037
2026-09-02T01:05:49.617Z,825-south-hill,825 South Hill,1107,11,O1,1-bed,1 Bed,1,,560,2902,3688,,available_on,2026-09-28,29417419,2413039
2026-09-02T01:05:49.617Z,825-south-hill,825 South Hill,2406,24,O3,1-bed,1 Bed,1,,562,3037,3846,,available_on,2026-10-02,29417461,2522879
2026-09-02T01:05:49.617Z,825-south-hill,825 South Hill,4706,47,SKY3,skyhomes,Skyhomes,,,1365,5807,7456,,available_on,2026-10-14,38827826,2413047
2026-09-02T01:05:49.617Z,825-south-hill,825 South Hill,4906,49,SKY3,skyhomes,Skyhomes,,,1364,5564,7180,,available,,29417489,2413047
2026-09-02T01:05:49.617Z,atelier,Atelier,0707,7,,1-bed,1 Bed,1,1,778,3409,3409,3426,available_on,2026-10-22,,
2026-09-02T01:05:49.617Z,atelier,Atelier,1402,14,,1-bed,1 Bed,1,1,622,3459,3459,3476,available_on,2026-11-07,,
2026-09-02T01:05:49.617Z,atelier,Atelier,1508,15,,1-bed,1 Bed,1,1,778,3574,3574,3591,available_on,2026-10-18,,
2026-09-02T01:05:49.617Z,atelier,Atelier,1905,19,,1-bed,1 Bed,1,1,778,3919,3919,3936,available_on,2026-09-15,,
2026-09-02T01:05:49.617Z,atelier,Atelier,2102,21,,1-bed,1 Bed,1,1,622,3674,3674,3691,available_on,2026-11-28,,
2026-09-02T01:05:49.617Z,atelier,Atelier,2312,23,,1-bed,1 Bed,1,1,685,3984,3984,4001,available_on,2026-10-08,,
2026-09-02T01:05:49.617Z,atelier,Atelier,2404,24,,1-bed,1 Bed,1,1,829,4279,4279,4296,available_on,2026-09-01,,
2026-09-02T01:05:49.617Z,atelier,Atelier,2411,24,,2-bed,2 Bed,2,2,1043,4664,4664,4681,available_on,2026-11-05,,
2026-09-02T01:05:49.617Z,atelier,Atelier,2414,24,,2-bed,2 Bed,2,2,975,4714,4714,4731,available_on,2026-09-07,,
2026-09-02T01:05:49.617Z,atelier,Atelier,2501,25,,2-bed,2 Bed,2,2.5,1377,6481,6481,6498,available_on,2026-09-01,,
2026-09-02T01:05:49.617Z,atelier,Atelier,2502,25,,2-bed,2 Bed,2,2.5,1514,7526,7526,7543,available_on,2026-09-03,,
2026-09-02T01:05:49.617Z,atelier,Atelier,2504,25,,1-bed,1 Bed,1,1,829,4299,4299,4316,available_on,2026-10-28,,
2026-09-02T01:05:49.617Z,atelier,Atelier,2602,26,,2-bed,2 Bed,2,2.5,1514,7546,7546,7563,available_on,2026-09-01,,
2026-09-02T01:05:49.617Z,atelier,Atelier,3001,30,,2-bed,2 Bed,2,2.5,1377,6671,6671,6688,available_on,2026-09-21,,
2026-09-02T01:05:49.617Z,atelier,Atelier,3106,31,,1-bed,1 Bed,1,1,778,4234,4234,4251,available_on,2026-09-01,,
2026-09-02T01:05:49.617Z,atelier,Atelier,3110,31,,1-bed,1 Bed,1,1,685,4409,4409,4426,available_on,2026-09-01,,
2026-09-02T01:05:49.617Z,atelier,Atelier,3202,32,,2-bed,2 Bed,2,2.5,1514,7806,7806,7823,available_on,2026-09-25,,
2026-09-02T01:05:49.617Z,atelier,Atelier,3208,32,,1-bed,1 Bed,1,1,685,4394,4394,4411,available_on,2026-09-01,,
2026-09-02T01:05:49.617Z,atelier,Atelier,3210,32,,1-bed,1 Bed,1,1,685,4479,4479,4496,available_on,2026-09-01,,
2026-09-02T01:05:49.617Z,atelier,Atelier,PH01,,,2-bed,2 Bed,2,2.5,1470,8953,8953,8970,available_on,2026-09-01,,
2026-09-02T01:05:49.617Z,atelier,Atelier,PH08,,,3-bed,3 Bed,3,3,1731,9229,9229,9246,available_on,2026-09-01,,
2026-09-02T01:05:49.617Z,eighth-and-grand,Eighth & Grand,0-2017,,,1-bed,1 Bed,1,1,762,2397,2397,2416,available_on,2026-09-10,,
2026-09-02T01:05:49.617Z,eighth-and-grand,Eighth & Grand,0-2029,,,1-bed,1 Bed,1,1,762,2397,2397,2416,available_on,2026-09-04,,
2026-09-02T01:05:49.617Z,eighth-and-grand,Eighth & Grand,0-2034,,,2-bed,2 Bed,2,1,905,3040,3040,3059,available_on,2026-10-06,,
2026-09-02T01:05:49.617Z,eighth-and-grand,Eighth & Grand,0-2037,,,1-bed,1 Bed,1,1,762,2397,2397,2416,available_on,2026-09-15,,
2026-09-02T01:05:49.617Z,eighth-and-grand,Eighth & Grand,0-2041,,,1-bed,1 Bed,1,1,762,2397,2397,2416,available_on,2026-09-05,,
2026-09-02T01:05:49.617Z,eighth-and-grand,Eighth & Grand,0-2051,,,2-bed,2 Bed,2,2.5,1094,3789,3789,3808,available_on,2026-09-01,,
2026-09-02T01:05:49.617Z,eighth-and-grand,Eighth & Grand,0-2102,,,studio,Studio,0,1,527,2191,2191,2210,available_on,2026-10-17,,
2026-09-02T01:05:49.617Z,eighth-and-grand,Eighth & Grand,0-2110,,,studio,Studio,0,1,520,2136,2136,2155,available_on,2026-09-01,,
2026-09-02T01:05:49.617Z,eighth-and-grand,Eighth & Grand,0-2152,,,studio,Studio,0,1,540,2196,2196,2215,available_on,2026-10-16,,
2026-09-02T01:05:49.617Z,eighth-and-grand,Eighth & Grand,0-2161,,,2-bed,2 Bed,2,2,1109,3339,3339,3358,available_on,2026-10-10,,
2026-09-02T01:05:49.617Z,eighth-and-grand,Eighth & Grand,0-3028,,,1-bed,1 Bed,1,1,779,2717,2717,2736,available_on,2026-09-01,,
2026-09-02T01:05:49.617Z,eighth-and-grand,Eighth & Grand,0-3104,,,1-bed,1 Bed,1,1,802,2582,2582,2601,available_on,2026-09-07,,
2026-09-02T01:05:49.617Z,eighth-and-grand,Eighth & Grand,0-3136,,,1-bed,1 Bed,1,1,777,2257,2257,2276,available_on,2026-10-12,,
2026-09-02T01:05:49.617Z,eighth-and-grand,Eighth & Grand,0-4028,,,1-bed,1 Bed,1,1,779,2737,2737,2756,available_on,2026-10-09,,
2026-09-02T01:05:49.617Z,eighth-and-grand,Eighth & Grand,0-4071,,,1-bed,1 Bed,1,1,840,2362,2362,2381,available_on,2026-10-23,,
2026-09-02T01:05:49.617Z,eighth-and-grand,Eighth & Grand,0-4108,,,studio,Studio,0,1,540,2321,2321,2340,available_on,2026-09-01,,
2026-09-02T01:05:49.617Z,eighth-and-grand,Eighth & Grand,0-4114,,,studio,Studio,0,1,520,2276,2276,2295,available_on,2026-10-15,,
2026-09-02T01:05:49.617Z,eighth-and-grand,Eighth & Grand,0-4131,,,1-bed,1 Bed,1,1,578,2426,2426,2445,available_on,2026-09-01,,
2026-09-02T01:05:49.617Z,eighth-and-grand,Eighth & Grand,0-4134,,,1-bed,1 Bed,1,1,777,2377,2377,2396,available_on,2026-10-04,,
2026-09-02T01:05:49.617Z,eighth-and-grand,Eighth & Grand,0-5005,,,1-bed,1 Bed,1,1,762,2807,2807,2826,available_on,2026-09-01,,
2026-09-02T01:05:49.617Z,eighth-and-grand,Eighth & Grand,0-5026,,,1-bed,1 Bed,1,1,779,2797,2797,2816,available_on,2026-09-01,,
2026-09-02T01:05:49.617Z,eighth-and-grand,Eighth & Grand,0-5032,,,1-bed,1 Bed,1,1,779,2797,2797,2816,available_on,2026-09-01,,
2026-09-02T01:05:49.617Z,eighth-and-grand,Eighth & Grand,0-5034,,,2-bed,2 Bed,2,2,1046,3349,3349,3368,available_on,2026-09-01,,
2026-09-02T01:05:49.617Z,eighth-and-grand,Eighth & Grand,0-5035,,,1-bed,1 Bed,1,1,880,2807,2807,2826,available_on,2026-09-01,,
2026-09-02T01:05:49.617Z,eighth-and-grand,Eighth & Grand,0-5039,,,1-bed,1 Bed,1,1,762,2772,2772,2791,available_on,2026-09-01,,
2026-09-02T01:05:49.617Z,eighth-and-grand,Eighth & Grand,0-5046,,,1-bed,1 Bed,1,1,578,2521,2521,2540,available_on,2026-09-20,,
2026-09-02T01:05:49.617Z,eighth-and-grand,Eighth & Grand,0-5086,,,1-bed,1 Bed,1,1,777,2397,2397,2416,available_on,2026-10-06,,
2026-09-02T01:05:49.617Z,eighth-and-grand,Eighth & Grand,0-5094,,,1-bed,1 Bed,1,1,715,2647,2647,2666,available_on,2026-09-01,,
2026-09-02T01:05:49.617Z,eighth-and-grand,Eighth & Grand,0-5096,,,1-bed,1 Bed,1,1,584,2482,2482,2501,available_on,2026-09-01,,
2026-09-02T01:05:49.617Z,eighth-and-grand,Eighth & Grand,0-5153,,,2-bed,2 Bed,2,2,1278,3994,3994,4013,available_on,2026-09-23,,
2026-09-02T01:05:49.617Z,eighth-and-grand,Eighth & Grand,0-5162,,,studio,Studio,0,1,520,2286,2286,2305,available_on,2026-10-30,,
2026-09-02T01:05:49.617Z,eighth-and-grand,Eighth & Grand,0-6002,,,1-bed,1 Bed,1,1,639,2447,2447,2466,available_on,2026-09-01,,
2026-09-02T01:05:49.617Z,eighth-and-grand,Eighth & Grand,0-6011,,,1-bed,1 Bed,1,1,880,2757,2757,2776,available_on,2026-09-01,,
2026-09-02T01:05:49.617Z,eighth-and-grand,Eighth & Grand,0-6017,,,1-bed,1 Bed,1,1,880,2807,2807,2826,available_on,2026-09-01,,
2026-09-02T01:05:49.617Z,eighth-and-grand,Eighth & Grand,0-6032,,,1-bed,1 Bed,1,1,779,2847,2847,2866,available_on,2026-11-04,,
2026-09-02T01:05:49.617Z,eighth-and-grand,Eighth & Grand,0-6035,,,1-bed,1 Bed,1,1,762,2727,2727,2746,available_on,2026-09-04,,
2026-09-02T01:05:49.617Z,eighth-and-grand,Eighth & Grand,0-6057,,,2-bed,2 Bed,2,2,1211,3669,3669,3688,available_on,2026-09-06,,
2026-09-02T01:05:49.617Z,eighth-and-grand,Eighth & Grand,0-6066,,,1-bed,1 Bed,1,1,762,2722,2722,2741,available_on,2026-09-01,,
2026-09-02T01:05:49.617Z,eighth-and-grand,Eighth & Grand,0-6094,,,1-bed,1 Bed,1,1,715,2772,2772,2791,available_on,2026-09-01,,
2026-09-02T01:05:49.617Z,eighth-and-grand,Eighth & Grand,0-6137,,,1-bed,1 Bed,1,1,578,2526,2526,2545,available_on,2026-09-10,,
2026-09-02T01:05:49.617Z,eighth-and-grand,Eighth & Grand,0-6152,,,studio,Studio,0,1,540,2421,2421,2440,available_on,2026-11-01,,
2026-09-02T01:05:49.617Z,eighth-and-grand,Eighth & Grand,0-6154,,,studio,Studio,0,1,520,2336,2336,2355,available_on,2026-11-07,,
2026-09-02T01:05:49.617Z,eighth-and-grand,Eighth & Grand,0-6166,,,1-bed,1 Bed,1,1,822,2772,2772,2791,available_on,2026-09-28,,
2026-09-02T01:05:49.617Z,eighth-and-grand,Eighth & Grand,0-7024,,,1-bed,1 Bed,1,1,791,2627,2627,2646,available_on,2026-09-01,,
2026-09-02T01:05:49.617Z,eighth-and-grand,Eighth & Grand,0-7042,,,1-bed,1 Bed,1,1,578,2446,2446,2465,available_on,2026-09-01,,
2026-09-02T01:05:49.617Z,eighth-and-grand,Eighth & Grand,0-7066,,,1-bed,1 Bed,1,1,762,2772,2772,2791,available_on,2026-09-01,,
2026-09-02T01:05:49.617Z,eighth-and-grand,Eighth & Grand,0-7071,,,1-bed,1 Bed,1,1,840,2787,2787,2806,available_on,2026-09-09,,
2026-09-02T01:05:49.617Z,eighth-and-grand,Eighth & Grand,0-7075,,,1-bed,1 Bed,1,1,777,2497,2497,2516,available_on,2026-10-12,,
2026-09-02T01:05:49.617Z,eighth-and-grand,Eighth & Grand,0-7090,,,2-bed,2 Bed,2,1,976,3274,3274,3293,available_on,2026-09-01,,
2026-09-02T01:05:49.617Z,eighth-and-grand,Eighth & Grand,0-7096,,,1-bed,1 Bed,1,1,584,2557,2557,2576,available_on,2026-09-01,,
2026-09-02T01:05:49.617Z,eighth-and-grand,Eighth & Grand,0-7145,,,2-bed,2 Bed,2,2,1099,4114,4114,4133,available_on,2026-10-01,,
2026-09-02T01:05:49.617Z,eighth-and-grand,Eighth & Grand,0-7167,,,1-bed,1 Bed,1,1,578,2626,2626,2645,available_on,2026-10-07,,
2026-09-02T01:05:49.617Z,beaudry,Beaudry,B-0514,5,,1-bed,1 Bed,1,1,794,3915,3915,3931,available_on,2026-10-31,,
2026-09-02T01:05:49.617Z,beaudry,Beaudry,B-0814,8,,1-bed,1 Bed,1,1,802,3945,3945,3961,available_on,2026-11-06,,
2026-09-02T01:05:49.617Z,beaudry,Beaudry,B-1007,10,,studio,Studio,0,1,550,2660,2660,2676,available_on,2026-10-22,,
2026-09-02T01:05:49.617Z,beaudry,Beaudry,B-1014,10,,1-bed,1 Bed,1,1,802,3965,3965,3981,available_on,2026-09-12,,
2026-09-02T01:05:49.617Z,beaudry,Beaudry,B-1101,11,,1-bed,1 Bed,1,1.5,818,4449,4449,4465,available_on,2026-09-13,,
2026-09-02T01:05:49.617Z,beaudry,Beaudry,B-1104,11,,1-bed,1 Bed,1,1.5,875,3799,3799,3815,available_on,2026-10-27,,
2026-09-02T01:05:49.617Z,beaudry,Beaudry,B-1204,12,,1-bed,1 Bed,1,1.5,875,3864,3864,3880,available_on,2026-10-01,,
2026-09-02T01:05:49.617Z,beaudry,Beaudry,B-1401,14,,1-bed,1 Bed,1,1.5,818,4524,4524,4540,available_on,2026-09-29,,
2026-09-02T01:05:49.617Z,beaudry,Beaudry,B-1416,14,,2-bed,2 Bed,2,2,1192,6047,6047,6063,available_on,2026-09-06,,
2026-09-02T01:05:49.617Z,beaudry,Beaudry,B-1502,15,,studio,Studio,0,1,539,2695,2695,2711,available_on,2026-10-07,,
2026-09-02T01:05:49.617Z,beaudry,Beaudry,B-1602,16,,studio,Studio,0,1,539,2705,2705,2721,available_on,2026-10-09,,
2026-09-02T01:05:49.617Z,beaudry,Beaudry,B-1804,18,,1-bed,1 Bed,1,1.5,875,3914,3914,3930,available_on,2026-09-21,,
2026-09-02T01:05:49.617Z,beaudry,Beaudry,B-1806,18,,1-bed,1 Bed,1,1,868,4150,4150,4166,available_on,2026-10-10,,
2026-09-02T01:05:49.617Z,beaudry,Beaudry,B-1904,19,,1-bed,1 Bed,1,1.5,891,3889,3889,3905,available_on,2026-09-18,,
2026-09-02T01:05:49.617Z,beaudry,Beaudry,B-2004,20,,1-bed,1 Bed,1,1.5,891,3899,3899,3915,available_on,2026-10-04,,
2026-09-02T01:05:49.617Z,beaudry,Beaudry,B-2008,20,,2-bed,2 Bed,2,2,1200,6462,6462,6478,available_on,2026-09-01,,
2026-09-02T01:05:49.617Z,beaudry,Beaudry,B-2009,20,,1-bed,1 Bed,1,1,860,4830,4830,4846,available_on,2026-09-24,,
2026-09-02T01:05:49.617Z,beaudry,Beaudry,B-2013,20,,2-bed,2 Bed,2,2,1192,5782,5782,5798,available_on,2026-09-16,,
2026-09-02T01:05:49.617Z,beaudry,Beaudry,B-2014,20,,1-bed,1 Bed,1,1,817,4105,4105,4121,available_on,2026-10-23,,
2026-09-02T01:05:49.617Z,beaudry,Beaudry,B-2101,21,,1-bed,1 Bed,1,1.5,818,4594,4594,4610,available_on,2026-09-18,,
2026-09-02T01:05:49.617Z,beaudry,Beaudry,B-2114,21,,1-bed,1 Bed,1,1,817,4115,4115,4131,available_on,2026-09-21,,
2026-09-02T01:05:49.617Z,beaudry,Beaudry,B-2204,22,,1-bed,1 Bed,1,1.5,891,3919,3919,3935,available_on,2026-09-29,,
2026-09-02T01:05:49.617Z,beaudry,Beaudry,B-2313,23,,2-bed,2 Bed,2,2,1192,5812,5812,5828,available_on,2026-09-01,,
2026-09-02T01:05:49.617Z,beaudry,Beaudry,B-2413,24,,2-bed,2 Bed,2,2,1192,5822,5822,5838,available_on,2026-09-12,,
2026-09-02T01:05:49.617Z,beaudry,Beaudry,B-2415,24,,1-bed,1 Bed,1,1,568,2955,2955,2971,available_on,2026-10-08,,
2026-09-02T01:05:49.617Z,beaudry,Beaudry,B-2501,25,,1-bed,1 Bed,1,1.5,818,4634,4634,4650,available_on,2026-11-05,,
2026-09-02T01:05:49.617Z,beaudry,Beaudry,B-2805,28,,1-bed,1 Bed,1,1,939,4390,4390,4406,available_on,2026-10-01,,
2026-09-02T01:05:49.617Z,beaudry,Beaudry,B-2902,29,,studio,Studio,0,1,539,2835,2835,2851,available_on,2026-09-22,,
2026-09-02T01:05:49.617Z,beaudry,Beaudry,B-2906,29,,1-bed,1 Bed,1,1,882,4285,4285,4301,available_on,2026-09-30,,
2026-09-02T01:05:49.617Z,beaudry,Beaudry,B-2910,29,,1-bed,1 Bed,1,1,594,2940,2940,2956,available_on,2026-10-03,,
2026-09-02T01:05:49.617Z,beaudry,Beaudry,B-3005,30,,1-bed,1 Bed,1,1,939,4410,4410,4426,available_on,2026-09-27,,
2026-09-02T01:05:49.617Z,beaudry,Beaudry,B-3008,30,,2-bed,2 Bed,2,2,1200,6652,6652,6668,available_on,2026-09-01,,
2026-09-02T01:05:49.617Z,beaudry,Beaudry,B-3205,32,,1-bed,1 Bed,1,1,939,4430,4430,4446,available_on,2026-10-14,,
2026-09-02T01:05:49.617Z,beaudry,Beaudry,B-3310,33,,1-bed,1 Bed,1,1,594,2980,2980,2996,available_on,2026-10-08,,
2026-09-02T01:05:49.617Z,beaudry,Beaudry,B-3401,34,,1-bed,1 Bed,1,1.5,818,4724,4724,4740,available_on,2026-10-02,,
2026-09-02T01:05:49.617Z,beaudry,Beaudry,B-3406,34,,1-bed,1 Bed,1,1,882,4335,4335,4351,available_on,2026-10-16,,
2026-09-02T01:05:49.617Z,beaudry,Beaudry,B-3604,36,,1-bed,1 Bed,1,1.5,891,4084,4084,4100,available_on,2026-09-17,,
2026-09-02T01:05:49.617Z,beaudry,Beaudry,B-3709,37,,1-bed,1 Bed,1,1,860,5175,5175,5191,available_on,2026-10-24,,
2026-09-02T01:05:49.617Z,beaudry,Beaudry,B-3713,37,,2-bed,2 Bed,2,2,1192,5977,5977,5993,available_on,2026-09-01,,
2026-09-02T01:05:49.617Z,beaudry,Beaudry,B-4002,40,,studio,Studio,0,1,539,2970,2970,2986,available_on,2026-10-22,,
2026-09-02T01:05:49.617Z,beaudry,Beaudry,B-4107,41,,studio,Studio,0,1,550,3140,3140,3156,available_on,2026-09-05,,
2026-09-02T01:05:49.617Z,beaudry,Beaudry,B-4116,41,,2-bed,2 Bed,2,2,1192,6342,6342,6358,available_on,2026-09-01,,
2026-09-02T01:05:49.617Z,beaudry,Beaudry,B-4306,43,,1-bed,1 Bed,1,1,882,4450,4450,4466,available_on,2026-11-04,,
2026-09-02T01:05:49.617Z,beaudry,Beaudry,B-4413,44,,2-bed,2 Bed,2,2,1192,6047,6047,6063,available_on,2026-09-01,,
2026-09-02T01:05:49.617Z,beaudry,Beaudry,B-4504,45,,1-bed,1 Bed,1,1.5,1134,4789,4789,4805,available_on,2026-10-06,,
2026-09-02T01:05:49.617Z,beaudry,Beaudry,B-4507,45,,studio,Studio,0,1,550,3180,3180,3196,available_on,2026-10-08,,
2026-09-02T01:05:49.617Z,beaudry,Beaudry,B-4615,46,,1-bed,1 Bed,1,1,568,3200,3200,3216,available_on,2026-11-15,,
2026-09-02T01:05:49.617Z,beaudry,Beaudry,B-4704,47,,1-bed,1 Bed,1,1.5,1134,4809,4809,4825,available_on,2026-09-24,,
2026-09-02T01:05:49.617Z,beaudry,Beaudry,B-4707,47,,studio,Studio,0,1,550,3200,3200,3216,available_on,2026-10-17,,
2026-09-02T01:05:49.617Z,beaudry,Beaudry,B-4713,47,,2-bed,2 Bed,2,2,1192,6077,6077,6093,available_on,2026-11-03,,
2026-09-02T01:05:49.617Z,beaudry,Beaudry,B-4714,47,,1-bed,1 Bed,1,1,817,4450,4450,4466,available_on,2026-09-17,,
2026-09-02T01:05:49.617Z,beaudry,Beaudry,B-4910,49,,1-bed,1 Bed,1,1.5,926,4355,4355,4371,available_on,2026-10-10,,
2026-09-02T01:05:49.617Z,beaudry,Beaudry,B-5002,50,,2-bed,2 Bed,2,2.5,1531,6580,6580,6596,available_on,2026-11-03,,
2026-09-02T01:05:49.617Z,beaudry,Beaudry,B-5209,52,,2-bed,2 Bed,2,2,1230,6295,6295,6311,available_on,2026-09-15,,
2026-09-02T01:05:49.617Z,beaudry,Beaudry,B-5405,54,,3-bed,3 Bed,3,2.5,1734,9047,9047,9063,available_on,2026-10-05,,
2026-09-02T01:05:49.617Z,beaudry,Beaudry,B-5607,56,,1-bed,1 Bed,1,1,1006,5610,5610,5626,available_on,2026-09-01,,
2026-09-02T01:05:49.617Z,circa-la,Circa LA,W3206,32,,1-bed,1 Bed,1,1,745,3331,3331,3381,available_on,2026-09-01,,
2026-09-02T01:05:49.617Z,circa-la,Circa LA,W3208,32,,1-bed,1 Bed,1,1,770,3607,3607,3657,available_on,2026-09-01,,
2026-09-02T01:05:49.617Z,circa-la,Circa LA,W2618,26,,1-bed,1 Bed,1,1,923,4069,4069,4119,available_on,2026-09-01,,
2026-09-02T01:05:49.617Z,circa-la,Circa LA,W2006,20,,1-bed,1 Bed,1,1,745,3359,3359,3409,available_on,2026-09-14,,
2026-09-02T01:05:49.617Z,circa-la,Circa LA,W1906,19,,1-bed,1 Bed,1,1,745,3257,3257,3307,available_on,2026-10-20,,
2026-09-02T01:05:49.617Z,circa-la,Circa LA,W1708,17,,1-bed,1 Bed,1,1,770,3298,3298,3348,available_on,2026-09-01,,
2026-09-02T01:05:49.617Z,circa-la,Circa LA,W1724,17,,2-bed,2 Bed,2,2,1463,4755,4755,4805,available_on,2026-10-28,,
2026-09-02T01:05:49.617Z,circa-la,Circa LA,W1412,14,,2-bed,2 Bed,2,2.5,1762,5527,5527,5577,available_on,2026-09-26,,
2026-09-02T01:05:49.617Z,circa-la,Circa LA,W1102,11,,1-bed,1 Bed,1,1,627,2785,2785,2835,available_on,2026-09-01,,
2026-09-02T01:05:49.617Z,circa-la,Circa LA,W1120,11,,1-bed,1 Bed,1,1,927,3300,3300,3350,available_on,2026-09-18,,
2026-09-02T01:05:49.617Z,circa-la,Circa LA,W926,9,,2-bed,2 Bed,2,2,1285,4292,4292,4342,available_on,2026-09-01,,
2026-09-02T01:05:49.617Z,circa-la,Circa LA,W820,8,,1-bed,1 Bed,1,1,927,3930,3930,3980,available_on,2026-09-01,,
2026-09-02T01:05:49.617Z,circa-la,Circa LA,E3201,32,,1-bed,1 Bed,1,1,627,3116,3116,3166,available_on,2026-09-01,,
2026-09-02T01:05:49.617Z,circa-la,Circa LA,E3221,32,,1-bed,1 Bed,1,1,871,3669,3669,3719,available_on,2026-09-01,,
2026-09-02T01:05:49.617Z,circa-la,Circa LA,E3001,30,,1-bed,1 Bed,1,1,627,2840,2840,2890,available_on,2026-09-01,,
2026-09-02T01:05:49.617Z,circa-la,Circa LA,E2911,29,,2-bed,2 Bed,2,2.5,1762,5690,5690,5740,available_on,2026-09-01,,
2026-09-02T01:05:49.617Z,circa-la,Circa LA,E2917,29,,1-bed,1 Bed,1,1,923,3872,3872,3922,available_on,2026-09-10,,
2026-09-02T01:05:49.617Z,circa-la,Circa LA,E2921,29,,1-bed,1 Bed,1,1,871,3644,3644,3694,available_on,2026-10-04,,
2026-09-02T01:05:49.617Z,circa-la,Circa LA,E2501,25,,1-bed,1 Bed,1,1,627,2876,2876,2926,available_on,2026-09-17,,
2026-09-02T01:05:49.617Z,circa-la,Circa LA,E2411,24,,2-bed,2 Bed,2,2.5,1762,5527,5527,5577,available_on,2026-09-10,,
2026-09-02T01:05:49.617Z,circa-la,Circa LA,E2419,24,,1-bed,1 Bed,1,1,927,3495,3495,3545,available_on,2026-09-21,,
2026-09-02T01:05:49.617Z,circa-la,Circa LA,E2223,22,,2-bed,2 Bed,2,2,1463,4939,4939,4989,available_on,2026-09-01,,
2026-09-02T01:05:49.617Z,circa-la,Circa LA,E1421,14,,1-bed,1 Bed,1,1,871,3269,3269,3319,available_on,2026-09-07,,
2026-09-02T01:05:49.617Z,circa-la,Circa LA,E1115,11,,1-bed,1 Bed,1,1,868,3269,3269,3319,available_on,2026-10-04,,
2026-09-02T01:05:49.617Z,circa-la,Circa LA,E825,8,,2-bed,2 Bed,2,2,1285,4472,4472,4522,available_on,2026-09-01,,
2026-09-02T01:05:49.617Z,circa-la,Circa LA,E3301,33,,3-bed,3 Bed,3,4.5,3984,19486,19486,19536,available_on,2026-09-01,,
2026-09-02T01:05:49.617Z,circa-la,Circa LA,E3309,33,,2-bed,2 Bed,2,2.5,2087,8874,8874,8924,available_on,2026-09-29,,
2026-09-02T01:05:49.617Z,circa-la,Circa LA,W3302,33,,3-bed,3 Bed,3,4.5,3842,22551,22551,22601,available_on,2026-09-01,,
2026-09-02T01:05:49.617Z,circa-la,Circa LA,W3312,33,,3-bed,3 Bed,3,3.5,2900,17028,17028,17078,available_on,2026-09-01,,
2026-09-02T01:05:49.617Z,circa-la,Circa LA,E3411,34,,3-bed,3 Bed,3,3.5,2878,12727,12727,12777,available_on,2026-09-01,,
2026-09-02T01:05:49.617Z,circa-la,Circa LA,W3402,34,,3-bed,3 Bed,3,4.5,3842,22643,22643,22693,available_on,2026-09-01,,
2026-09-02T01:05:49.617Z,circa-la,Circa LA,W3406,34,,2-bed,2 Bed,2,2,1338,7315,7315,7365,available_on,2026-09-01,,
2026-09-02T01:05:49.617Z,circa-la,Circa LA,E3501,35,,3-bed,3 Bed,3,4.5,3984,22435,22435,22485,available_on,2026-09-01,,
2026-09-02T01:05:49.617Z,circa-la,Circa LA,E3505,35,,2-bed,2 Bed,2,2,1338,6188,6188,6238,available_on,2026-09-01,,
2026-09-02T01:05:49.617Z,circa-la,Circa LA,E3511,35,,3-bed,3 Bed,3,3.5,2878,14850,14850,14900,available_on,2026-09-01,,
2026-09-02T01:05:49.617Z,circa-la,Circa LA,W3502,35,,3-bed,3 Bed,3,4.5,3842,23359,23359,23409,available_on,2026-09-01,,
2026-09-02T01:05:49.617Z,circa-la,Circa LA,W3508,35,,2-bed,2 Bed,2,2,1524,8045,8045,8095,available_on,2026-10-31,,
2026-09-02T01:05:49.617Z,circa-la,Circa LA,W3512,35,,3-bed,3 Bed,3,3.5,2900,17398,17398,17448,available_on,2026-09-01,,
2026-09-02T17:54:36.028Z,825-south-hill,825 South Hill,201,2,A2,2-bed-den,2 Bed + Den,2,,1090,3949,5077,,available,,29417540,2413008
2026-09-02T17:54:36.028Z,825-south-hill,825 South Hill,301,3,A2,2-bed-den,2 Bed + Den,2,,1090,3949,5077,,available,,29417543,2413008
2026-09-02T17:54:36.028Z,825-south-hill,825 South Hill,302,3,B,2-bed,2 Bed,2,,993,3894,4994,,available,,29417544,2413011
2026-09-02T17:54:36.028Z,825-south-hill,825 South Hill,522,5,D,2-bed,2 Bed,2,,1030,3516,4544,,available_on,2026-10-08,29417553,2413016
2026-09-02T17:54:36.028Z,825-south-hill,825 South Hill,607,6,TH2,townhomes,Townhomes,,,1385,5564,7478,,available,,29417562,2413022
2026-09-02T17:54:36.028Z,825-south-hill,825 South Hill,4605,46,J,2-bed,2 Bed,2,,991,4597,5896,,available,,29417168,2413023
2026-09-02T17:54:36.028Z,825-south-hill,825 South Hill,3012,30,K,1-bed,1 Bed,1,,670,3499,4457,,available_on,2026-10-12,29417188,2413027
2026-09-02T17:54:36.028Z,825-south-hill,825 South Hill,3412,34,K,1-bed,1 Bed,1,,670,3514,4489,,available,,29417189,2413027
2026-09-02T17:54:36.028Z,825-south-hill,825 South Hill,2901,29,K1,1-bed,1 Bed,1,,716,3514,4489,,available_on,2026-09-07,29417218,2413028
2026-09-02T17:54:36.028Z,825-south-hill,825 South Hill,1703,17,M,2-bed-den,2 Bed + Den,2,,1099,4203,5353,,available_on,2026-11-04,29417237,2413032
2026-09-02T17:54:36.028Z,825-south-hill,825 South Hill,1504,15,N,jr-2-bed,Jr. 2 Bed,2,,792,3150,4047,,available,,29417296,2413034
2026-09-02T17:54:36.028Z,825-south-hill,825 South Hill,2204,22,N,jr-2-bed,Jr. 2 Bed,2,,792,3235,4156,,available_on,2026-09-28,29417302,2413034
2026-09-02T17:54:36.028Z,825-south-hill,825 South Hill,3704,37,N,jr-2-bed,Jr. 2 Bed,2,,792,3475,4465,,available_on,2026-09-14,29417313,2413034
2026-09-02T17:54:36.028Z,825-south-hill,825 South Hill,4204,42,N,jr-2-bed,Jr. 2 Bed,2,,792,3595,4619,,available,,29417317,2413034
2026-09-02T17:54:36.028Z,825-south-hill,825 South Hill,3610,36,N1,jr-2-bed,Jr. 2 Bed,2,,807,3360,4317,,available,,29417341,2413035
2026-09-02T17:54:36.028Z,825-south-hill,825 South Hill,3902,39,O,1-bed,1 Bed,1,,538,3247,4112,,available_on,2026-10-10,29417415,2413037
2026-09-02T17:54:36.028Z,825-south-hill,825 South Hill,4602,46,O,1-bed,1 Bed,1,,538,3392,4281,,available_on,2026-11-07,29417390,2413037
2026-09-02T17:54:36.028Z,825-south-hill,825 South Hill,1107,11,O1,1-bed,1 Bed,1,,560,2902,3688,,available_on,2026-09-28,29417419,2413039
2026-09-02T17:54:36.028Z,825-south-hill,825 South Hill,2406,24,O3,1-bed,1 Bed,1,,562,3037,3846,,available_on,2026-10-02,29417461,2522879
2026-09-02T17:54:36.028Z,825-south-hill,825 South Hill,4706,47,SKY3,skyhomes,Skyhomes,,,1365,5807,7456,,available_on,2026-10-14,38827826,2413047
2026-09-02T17:54:36.028Z,825-south-hill,825 South Hill,4906,49,SKY3,skyhomes,Skyhomes,,,1364,5564,7160,,available,,29417489,2413047
2026-09-02T17:54:36.028Z,atelier,Atelier,0707,7,,1-bed,1 Bed,1,1,778,3421,3421,3438,available_on,2026-10-22,,
2026-09-02T17:54:36.028Z,atelier,Atelier,1402,14,,1-bed,1 Bed,1,1,622,3471,3471,3488,available_on,2026-11-07,,
2026-09-02T17:54:36.028Z,atelier,Atelier,1508,15,,1-bed,1 Bed,1,1,778,3586,3586,3603,available_on,2026-10-18,,
2026-09-02T17:54:36.028Z,atelier,Atelier,1905,19,,1-bed,1 Bed,1,1,778,3931,3931,3948,available_on,2026-09-15,,
2026-09-02T17:54:36.028Z,atelier,Atelier,2102,21,,1-bed,1 Bed,1,1,622,3686,3686,3703,available_on,2026-11-28,,
2026-09-02T17:54:36.028Z,atelier,Atelier,2312,23,,1-bed,1 Bed,1,1,685,3996,3996,4013,available_on,2026-10-08,,
2026-09-02T17:54:36.028Z,atelier,Atelier,2404,24,,1-bed,1 Bed,1,1,829,4291,4291,4308,available_on,2026-09-02,,
2026-09-02T17:54:36.028Z,atelier,Atelier,2411,24,,2-bed,2 Bed,2,2,1043,4664,4664,4681,available_on,2026-11-05,,
2026-09-02T17:54:36.028Z,atelier,Atelier,2414,24,,2-bed,2 Bed,2,2,975,4714,4714,4731,available_on,2026-09-07,,
2026-09-02T17:54:36.028Z,atelier,Atelier,2501,25,,2-bed,2 Bed,2,2.5,1377,6481,6481,6498,available_on,2026-09-02,,
2026-09-02T17:54:36.028Z,atelier,Atelier,2502,25,,2-bed,2 Bed,2,2.5,1514,7526,7526,7543,available_on,2026-09-03,,
2026-09-02T17:54:36.028Z,atelier,Atelier,2504,25,,1-bed,1 Bed,1,1,829,4311,4311,4328,available_on,2026-10-28,,
2026-09-02T17:54:36.028Z,atelier,Atelier,2602,26,,2-bed,2 Bed,2,2.5,1514,7546,7546,7563,available_on,2026-09-02,,
2026-09-02T17:54:36.028Z,atelier,Atelier,3001,30,,2-bed,2 Bed,2,2.5,1377,6671,6671,6688,available_on,2026-09-21,,
2026-09-02T17:54:36.028Z,atelier,Atelier,3106,31,,1-bed,1 Bed,1,1,778,4246,4246,4263,available_on,2026-09-02,,
2026-09-02T17:54:36.028Z,atelier,Atelier,3110,31,,1-bed,1 Bed,1,1,685,4421,4421,4438,available_on,2026-09-02,,
2026-09-02T17:54:36.028Z,atelier,Atelier,3202,32,,2-bed,2 Bed,2,2.5,1514,7806,7806,7823,available_on,2026-09-25,,
2026-09-02T17:54:36.028Z,atelier,Atelier,3208,32,,1-bed,1 Bed,1,1,685,4406,4406,4423,available_on,2026-09-02,,
2026-09-02T17:54:36.028Z,atelier,Atelier,3210,32,,1-bed,1 Bed,1,1,685,4491,4491,4508,available_on,2026-09-02,,
2026-09-02T17:54:36.028Z,atelier,Atelier,PH01,,,2-bed,2 Bed,2,2.5,1470,8953,8953,8970,available_on,2026-09-02,,
2026-09-02T17:54:36.028Z,atelier,Atelier,PH08,,,3-bed,3 Bed,3,3,1731,9229,9229,9246,available_on,2026-09-02,,
2026-09-02T17:54:36.028Z,eighth-and-grand,Eighth & Grand,0-2003,,,1-bed,1 Bed,1,1,762,2526,2526,2545,available_on,2026-10-09,,
2026-09-02T17:54:36.028Z,eighth-and-grand,Eighth & Grand,0-2017,,,1-bed,1 Bed,1,1,762,2391,2391,2410,available_on,2026-09-10,,
2026-09-02T17:54:36.028Z,eighth-and-grand,Eighth & Grand,0-2029,,,1-bed,1 Bed,1,1,762,2391,2391,2410,available_on,2026-09-04,,
2026-09-02T17:54:36.028Z,eighth-and-grand,Eighth & Grand,0-2034,,,2-bed,2 Bed,2,1,905,3047,3047,3066,available_on,2026-10-06,,
2026-09-02T17:54:36.028Z,eighth-and-grand,Eighth & Grand,0-2037,,,1-bed,1 Bed,1,1,762,2391,2391,2410,available_on,2026-09-15,,
2026-09-02T17:54:36.028Z,eighth-and-grand,Eighth & Grand,0-2041,,,1-bed,1 Bed,1,1,762,2391,2391,2410,available_on,2026-09-05,,
2026-09-02T17:54:36.028Z,eighth-and-grand,Eighth & Grand,0-2051,,,2-bed,2 Bed,2,2.5,1094,3796,3796,3815,available_on,2026-09-02,,
2026-09-02T17:54:36.028Z,eighth-and-grand,Eighth & Grand,0-2102,,,studio,Studio,0,1,527,2185,2185,2204,available_on,2026-10-17,,
2026-09-02T17:54:36.028Z,eighth-and-grand,Eighth & Grand,0-2110,,,studio,Studio,0,1,520,2130,2130,2149,available_on,2026-09-02,,
2026-09-02T17:54:36.028Z,eighth-and-grand,Eighth & Grand,0-2152,,,studio,Studio,0,1,540,2190,2190,2209,available_on,2026-10-16,,
2026-09-02T17:54:36.028Z,eighth-and-grand,Eighth & Grand,0-2161,,,2-bed,2 Bed,2,2,1109,3346,3346,3365,available_on,2026-10-10,,
2026-09-02T17:54:36.028Z,eighth-and-grand,Eighth & Grand,0-3016,,,1-bed,1 Bed,1,1,578,2407,2407,2426,available_on,2026-09-14,,
2026-09-02T17:54:36.028Z,eighth-and-grand,Eighth & Grand,0-3028,,,1-bed,1 Bed,1,1,779,2711,2711,2730,available_on,2026-09-02,,
2026-09-02T17:54:36.028Z,eighth-and-grand,Eighth & Grand,0-3104,,,1-bed,1 Bed,1,1,802,2576,2576,2595,available_on,2026-09-07,,
2026-09-02T17:54:36.028Z,eighth-and-grand,Eighth & Grand,0-3136,,,1-bed,1 Bed,1,1,777,2251,2251,2270,available_on,2026-10-12,,
2026-09-02T17:54:36.028Z,eighth-and-grand,Eighth & Grand,0-4028,,,1-bed,1 Bed,1,1,779,2731,2731,2750,available_on,2026-10-09,,
2026-09-02T17:54:36.028Z,eighth-and-grand,Eighth & Grand,0-4071,,,1-bed,1 Bed,1,1,840,2356,2356,2375,available_on,2026-10-23,,
2026-09-02T17:54:36.028Z,eighth-and-grand,Eighth & Grand,0-4108,,,studio,Studio,0,1,540,2315,2315,2334,available_on,2026-09-02,,
2026-09-02T17:54:36.028Z,eighth-and-grand,Eighth & Grand,0-4114,,,studio,Studio,0,1,520,2270,2270,2289,available_on,2026-10-15,,
2026-09-02T17:54:36.028Z,eighth-and-grand,Eighth & Grand,0-4131,,,1-bed,1 Bed,1,1,578,2437,2437,2456,available_on,2026-09-02,,
2026-09-02T17:54:36.028Z,eighth-and-grand,Eighth & Grand,0-4134,,,1-bed,1 Bed,1,1,777,2371,2371,2390,available_on,2026-10-04,,
2026-09-02T17:54:36.028Z,eighth-and-grand,Eighth & Grand,0-5005,,,1-bed,1 Bed,1,1,762,2801,2801,2820,available_on,2026-09-02,,
2026-09-02T17:54:36.028Z,eighth-and-grand,Eighth & Grand,0-5026,,,1-bed,1 Bed,1,1,779,2791,2791,2810,available_on,2026-09-02,,
2026-09-02T17:54:36.028Z,eighth-and-grand,Eighth & Grand,0-5032,,,1-bed,1 Bed,1,1,779,2791,2791,2810,available_on,2026-09-02,,
2026-09-02T17:54:36.028Z,eighth-and-grand,Eighth & Grand,0-5034,,,2-bed,2 Bed,2,2,1046,3356,3356,3375,available_on,2026-09-02,,
2026-09-02T17:54:36.028Z,eighth-and-grand,Eighth & Grand,0-5035,,,1-bed,1 Bed,1,1,880,2801,2801,2820,available_on,2026-09-02,,
2026-09-02T17:54:36.028Z,eighth-and-grand,Eighth & Grand,0-5039,,,1-bed,1 Bed,1,1,762,2766,2766,2785,available_on,2026-09-02,,
2026-09-02T17:54:36.028Z,eighth-and-grand,Eighth & Grand,0-5046,,,1-bed,1 Bed,1,1,578,2532,2532,2551,available_on,2026-09-20,,
2026-09-02T17:54:36.028Z,eighth-and-grand,Eighth & Grand,0-5086,,,1-bed,1 Bed,1,1,777,2391,2391,2410,available_on,2026-10-06,,
2026-09-02T17:54:36.028Z,eighth-and-grand,Eighth & Grand,0-5094,,,1-bed,1 Bed,1,1,715,2641,2641,2660,available_on,2026-09-02,,
2026-09-02T17:54:36.028Z,eighth-and-grand,Eighth & Grand,0-5096,,,1-bed,1 Bed,1,1,584,2476,2476,2495,available_on,2026-09-02,,
2026-09-02T17:54:36.028Z,eighth-and-grand,Eighth & Grand,0-5153,,,2-bed,2 Bed,2,2,1278,4001,4001,4020,available_on,2026-09-23,,
2026-09-02T17:54:36.028Z,eighth-and-grand,Eighth & Grand,0-5162,,,studio,Studio,0,1,520,2280,2280,2299,available_on,2026-10-30,,
2026-09-02T17:54:36.028Z,eighth-and-grand,Eighth & Grand,0-6002,,,1-bed,1 Bed,1,1,639,2441,2441,2460,available_on,2026-09-02,,
2026-09-02T17:54:36.028Z,eighth-and-grand,Eighth & Grand,0-6011,,,1-bed,1 Bed,1,1,880,2751,2751,2770,available_on,2026-09-02,,
2026-09-02T17:54:36.028Z,eighth-and-grand,Eighth & Grand,0-6017,,,1-bed,1 Bed,1,1,880,2801,2801,2820,available_on,2026-09-02,,
2026-09-02T17:54:36.028Z,eighth-and-grand,Eighth & Grand,0-6032,,,1-bed,1 Bed,1,1,779,2841,2841,2860,available_on,2026-11-04,,
2026-09-02T17:54:36.028Z,eighth-and-grand,Eighth & Grand,0-6035,,,1-bed,1 Bed,1,1,762,2721,2721,2740,available_on,2026-09-04,,
2026-09-02T17:54:36.028Z,eighth-and-grand,Eighth & Grand,0-6057,,,2-bed,2 Bed,2,2,1211,3676,3676,3695,available_on,2026-09-06,,
2026-09-02T17:54:36.028Z,eighth-and-grand,Eighth & Grand,0-6066,,,1-bed,1 Bed,1,1,762,2716,2716,2735,available_on,2026-09-02,,
2026-09-02T17:54:36.028Z,eighth-and-grand,Eighth & Grand,0-6085,,,1-bed,1 Bed,1,1,578,2587,2587,2606,available_on,2026-11-23,,
2026-09-02T17:54:36.028Z,eighth-and-grand,Eighth & Grand,0-6094,,,1-bed,1 Bed,1,1,715,2766,2766,2785,available_on,2026-09-02,,
2026-09-02T17:54:36.028Z,eighth-and-grand,Eighth & Grand,0-6124,,,1-bed,1 Bed,1,1,701,2291,2291,2310,available_on,2026-09-03,,
2026-09-02T17:54:36.028Z,eighth-and-grand,Eighth & Grand,0-6137,,,1-bed,1 Bed,1,1,578,2537,2537,2556,available_on,2026-09-10,,
2026-09-02T17:54:36.028Z,eighth-and-grand,Eighth & Grand,0-6149,,,studio,Studio,0,1,558,2410,2410,2429,available_on,2026-09-02,,
2026-09-02T17:54:36.028Z,eighth-and-grand,Eighth & Grand,0-6152,,,studio,Studio,0,1,540,2415,2415,2434,available_on,2026-11-01,,
2026-09-02T17:54:36.028Z,eighth-and-grand,Eighth & Grand,0-6154,,,studio,Studio,0,1,520,2330,2330,2349,available_on,2026-11-07,,
2026-09-02T17:54:36.028Z,eighth-and-grand,Eighth & Grand,0-6166,,,1-bed,1 Bed,1,1,822,2766,2766,2785,available_on,2026-09-28,,
2026-09-02T17:54:36.028Z,eighth-and-grand,Eighth & Grand,0-7024,,,1-bed,1 Bed,1,1,791,2621,2621,2640,available_on,2026-09-02,,
2026-09-02T17:54:36.028Z,eighth-and-grand,Eighth & Grand,0-7042,,,1-bed,1 Bed,1,1,578,2457,2457,2476,available_on,2026-09-02,,
2026-09-02T17:54:36.028Z,eighth-and-grand,Eighth & Grand,0-7066,,,1-bed,1 Bed,1,1,762,2766,2766,2785,available_on,2026-09-02,,
2026-09-02T17:54:36.028Z,eighth-and-grand,Eighth & Grand,0-7071,,,1-bed,1 Bed,1,1,840,2781,2781,2800,available_on,2026-09-09,,
2026-09-02T17:54:36.028Z,eighth-and-grand,Eighth & Grand,0-7075,,,1-bed,1 Bed,1,1,777,2491,2491,2510,available_on,2026-10-12,,
2026-09-02T17:54:36.028Z,eighth-and-grand,Eighth & Grand,0-7090,,,2-bed,2 Bed,2,1,976,3281,3281,3300,available_on,2026-09-02,,
2026-09-02T17:54:36.028Z,eighth-and-grand,Eighth & Grand,0-7096,,,1-bed,1 Bed,1,1,584,2551,2551,2570,available_on,2026-09-02,,
2026-09-02T17:54:36.028Z,eighth-and-grand,Eighth & Grand,0-7145,,,2-bed,2 Bed,2,2,1099,4121,4121,4140,available_on,2026-10-01,,
2026-09-02T17:54:36.028Z,eighth-and-grand,Eighth & Grand,0-7167,,,1-bed,1 Bed,1,1,578,2637,2637,2656,available_on,2026-10-07,,
2026-09-02T17:54:36.028Z,beaudry,Beaudry,B-0514,5,,1-bed,1 Bed,1,1,794,3915,3915,3931,available_on,2026-10-31,,
2026-09-02T17:54:36.028Z,beaudry,Beaudry,B-0701,7,,1-bed,1 Bed,1,1.5,818,4249,4249,4265,available_on,2026-11-07,,
2026-09-02T17:54:36.028Z,beaudry,Beaudry,B-0814,8,,1-bed,1 Bed,1,1,802,3945,3945,3961,available_on,2026-11-06,,
2026-09-02T17:54:36.028Z,beaudry,Beaudry,B-1007,10,,studio,Studio,0,1,550,2660,2660,2676,available_on,2026-10-22,,
2026-09-02T17:54:36.028Z,beaudry,Beaudry,B-1014,10,,1-bed,1 Bed,1,1,802,3965,3965,3981,available_on,2026-09-12,,
2026-09-02T17:54:36.028Z,beaudry,Beaudry,B-1101,11,,1-bed,1 Bed,1,1.5,818,4439,4439,4455,available_on,2026-09-13,,
2026-09-02T17:54:36.028Z,beaudry,Beaudry,B-1104,11,,1-bed,1 Bed,1,1.5,875,3789,3789,3805,available_on,2026-10-27,,
2026-09-02T17:54:36.028Z,beaudry,Beaudry,B-1204,12,,1-bed,1 Bed,1,1.5,875,3854,3854,3870,available_on,2026-10-01,,
2026-09-02T17:54:36.028Z,beaudry,Beaudry,B-1401,14,,1-bed,1 Bed,1,1.5,818,4514,4514,4530,available_on,2026-09-29,,
2026-09-02T17:54:36.028Z,beaudry,Beaudry,B-1416,14,,2-bed,2 Bed,2,2,1192,6030,6030,6046,available_on,2026-09-06,,
2026-09-02T17:54:36.028Z,beaudry,Beaudry,B-1502,15,,studio,Studio,0,1,539,2695,2695,2711,available_on,2026-10-07,,
2026-09-02T17:54:36.028Z,beaudry,Beaudry,B-1602,16,,studio,Studio,0,1,539,2705,2705,2721,available_on,2026-10-09,,
2026-09-02T17:54:36.028Z,beaudry,Beaudry,B-1714,17,,1-bed,1 Bed,1,1,802,3975,3975,3991,available_on,2026-09-16,,
2026-09-02T17:54:36.028Z,beaudry,Beaudry,B-1804,18,,1-bed,1 Bed,1,1.5,875,3904,3904,3920,available_on,2026-09-21,,
2026-09-02T17:54:36.028Z,beaudry,Beaudry,B-1806,18,,1-bed,1 Bed,1,1,868,4150,4150,4166,available_on,2026-10-10,,
2026-09-02T17:54:36.028Z,beaudry,Beaudry,B-1904,19,,1-bed,1 Bed,1,1.5,891,3879,3879,3895,available_on,2026-09-18,,
2026-09-02T17:54:36.028Z,beaudry,Beaudry,B-2004,20,,1-bed,1 Bed,1,1.5,891,3889,3889,3905,available_on,2026-10-04,,
2026-09-02T17:54:36.028Z,beaudry,Beaudry,B-2008,20,,2-bed,2 Bed,2,2,1200,6445,6445,6461,available_on,2026-09-02,,
2026-09-02T17:54:36.028Z,beaudry,Beaudry,B-2009,20,,1-bed,1 Bed,1,1,860,4830,4830,4846,available_on,2026-09-24,,
2026-09-02T17:54:36.028Z,beaudry,Beaudry,B-2013,20,,2-bed,2 Bed,2,2,1192,5765,5765,5781,available_on,2026-09-16,,
2026-09-02T17:54:36.028Z,beaudry,Beaudry,B-2014,20,,1-bed,1 Bed,1,1,817,4105,4105,4121,available_on,2026-10-23,,
2026-09-02T17:54:36.028Z,beaudry,Beaudry,B-2101,21,,1-bed,1 Bed,1,1.5,818,4584,4584,4600,available_on,2026-09-18,,
2026-09-02T17:54:36.028Z,beaudry,Beaudry,B-2114,21,,1-bed,1 Bed,1,1,817,4115,4115,4131,available_on,2026-09-21,,
2026-09-02T17:54:36.028Z,beaudry,Beaudry,B-2204,22,,1-bed,1 Bed,1,1.5,891,3909,3909,3925,available_on,2026-09-29,,
2026-09-02T17:54:36.028Z,beaudry,Beaudry,B-2313,23,,2-bed,2 Bed,2,2,1192,5795,5795,5811,available_on,2026-09-02,,
2026-09-02T17:54:36.028Z,beaudry,Beaudry,B-2413,24,,2-bed,2 Bed,2,2,1192,5805,5805,5821,available_on,2026-09-12,,
2026-09-02T17:54:36.028Z,beaudry,Beaudry,B-2415,24,,1-bed,1 Bed,1,1,568,2955,2955,2971,available_on,2026-10-08,,
2026-09-02T17:54:36.028Z,beaudry,Beaudry,B-2501,25,,1-bed,1 Bed,1,1.5,818,4624,4624,4640,available_on,2026-11-05,,
2026-09-02T17:54:36.028Z,beaudry,Beaudry,B-2805,28,,1-bed,1 Bed,1,1,939,4390,4390,4406,available_on,2026-10-01,,
2026-09-02T17:54:36.028Z,beaudry,Beaudry,B-2902,29,,studio,Studio,0,1,539,2835,2835,2851,available_on,2026-09-22,,
2026-09-02T17:54:36.028Z,beaudry,Beaudry,B-2906,29,,1-bed,1 Bed,1,1,882,4285,4285,4301,available_on,2026-09-30,,
2026-09-02T17:54:36.028Z,beaudry,Beaudry,B-2910,29,,1-bed,1 Bed,1,1,594,2940,2940,2956,available_on,2026-10-03,,
2026-09-02T17:54:36.028Z,beaudry,Beaudry,B-3005,30,,1-bed,1 Bed,1,1,939,4410,4410,4426,available_on,2026-09-27,,
2026-09-02T17:54:36.028Z,beaudry,Beaudry,B-3008,30,,2-bed,2 Bed,2,2,1200,6635,6635,6651,available_on,2026-09-02,,
2026-09-02T17:54:36.028Z,beaudry,Beaudry,B-3205,32,,1-bed,1 Bed,1,1,939,4430,4430,4446,available_on,2026-10-14,,
2026-09-02T17:54:36.028Z,beaudry,Beaudry,B-3310,33,,1-bed,1 Bed,1,1,594,2980,2980,2996,available_on,2026-10-08,,
2026-09-02T17:54:36.028Z,beaudry,Beaudry,B-3401,34,,1-bed,1 Bed,1,1.5,818,4714,4714,4730,available_on,2026-10-02,,
2026-09-02T17:54:36.028Z,beaudry,Beaudry,B-3406,34,,1-bed,1 Bed,1,1,882,4335,4335,4351,available_on,2026-10-16,,
2026-09-02T17:54:36.028Z,beaudry,Beaudry,B-3604,36,,1-bed,1 Bed,1,1.5,891,4074,4074,4090,available_on,2026-09-17,,
2026-09-02T17:54:36.028Z,beaudry,Beaudry,B-3709,37,,1-bed,1 Bed,1,1,860,5175,5175,5191,available_on,2026-10-24,,
2026-09-02T17:54:36.028Z,beaudry,Beaudry,B-3713,37,,2-bed,2 Bed,2,2,1192,5960,5960,5976,available_on,2026-09-02,,
2026-09-02T17:54:36.028Z,beaudry,Beaudry,B-3816,38,,2-bed,2 Bed,2,2,1192,6295,6295,6311,available_on,2026-11-12,,
2026-09-02T17:54:36.028Z,beaudry,Beaudry,B-4002,40,,studio,Studio,0,1,539,2970,2970,2986,available_on,2026-10-22,,
2026-09-02T17:54:36.028Z,beaudry,Beaudry,B-4103,41,,1-bed,1 Bed,1,1,627,3225,3225,3241,available_on,2026-11-07,,
2026-09-02T17:54:36.028Z,beaudry,Beaudry,B-4107,41,,studio,Studio,0,1,550,3140,3140,3156,available_on,2026-09-05,,
2026-09-02T17:54:36.028Z,beaudry,Beaudry,B-4116,41,,2-bed,2 Bed,2,2,1192,6325,6325,6341,available_on,2026-09-02,,
2026-09-02T17:54:36.028Z,beaudry,Beaudry,B-4306,43,,1-bed,1 Bed,1,1,882,4450,4450,4466,available_on,2026-11-04,,
2026-09-02T17:54:36.028Z,beaudry,Beaudry,B-4413,44,,2-bed,2 Bed,2,2,1192,6030,6030,6046,available_on,2026-09-02,,
2026-09-02T17:54:36.028Z,beaudry,Beaudry,B-4504,45,,1-bed,1 Bed,1,1.5,1134,4779,4779,4795,available_on,2026-10-06,,
2026-09-02T17:54:36.028Z,beaudry,Beaudry,B-4507,45,,studio,Studio,0,1,550,3180,3180,3196,available_on,2026-10-08,,
2026-09-02T17:54:36.028Z,beaudry,Beaudry,B-4514,45,,1-bed,1 Bed,1,1,817,4380,4380,4396,available_on,2026-10-01,,
2026-09-02T17:54:36.028Z,beaudry,Beaudry,B-4615,46,,1-bed,1 Bed,1,1,568,3200,3200,3216,available_on,2026-11-15,,
2026-09-02T17:54:36.028Z,beaudry,Beaudry,B-4704,47,,1-bed,1 Bed,1,1.5,1134,4799,4799,4815,available_on,2026-09-24,,
2026-09-02T17:54:36.028Z,beaudry,Beaudry,B-4707,47,,studio,Studio,0,1,550,3200,3200,3216,available_on,2026-10-17,,
2026-09-02T17:54:36.028Z,beaudry,Beaudry,B-4713,47,,2-bed,2 Bed,2,2,1192,6060,6060,6076,available_on,2026-11-03,,
2026-09-02T17:54:36.028Z,beaudry,Beaudry,B-4714,47,,1-bed,1 Bed,1,1,817,4450,4450,4466,available_on,2026-09-17,,
2026-09-02T17:54:36.028Z,beaudry,Beaudry,B-4910,49,,1-bed,1 Bed,1,1.5,926,4355,4355,4371,available_on,2026-10-10,,
2026-09-02T17:54:36.028Z,beaudry,Beaudry,B-5002,50,,2-bed,2 Bed,2,2.5,1531,6580,6580,6596,available_on,2026-11-03,,
2026-09-02T17:54:36.028Z,beaudry,Beaudry,B-5209,52,,2-bed,2 Bed,2,2,1230,6295,6295,6311,available_on,2026-09-15,,
2026-09-02T17:54:36.028Z,beaudry,Beaudry,B-5405,54,,3-bed,3 Bed,3,2.5,1734,9067,9067,9083,available_on,2026-10-05,,
2026-09-02T17:54:36.028Z,beaudry,Beaudry,B-5607,56,,1-bed,1 Bed,1,1,1006,5610,5610,5626,available_on,2026-09-02,,
2026-09-02T17:54:36.028Z,circa-la,Circa LA,W3206,32,,1-bed,1 Bed,1,1,745,3315,3315,3365,available_on,2026-09-02,,
2026-09-02T17:54:36.028Z,circa-la,Circa LA,W3208,32,,1-bed,1 Bed,1,1,770,3599,3599,3649,available_on,2026-09-02,,
2026-09-02T17:54:36.028Z,circa-la,Circa LA,W2618,26,,1-bed,1 Bed,1,1,923,4069,4069,4119,available_on,2026-09-02,,
2026-09-02T17:54:36.028Z,circa-la,Circa LA,W2006,20,,1-bed,1 Bed,1,1,745,3359,3359,3409,available_on,2026-09-14,,
2026-09-02T17:54:36.028Z,circa-la,Circa LA,W1906,19,,1-bed,1 Bed,1,1,745,3257,3257,3307,available_on,2026-10-20,,
2026-09-02T17:54:36.028Z,circa-la,Circa LA,W1708,17,,1-bed,1 Bed,1,1,770,3284,3284,3334,available_on,2026-09-02,,
2026-09-02T17:54:36.028Z,circa-la,Circa LA,W1720,17,,1-bed,1 Bed,1,1,927,3475,3475,3525,available_on,2026-10-25,,
2026-09-02T17:54:36.028Z,circa-la,Circa LA,W1724,17,,2-bed,2 Bed,2,2,1463,4755,4755,4805,available_on,2026-10-28,,
2026-09-02T17:54:36.028Z,circa-la,Circa LA,W1412,14,,2-bed,2 Bed,2,2.5,1762,5527,5527,5577,available_on,2026-09-26,,
2026-09-02T17:54:36.028Z,circa-la,Circa LA,W1102,11,,1-bed,1 Bed,1,1,627,2779,2779,2829,available_on,2026-09-02,,
2026-09-02T17:54:36.028Z,circa-la,Circa LA,W1120,11,,1-bed,1 Bed,1,1,927,3300,3300,3350,available_on,2026-09-18,,
2026-09-02T17:54:36.028Z,circa-la,Circa LA,W926,9,,2-bed,2 Bed,2,2,1285,4292,4292,4342,available_on,2026-09-02,,
2026-09-02T17:54:36.028Z,circa-la,Circa LA,W820,8,,1-bed,1 Bed,1,1,927,3897,3897,3947,available_on,2026-09-02,,
2026-09-02T17:54:36.028Z,circa-la,Circa LA,E3201,32,,1-bed,1 Bed,1,1,627,3109,3109,3159,available_on,2026-09-02,,
2026-09-02T17:54:36.028Z,circa-la,Circa LA,E3221,32,,1-bed,1 Bed,1,1,871,3656,3656,3706,available_on,2026-09-02,,
2026-09-02T17:54:36.028Z,circa-la,Circa LA,E3001,30,,1-bed,1 Bed,1,1,627,2827,2827,2877,available_on,2026-09-02,,
2026-09-02T17:54:36.028Z,circa-la,Circa LA,E2911,29,,2-bed,2 Bed,2,2.5,1762,5677,5677,5727,available_on,2026-09-02,,
2026-09-02T17:54:36.028Z,circa-la,Circa LA,E2917,29,,1-bed,1 Bed,1,1,923,3872,3872,3922,available_on,2026-09-10,,
2026-09-02T17:54:36.028Z,circa-la,Circa LA,E2921,29,,1-bed,1 Bed,1,1,871,3644,3644,3694,available_on,2026-10-04,,
2026-09-02T17:54:36.028Z,circa-la,Circa LA,E2501,25,,1-bed,1 Bed,1,1,627,2876,2876,2926,available_on,2026-09-17,,
2026-09-02T17:54:36.028Z,circa-la,Circa LA,E2411,24,,2-bed,2 Bed,2,2.5,1762,5527,5527,5577,available_on,2026-09-10,,
2026-09-02T17:54:36.028Z,circa-la,Circa LA,E2419,24,,1-bed,1 Bed,1,1,927,3495,3495,3545,available_on,2026-09-21,,
2026-09-02T17:54:36.028Z,circa-la,Circa LA,E2223,22,,2-bed,2 Bed,2,2,1463,4939,4939,4989,available_on,2026-09-02,,
2026-09-02T17:54:36.028Z,circa-la,Circa LA,E1421,14,,1-bed,1 Bed,1,1,871,3269,3269,3319,available_on,2026-09-07,,
2026-09-02T17:54:36.028Z,circa-la,Circa LA,E1115,11,,1-bed,1 Bed,1,1,868,3269,3269,3319,available_on,2026-10-04,,
2026-09-02T17:54:36.028Z,circa-la,Circa LA,E825,8,,2-bed,2 Bed,2,2,1285,4472,4472,4522,available_on,2026-09-02,,
2026-09-02T17:54:36.028Z,circa-la,Circa LA,E3301,33,,3-bed,3 Bed,3,4.5,3984,19648,19648,19698,available_on,2026-09-02,,
2026-09-02T17:54:36.028Z,circa-la,Circa LA,E3309,33,,2-bed,2 Bed,2,2.5,2087,8874,8874,8924,available_on,2026-09-29,,
2026-09-02T17:54:36.028Z,circa-la,Circa LA,W3302,33,,3-bed,3 Bed,3,4.5,3842,22738,22738,22788,available_on,2026-09-02,,
2026-09-02T17:54:36.028Z,circa-la,Circa LA,W3312,33,,3-bed,3 Bed,3,3.5,2900,17169,17169,17219,available_on,2026-09-02,,
2026-09-02T17:54:36.028Z,circa-la,Circa LA,E3411,34,,3-bed,3 Bed,3,3.5,2878,12722,12722,12772,available_on,2026-09-02,,
2026-09-02T17:54:36.028Z,circa-la,Circa LA,W3402,34,,3-bed,3 Bed,3,4.5,3842,22832,22832,22882,available_on,2026-09-02,,
2026-09-02T17:54:36.028Z,circa-la,Circa LA,W3406,34,,2-bed,2 Bed,2,2,1338,7299,7299,7349,available_on,2026-09-02,,
2026-09-02T17:54:36.028Z,circa-la,Circa LA,E3501,35,,3-bed,3 Bed,3,4.5,3984,22621,22621,22671,available_on,2026-09-02,,
2026-09-02T17:54:36.028Z,circa-la,Circa LA,E3505,35,,2-bed,2 Bed,2,2,1338,6174,6174,6224,available_on,2026-09-02,,
2026-09-02T17:54:36.028Z,circa-la,Circa LA,E3511,35,,3-bed,3 Bed,3,3.5,2878,14973,14973,15023,available_on,2026-09-02,,
2026-09-02T17:54:36.028Z,circa-la,Circa LA,W3502,35,,3-bed,3 Bed,3,4.5,3842,23554,23554,23604,available_on,2026-09-02,,
2026-09-02T17:54:36.028Z,circa-la,Circa LA,W3508,35,,2-bed,2 Bed,2,2,1524,8045,8045,8095,available_on,2026-10-31,,
2026-09-02T17:54:36.028Z,circa-la,Circa LA,W3512,35,,3-bed,3 Bed,3,3.5,2900,17543,17543,17593,available_on,2026-09-02,,
2026-09-03T01:11:44.115Z,825-south-hill,825 South Hill,201,2,A2,2-bed-den,2 Bed + Den,2,,1090,3949,5077,,available,,29417540,2413008
2026-09-03T01:11:44.115Z,825-south-hill,825 South Hill,301,3,A2,2-bed-den,2 Bed + Den,2,,1090,3949,5077,,available,,29417543,2413008
2026-09-03T01:11:44.115Z,825-south-hill,825 South Hill,302,3,B,2-bed,2 Bed,2,,993,3894,4994,,available,,29417544,2413011
2026-09-03T01:11:44.115Z,825-south-hill,825 South Hill,522,5,D,2-bed,2 Bed,2,,1030,3516,4544,,available_on,2026-10-08,29417553,2413016
2026-09-03T01:11:44.115Z,825-south-hill,825 South Hill,607,6,TH2,townhomes,Townhomes,,,1385,5564,7478,,available,,29417562,2413022
2026-09-03T01:11:44.115Z,825-south-hill,825 South Hill,4605,46,J,2-bed,2 Bed,2,,991,4597,5896,,available,,29417168,2413023
2026-09-03T01:11:44.115Z,825-south-hill,825 South Hill,3012,30,K,1-bed,1 Bed,1,,670,3499,4457,,available_on,2026-10-12,29417188,2413027
2026-09-03T01:11:44.115Z,825-south-hill,825 South Hill,3412,34,K,1-bed,1 Bed,1,,670,3514,4489,,available,,29417189,2413027
2026-09-03T01:11:44.115Z,825-south-hill,825 South Hill,2901,29,K1,1-bed,1 Bed,1,,716,3514,4489,,available_on,2026-09-07,29417218,2413028
2026-09-03T01:11:44.115Z,825-south-hill,825 South Hill,1703,17,M,2-bed-den,2 Bed + Den,2,,1099,4203,5353,,available_on,2026-11-04,29417237,2413032
2026-09-03T01:11:44.115Z,825-south-hill,825 South Hill,1504,15,N,jr-2-bed,Jr. 2 Bed,2,,792,3150,4047,,available,,29417296,2413034
2026-09-03T01:11:44.115Z,825-south-hill,825 South Hill,2204,22,N,jr-2-bed,Jr. 2 Bed,2,,792,3235,4156,,available_on,2026-09-28,29417302,2413034
2026-09-03T01:11:44.115Z,825-south-hill,825 South Hill,3704,37,N,jr-2-bed,Jr. 2 Bed,2,,792,3475,4465,,available_on,2026-09-14,29417313,2413034
2026-09-03T01:11:44.115Z,825-south-hill,825 South Hill,4204,42,N,jr-2-bed,Jr. 2 Bed,2,,792,3595,4619,,available,,29417317,2413034
2026-09-03T01:11:44.115Z,825-south-hill,825 South Hill,3610,36,N1,jr-2-bed,Jr. 2 Bed,2,,807,3360,4317,,available,,29417341,2413035
2026-09-03T01:11:44.115Z,825-south-hill,825 South Hill,3902,39,O,1-bed,1 Bed,1,,538,3247,4112,,available_on,2026-10-10,29417415,2413037
2026-09-03T01:11:44.115Z,825-south-hill,825 South Hill,4602,46,O,1-bed,1 Bed,1,,538,3392,4281,,available_on,2026-11-07,29417390,2413037
2026-09-03T01:11:44.115Z,825-south-hill,825 South Hill,1107,11,O1,1-bed,1 Bed,1,,560,2902,3688,,available_on,2026-09-28,29417419,2413039
2026-09-03T01:11:44.115Z,825-south-hill,825 South Hill,2406,24,O3,1-bed,1 Bed,1,,562,3037,3846,,available_on,2026-10-02,29417461,2522879
2026-09-03T01:11:44.115Z,825-south-hill,825 South Hill,4706,47,SKY3,skyhomes,Skyhomes,,,1365,5807,7456,,available_on,2026-10-14,38827826,2413047
2026-09-03T01:11:44.115Z,825-south-hill,825 South Hill,4906,49,SKY3,skyhomes,Skyhomes,,,1364,5564,7160,,available,,29417489,2413047
2026-09-03T01:11:44.115Z,atelier,Atelier,0707,7,,1-bed,1 Bed,1,1,778,3421,3421,3438,available_on,2026-10-22,,
2026-09-03T01:11:44.115Z,atelier,Atelier,1402,14,,1-bed,1 Bed,1,1,622,3471,3471,3488,available_on,2026-11-07,,
2026-09-03T01:11:44.115Z,atelier,Atelier,1508,15,,1-bed,1 Bed,1,1,778,3586,3586,3603,available_on,2026-10-18,,
2026-09-03T01:11:44.115Z,atelier,Atelier,1905,19,,1-bed,1 Bed,1,1,778,3931,3931,3948,available_on,2026-09-15,,
2026-09-03T01:11:44.115Z,atelier,Atelier,2102,21,,1-bed,1 Bed,1,1,622,3686,3686,3703,available_on,2026-11-28,,
2026-09-03T01:11:44.115Z,atelier,Atelier,2312,23,,1-bed,1 Bed,1,1,685,3996,3996,4013,available_on,2026-10-08,,
2026-09-03T01:11:44.115Z,atelier,Atelier,2404,24,,1-bed,1 Bed,1,1,829,4291,4291,4308,available_on,2026-09-03,,
2026-09-03T01:11:44.115Z,atelier,Atelier,2411,24,,2-bed,2 Bed,2,2,1043,4664,4664,4681,available_on,2026-11-05,,
2026-09-03T01:11:44.115Z,atelier,Atelier,2414,24,,2-bed,2 Bed,2,2,975,4714,4714,4731,available_on,2026-09-07,,
2026-09-03T01:11:44.115Z,atelier,Atelier,2501,25,,2-bed,2 Bed,2,2.5,1377,6481,6481,6498,available_on,2026-09-03,,
2026-09-03T01:11:44.115Z,atelier,Atelier,2502,25,,2-bed,2 Bed,2,2.5,1514,7526,7526,7543,available_on,2026-09-03,,
2026-09-03T01:11:44.115Z,atelier,Atelier,2504,25,,1-bed,1 Bed,1,1,829,4311,4311,4328,available_on,2026-10-28,,
2026-09-03T01:11:44.115Z,atelier,Atelier,2602,26,,2-bed,2 Bed,2,2.5,1514,7546,7546,7563,available_on,2026-09-03,,
2026-09-03T01:11:44.115Z,atelier,Atelier,3001,30,,2-bed,2 Bed,2,2.5,1377,6671,6671,6688,available_on,2026-09-21,,
2026-09-03T01:11:44.115Z,atelier,Atelier,3110,31,,1-bed,1 Bed,1,1,685,4421,4421,4438,available_on,2026-09-03,,
2026-09-03T01:11:44.115Z,atelier,Atelier,3202,32,,2-bed,2 Bed,2,2.5,1514,7806,7806,7823,available_on,2026-09-25,,
2026-09-03T01:11:44.115Z,atelier,Atelier,3208,32,,1-bed,1 Bed,1,1,685,4406,4406,4423,available_on,2026-09-03,,
2026-09-03T01:11:44.115Z,atelier,Atelier,3210,32,,1-bed,1 Bed,1,1,685,4491,4491,4508,available_on,2026-09-03,,
2026-09-03T01:11:44.115Z,atelier,Atelier,PH01,,,2-bed,2 Bed,2,2.5,1470,8953,8953,8970,available_on,2026-09-03,,
2026-09-03T01:11:44.115Z,atelier,Atelier,PH08,,,3-bed,3 Bed,3,3,1731,9229,9229,9246,available_on,2026-09-03,,
2026-09-03T01:11:44.115Z,eighth-and-grand,Eighth & Grand,0-2003,,,1-bed,1 Bed,1,1,762,2526,2526,2545,available_on,2026-10-09,,
2026-09-03T01:11:44.115Z,eighth-and-grand,Eighth & Grand,0-2017,,,1-bed,1 Bed,1,1,762,2391,2391,2410,available_on,2026-09-10,,
2026-09-03T01:11:44.115Z,eighth-and-grand,Eighth & Grand,0-2029,,,1-bed,1 Bed,1,1,762,2391,2391,2410,available_on,2026-09-04,,
2026-09-03T01:11:44.115Z,eighth-and-grand,Eighth & Grand,0-2034,,,2-bed,2 Bed,2,1,905,3047,3047,3066,available_on,2026-10-06,,
2026-09-03T01:11:44.115Z,eighth-and-grand,Eighth & Grand,0-2037,,,1-bed,1 Bed,1,1,762,2391,2391,2410,available_on,2026-09-15,,
2026-09-03T01:11:44.115Z,eighth-and-grand,Eighth & Grand,0-2041,,,1-bed,1 Bed,1,1,762,2391,2391,2410,available_on,2026-09-05,,
2026-09-03T01:11:44.115Z,eighth-and-grand,Eighth & Grand,0-2102,,,studio,Studio,0,1,527,2185,2185,2204,available_on,2026-10-17,,
2026-09-03T01:11:44.115Z,eighth-and-grand,Eighth & Grand,0-2110,,,studio,Studio,0,1,520,2130,2130,2149,available_on,2026-09-03,,
2026-09-03T01:11:44.115Z,eighth-and-grand,Eighth & Grand,0-2152,,,studio,Studio,0,1,540,2190,2190,2209,available_on,2026-10-16,,
2026-09-03T01:11:44.115Z,eighth-and-grand,Eighth & Grand,0-2161,,,2-bed,2 Bed,2,2,1109,3346,3346,3365,available_on,2026-10-10,,
2026-09-03T01:11:44.115Z,eighth-and-grand,Eighth & Grand,0-3016,,,1-bed,1 Bed,1,1,578,2407,2407,2426,available_on,2026-09-14,,
2026-09-03T01:11:44.115Z,eighth-and-grand,Eighth & Grand,0-3028,,,1-bed,1 Bed,1,1,779,2711,2711,2730,available_on,2026-09-03,,
2026-09-03T01:11:44.115Z,eighth-and-grand,Eighth & Grand,0-3104,,,1-bed,1 Bed,1,1,802,2576,2576,2595,available_on,2026-09-07,,
2026-09-03T01:11:44.115Z,eighth-and-grand,Eighth & Grand,0-3136,,,1-bed,1 Bed,1,1,777,2251,2251,2270,available_on,2026-10-12,,
2026-09-03T01:11:44.115Z,eighth-and-grand,Eighth & Grand,0-4028,,,1-bed,1 Bed,1,1,779,2731,2731,2750,available_on,2026-10-09,,
2026-09-03T01:11:44.115Z,eighth-and-grand,Eighth & Grand,0-4071,,,1-bed,1 Bed,1,1,840,2356,2356,2375,available_on,2026-10-23,,
2026-09-03T01:11:44.115Z,eighth-and-grand,Eighth & Grand,0-4108,,,studio,Studio,0,1,540,2315,2315,2334,available_on,2026-09-03,,
2026-09-03T01:11:44.115Z,eighth-and-grand,Eighth & Grand,0-4114,,,studio,Studio,0,1,520,2270,2270,2289,available_on,2026-10-15,,
2026-09-03T01:11:44.115Z,eighth-and-grand,Eighth & Grand,0-4131,,,1-bed,1 Bed,1,1,578,2437,2437,2456,available_on,2026-09-03,,
2026-09-03T01:11:44.115Z,eighth-and-grand,Eighth & Grand,0-4134,,,1-bed,1 Bed,1,1,777,2371,2371,2390,available_on,2026-10-04,,
2026-09-03T01:11:44.115Z,eighth-and-grand,Eighth & Grand,0-5005,,,1-bed,1 Bed,1,1,762,2801,2801,2820,available_on,2026-09-03,,
2026-09-03T01:11:44.115Z,eighth-and-grand,Eighth & Grand,0-5026,,,1-bed,1 Bed,1,1,779,2791,2791,2810,available_on,2026-09-03,,
2026-09-03T01:11:44.115Z,eighth-and-grand,Eighth & Grand,0-5032,,,1-bed,1 Bed,1,1,779,2791,2791,2810,available_on,2026-09-03,,
2026-09-03T01:11:44.115Z,eighth-and-grand,Eighth & Grand,0-5034,,,2-bed,2 Bed,2,2,1046,3356,3356,3375,available_on,2026-09-03,,
2026-09-03T01:11:44.115Z,eighth-and-grand,Eighth & Grand,0-5035,,,1-bed,1 Bed,1,1,880,2801,2801,2820,available_on,2026-09-03,,
2026-09-03T01:11:44.115Z,eighth-and-grand,Eighth & Grand,0-5039,,,1-bed,1 Bed,1,1,762,2766,2766,2785,available_on,2026-09-03,,
2026-09-03T01:11:44.115Z,eighth-and-grand,Eighth & Grand,0-5046,,,1-bed,1 Bed,1,1,578,2532,2532,2551,available_on,2026-09-20,,
2026-09-03T01:11:44.115Z,eighth-and-grand,Eighth & Grand,0-5086,,,1-bed,1 Bed,1,1,777,2391,2391,2410,available_on,2026-10-06,,
2026-09-03T01:11:44.115Z,eighth-and-grand,Eighth & Grand,0-5094,,,1-bed,1 Bed,1,1,715,2641,2641,2660,available_on,2026-09-03,,
2026-09-03T01:11:44.115Z,eighth-and-grand,Eighth & Grand,0-5096,,,1-bed,1 Bed,1,1,584,2476,2476,2495,available_on,2026-09-03,,
2026-09-03T01:11:44.115Z,eighth-and-grand,Eighth & Grand,0-5153,,,2-bed,2 Bed,2,2,1278,4001,4001,4020,available_on,2026-09-23,,
2026-09-03T01:11:44.115Z,eighth-and-grand,Eighth & Grand,0-5162,,,studio,Studio,0,1,520,2280,2280,2299,available_on,2026-10-30,,
2026-09-03T01:11:44.115Z,eighth-and-grand,Eighth & Grand,0-6002,,,1-bed,1 Bed,1,1,639,2441,2441,2460,available_on,2026-09-03,,
2026-09-03T01:11:44.115Z,eighth-and-grand,Eighth & Grand,0-6011,,,1-bed,1 Bed,1,1,880,2751,2751,2770,available_on,2026-09-03,,
2026-09-03T01:11:44.115Z,eighth-and-grand,Eighth & Grand,0-6017,,,1-bed,1 Bed,1,1,880,2801,2801,2820,available_on,2026-09-03,,
2026-09-03T01:11:44.115Z,eighth-and-grand,Eighth & Grand,0-6032,,,1-bed,1 Bed,1,1,779,2841,2841,2860,available_on,2026-11-04,,
2026-09-03T01:11:44.115Z,eighth-and-grand,Eighth & Grand,0-6035,,,1-bed,1 Bed,1,1,762,2721,2721,2740,available_on,2026-09-04,,
2026-09-03T01:11:44.115Z,eighth-and-grand,Eighth & Grand,0-6057,,,2-bed,2 Bed,2,2,1211,3676,3676,3695,available_on,2026-09-06,,
2026-09-03T01:11:44.115Z,eighth-and-grand,Eighth & Grand,0-6066,,,1-bed,1 Bed,1,1,762,2716,2716,2735,available_on,2026-09-03,,
2026-09-03T01:11:44.115Z,eighth-and-grand,Eighth & Grand,0-6085,,,1-bed,1 Bed,1,1,578,2587,2587,2606,available_on,2026-11-23,,
2026-09-03T01:11:44.115Z,eighth-and-grand,Eighth & Grand,0-6094,,,1-bed,1 Bed,1,1,715,2766,2766,2785,available_on,2026-09-03,,
2026-09-03T01:11:44.115Z,eighth-and-grand,Eighth & Grand,0-6124,,,1-bed,1 Bed,1,1,701,2291,2291,2310,available_on,2026-09-03,,
2026-09-03T01:11:44.115Z,eighth-and-grand,Eighth & Grand,0-6137,,,1-bed,1 Bed,1,1,578,2537,2537,2556,available_on,2026-09-10,,
2026-09-03T01:11:44.115Z,eighth-and-grand,Eighth & Grand,0-6149,,,studio,Studio,0,1,558,2410,2410,2429,available_on,2026-09-03,,
2026-09-03T01:11:44.115Z,eighth-and-grand,Eighth & Grand,0-6152,,,studio,Studio,0,1,540,2415,2415,2434,available_on,2026-11-01,,
2026-09-03T01:11:44.115Z,eighth-and-grand,Eighth & Grand,0-6154,,,studio,Studio,0,1,520,2330,2330,2349,available_on,2026-11-07,,
2026-09-03T01:11:44.115Z,eighth-and-grand,Eighth & Grand,0-6166,,,1-bed,1 Bed,1,1,822,2766,2766,2785,available_on,2026-09-28,,
2026-09-03T01:11:44.115Z,eighth-and-grand,Eighth & Grand,0-7024,,,1-bed,1 Bed,1,1,791,2621,2621,2640,available_on,2026-09-03,,
2026-09-03T01:11:44.115Z,eighth-and-grand,Eighth & Grand,0-7042,,,1-bed,1 Bed,1,1,578,2457,2457,2476,available_on,2026-09-03,,
2026-09-03T01:11:44.115Z,eighth-and-grand,Eighth & Grand,0-7066,,,1-bed,1 Bed,1,1,762,2766,2766,2785,available_on,2026-09-03,,
2026-09-03T01:11:44.115Z,eighth-and-grand,Eighth & Grand,0-7071,,,1-bed,1 Bed,1,1,840,2781,2781,2800,available_on,2026-09-09,,
2026-09-03T01:11:44.115Z,eighth-and-grand,Eighth & Grand,0-7075,,,1-bed,1 Bed,1,1,777,2491,2491,2510,available_on,2026-10-12,,
2026-09-03T01:11:44.115Z,eighth-and-grand,Eighth & Grand,0-7090,,,2-bed,2 Bed,2,1,976,3281,3281,3300,available_on,2026-09-03,,
2026-09-03T01:11:44.115Z,eighth-and-grand,Eighth & Grand,0-7096,,,1-bed,1 Bed,1,1,584,2551,2551,2570,available_on,2026-09-03,,
2026-09-03T01:11:44.115Z,eighth-and-grand,Eighth & Grand,0-7145,,,2-bed,2 Bed,2,2,1099,4121,4121,4140,available_on,2026-10-01,,
2026-09-03T01:11:44.115Z,eighth-and-grand,Eighth & Grand,0-7167,,,1-bed,1 Bed,1,1,578,2637,2637,2656,available_on,2026-10-07,,
2026-09-03T01:11:44.115Z,beaudry,Beaudry,B-0514,5,,1-bed,1 Bed,1,1,794,3915,3915,3931,available_on,2026-10-31,,
2026-09-03T01:11:44.115Z,beaudry,Beaudry,B-0701,7,,1-bed,1 Bed,1,1.5,818,4249,4249,4265,available_on,2026-11-07,,
2026-09-03T01:11:44.115Z,beaudry,Beaudry,B-0814,8,,1-bed,1 Bed,1,1,802,3945,3945,3961,available_on,2026-11-06,,
2026-09-03T01:11:44.115Z,beaudry,Beaudry,B-1007,10,,studio,Studio,0,1,550,2660,2660,2676,available_on,2026-10-22,,
2026-09-03T01:11:44.115Z,beaudry,Beaudry,B-1014,10,,1-bed,1 Bed,1,1,802,3965,3965,3981,available_on,2026-09-12,,
2026-09-03T01:11:44.115Z,beaudry,Beaudry,B-1101,11,,1-bed,1 Bed,1,1.5,818,4439,4439,4455,available_on,2026-09-13,,
2026-09-03T01:11:44.115Z,beaudry,Beaudry,B-1104,11,,1-bed,1 Bed,1,1.5,875,3789,3789,3805,available_on,2026-10-27,,
2026-09-03T01:11:44.115Z,beaudry,Beaudry,B-1204,12,,1-bed,1 Bed,1,1.5,875,3854,3854,3870,available_on,2026-10-01,,
2026-09-03T01:11:44.115Z,beaudry,Beaudry,B-1401,14,,1-bed,1 Bed,1,1.5,818,4514,4514,4530,available_on,2026-09-29,,
2026-09-03T01:11:44.115Z,beaudry,Beaudry,B-1416,14,,2-bed,2 Bed,2,2,1192,6030,6030,6046,available_on,2026-09-06,,
2026-09-03T01:11:44.115Z,beaudry,Beaudry,B-1502,15,,studio,Studio,0,1,539,2695,2695,2711,available_on,2026-10-07,,
2026-09-03T01:11:44.115Z,beaudry,Beaudry,B-1602,16,,studio,Studio,0,1,539,2705,2705,2721,available_on,2026-10-09,,
2026-09-03T01:11:44.115Z,beaudry,Beaudry,B-1714,17,,1-bed,1 Bed,1,1,802,3975,3975,3991,available_on,2026-09-16,,
2026-09-03T01:11:44.115Z,beaudry,Beaudry,B-1804,18,,1-bed,1 Bed,1,1.5,875,3904,3904,3920,available_on,2026-09-21,,
2026-09-03T01:11:44.115Z,beaudry,Beaudry,B-1806,18,,1-bed,1 Bed,1,1,868,4150,4150,4166,available_on,2026-10-10,,
2026-09-03T01:11:44.115Z,beaudry,Beaudry,B-1904,19,,1-bed,1 Bed,1,1.5,891,3879,3879,3895,available_on,2026-09-18,,
2026-09-03T01:11:44.115Z,beaudry,Beaudry,B-2004,20,,1-bed,1 Bed,1,1.5,891,3889,3889,3905,available_on,2026-10-04,,
2026-09-03T01:11:44.115Z,beaudry,Beaudry,B-2008,20,,2-bed,2 Bed,2,2,1200,6445,6445,6461,available_on,2026-09-03,,
2026-09-03T01:11:44.115Z,beaudry,Beaudry,B-2009,20,,1-bed,1 Bed,1,1,860,4830,4830,4846,available_on,2026-09-24,,
2026-09-03T01:11:44.115Z,beaudry,Beaudry,B-2013,20,,2-bed,2 Bed,2,2,1192,5765,5765,5781,available_on,2026-09-16,,
2026-09-03T01:11:44.115Z,beaudry,Beaudry,B-2014,20,,1-bed,1 Bed,1,1,817,4105,4105,4121,available_on,2026-10-23,,
2026-09-03T01:11:44.115Z,beaudry,Beaudry,B-2101,21,,1-bed,1 Bed,1,1.5,818,4584,4584,4600,available_on,2026-09-18,,
2026-09-03T01:11:44.115Z,beaudry,Beaudry,B-2114,21,,1-bed,1 Bed,1,1,817,4115,4115,4131,available_on,2026-09-21,,
2026-09-03T01:11:44.115Z,beaudry,Beaudry,B-2204,22,,1-bed,1 Bed,1,1.5,891,3909,3909,3925,available_on,2026-09-29,,
2026-09-03T01:11:44.115Z,beaudry,Beaudry,B-2313,23,,2-bed,2 Bed,2,2,1192,5795,5795,5811,available_on,2026-09-03,,
2026-09-03T01:11:44.115Z,beaudry,Beaudry,B-2413,24,,2-bed,2 Bed,2,2,1192,5805,5805,5821,available_on,2026-09-12,,
2026-09-03T01:11:44.115Z,beaudry,Beaudry,B-2415,24,,1-bed,1 Bed,1,1,568,2955,2955,2971,available_on,2026-10-08,,
2026-09-03T01:11:44.115Z,beaudry,Beaudry,B-2501,25,,1-bed,1 Bed,1,1.5,818,4624,4624,4640,available_on,2026-11-05,,
2026-09-03T01:11:44.115Z,beaudry,Beaudry,B-2805,28,,1-bed,1 Bed,1,1,939,4390,4390,4406,available_on,2026-10-01,,
2026-09-03T01:11:44.115Z,beaudry,Beaudry,B-2902,29,,studio,Studio,0,1,539,2835,2835,2851,available_on,2026-09-22,,
2026-09-03T01:11:44.115Z,beaudry,Beaudry,B-2906,29,,1-bed,1 Bed,1,1,882,4285,4285,4301,available_on,2026-09-30,,
2026-09-03T01:11:44.115Z,beaudry,Beaudry,B-2910,29,,1-bed,1 Bed,1,1,594,2940,2940,2956,available_on,2026-10-03,,
2026-09-03T01:11:44.115Z,beaudry,Beaudry,B-3005,30,,1-bed,1 Bed,1,1,939,4410,4410,4426,available_on,2026-09-27,,
2026-09-03T01:11:44.115Z,beaudry,Beaudry,B-3008,30,,2-bed,2 Bed,2,2,1200,6635,6635,6651,available_on,2026-09-03,,
2026-09-03T01:11:44.115Z,beaudry,Beaudry,B-3205,32,,1-bed,1 Bed,1,1,939,4430,4430,4446,available_on,2026-10-14,,
2026-09-03T01:11:44.115Z,beaudry,Beaudry,B-3310,33,,1-bed,1 Bed,1,1,594,2980,2980,2996,available_on,2026-10-08,,
2026-09-03T01:11:44.115Z,beaudry,Beaudry,B-3401,34,,1-bed,1 Bed,1,1.5,818,4714,4714,4730,available_on,2026-10-02,,
2026-09-03T01:11:44.115Z,beaudry,Beaudry,B-3406,34,,1-bed,1 Bed,1,1,882,4335,4335,4351,available_on,2026-10-16,,
2026-09-03T01:11:44.115Z,beaudry,Beaudry,B-3604,36,,1-bed,1 Bed,1,1.5,891,4074,4074,4090,available_on,2026-09-17,,
2026-09-03T01:11:44.115Z,beaudry,Beaudry,B-3709,37,,1-bed,1 Bed,1,1,860,5175,5175,5191,available_on,2026-10-24,,
2026-09-03T01:11:44.115Z,beaudry,Beaudry,B-3713,37,,2-bed,2 Bed,2,2,1192,5960,5960,5976,available_on,2026-09-03,,
2026-09-03T01:11:44.115Z,beaudry,Beaudry,B-3816,38,,2-bed,2 Bed,2,2,1192,6295,6295,6311,available_on,2026-11-12,,
2026-09-03T01:11:44.115Z,beaudry,Beaudry,B-4002,40,,studio,Studio,0,1,539,2970,2970,2986,available_on,2026-10-22,,
2026-09-03T01:11:44.115Z,beaudry,Beaudry,B-4103,41,,1-bed,1 Bed,1,1,627,3225,3225,3241,available_on,2026-11-07,,
2026-09-03T01:11:44.115Z,beaudry,Beaudry,B-4107,41,,studio,Studio,0,1,550,3140,3140,3156,available_on,2026-09-05,,
2026-09-03T01:11:44.115Z,beaudry,Beaudry,B-4116,41,,2-bed,2 Bed,2,2,1192,6325,6325,6341,available_on,2026-09-03,,
2026-09-03T01:11:44.115Z,beaudry,Beaudry,B-4306,43,,1-bed,1 Bed,1,1,882,4450,4450,4466,available_on,2026-11-04,,
2026-09-03T01:11:44.115Z,beaudry,Beaudry,B-4413,44,,2-bed,2 Bed,2,2,1192,6030,6030,6046,available_on,2026-09-03,,
2026-09-03T01:11:44.115Z,beaudry,Beaudry,B-4504,45,,1-bed,1 Bed,1,1.5,1134,4779,4779,4795,available_on,2026-10-06,,
2026-09-03T01:11:44.115Z,beaudry,Beaudry,B-4507,45,,studio,Studio,0,1,550,3180,3180,3196,available_on,2026-10-08,,
2026-09-03T01:11:44.115Z,beaudry,Beaudry,B-4514,45,,1-bed,1 Bed,1,1,817,4380,4380,4396,available_on,2026-10-01,,
2026-09-03T01:11:44.115Z,beaudry,Beaudry,B-4615,46,,1-bed,1 Bed,1,1,568,3200,3200,3216,available_on,2026-11-15,,
2026-09-03T01:11:44.115Z,beaudry,Beaudry,B-4704,47,,1-bed,1 Bed,1,1.5,1134,4799,4799,4815,available_on,2026-09-24,,
2026-09-03T01:11:44.115Z,beaudry,Beaudry,B-4707,47,,studio,Studio,0,1,550,3200,3200,3216,available_on,2026-10-17,,
2026-09-03T01:11:44.115Z,beaudry,Beaudry,B-4713,47,,2-bed,2 Bed,2,2,1192,6060,6060,6076,available_on,2026-11-03,,
2026-09-03T01:11:44.115Z,beaudry,Beaudry,B-4714,47,,1-bed,1 Bed,1,1,817,4450,4450,4466,available_on,2026-09-17,,
2026-09-03T01:11:44.115Z,beaudry,Beaudry,B-4910,49,,1-bed,1 Bed,1,1.5,926,4355,4355,4371,available_on,2026-10-10,,
2026-09-03T01:11:44.115Z,beaudry,Beaudry,B-5002,50,,2-bed,2 Bed,2,2.5,1531,6580,6580,6596,available_on,2026-11-03,,
2026-09-03T01:11:44.115Z,beaudry,Beaudry,B-5209,52,,2-bed,2 Bed,2,2,1230,6295,6295,6311,available_on,2026-09-15,,
2026-09-03T01:11:44.115Z,beaudry,Beaudry,B-5405,54,,3-bed,3 Bed,3,2.5,1734,9067,9067,9083,available_on,2026-10-05,,
2026-09-03T01:11:44.115Z,beaudry,Beaudry,B-5607,56,,1-bed,1 Bed,1,1,1006,5610,5610,5626,available_on,2026-09-03,,
2026-09-03T01:11:44.115Z,circa-la,Circa LA,W3206,32,,1-bed,1 Bed,1,1,745,3332,3332,3382,available_on,2026-09-02,,
2026-09-03T01:11:44.115Z,circa-la,Circa LA,W3208,32,,1-bed,1 Bed,1,1,770,3617,3617,3667,available_on,2026-09-02,,
2026-09-03T01:11:44.115Z,circa-la,Circa LA,W2618,26,,1-bed,1 Bed,1,1,923,4069,4069,4119,available_on,2026-09-02,,
2026-09-03T01:11:44.115Z,circa-la,Circa LA,W2006,20,,1-bed,1 Bed,1,1,745,3377,3377,3427,available_on,2026-09-14,,
2026-09-03T01:11:44.115Z,circa-la,Circa LA,W1906,19,,1-bed,1 Bed,1,1,745,3257,3257,3307,available_on,2026-10-20,,
2026-09-03T01:11:44.115Z,circa-la,Circa LA,W1708,17,,1-bed,1 Bed,1,1,770,3302,3302,3352,available_on,2026-09-02,,
2026-09-03T01:11:44.115Z,circa-la,Circa LA,W1720,17,,1-bed,1 Bed,1,1,927,3440,3440,3490,available_on,2026-10-25,,
2026-09-03T01:11:44.115Z,circa-la,Circa LA,W1724,17,,2-bed,2 Bed,2,2,1463,4802,4802,4852,available_on,2026-10-28,,
2026-09-03T01:11:44.115Z,circa-la,Circa LA,W1412,14,,2-bed,2 Bed,2,2.5,1762,5527,5527,5577,available_on,2026-09-26,,
2026-09-03T01:11:44.115Z,circa-la,Circa LA,W1102,11,,1-bed,1 Bed,1,1,627,2779,2779,2829,available_on,2026-09-02,,
2026-09-03T01:11:44.115Z,circa-la,Circa LA,W1120,11,,1-bed,1 Bed,1,1,927,3265,3265,3315,available_on,2026-09-18,,
2026-09-03T01:11:44.115Z,circa-la,Circa LA,W924,9,,2-bed,2 Bed,2,2,1463,4648,4648,4698,available_on,2026-09-02,,
2026-09-03T01:11:44.115Z,circa-la,Circa LA,W926,9,,2-bed,2 Bed,2,2,1285,4340,4340,4390,available_on,2026-09-02,,
2026-09-03T01:11:44.115Z,circa-la,Circa LA,W820,8,,1-bed,1 Bed,1,1,927,3864,3864,3914,available_on,2026-09-02,,
2026-09-03T01:11:44.115Z,circa-la,Circa LA,E3201,32,,1-bed,1 Bed,1,1,627,3109,3109,3159,available_on,2026-09-02,,
2026-09-03T01:11:44.115Z,circa-la,Circa LA,E3221,32,,1-bed,1 Bed,1,1,871,3656,3656,3706,available_on,2026-09-02,,
2026-09-03T01:11:44.115Z,circa-la,Circa LA,E3001,30,,1-bed,1 Bed,1,1,627,2827,2827,2877,available_on,2026-09-02,,
2026-09-03T01:11:44.115Z,circa-la,Circa LA,E2911,29,,2-bed,2 Bed,2,2.5,1762,5677,5677,5727,available_on,2026-09-02,,
2026-09-03T01:11:44.115Z,circa-la,Circa LA,E2917,29,,1-bed,1 Bed,1,1,923,3872,3872,3922,available_on,2026-09-10,,
2026-09-03T01:11:44.115Z,circa-la,Circa LA,E2921,29,,1-bed,1 Bed,1,1,871,3644,3644,3694,available_on,2026-10-04,,
2026-09-03T01:11:44.115Z,circa-la,Circa LA,E2501,25,,1-bed,1 Bed,1,1,627,2876,2876,2926,available_on,2026-09-17,,
2026-09-03T01:11:44.115Z,circa-la,Circa LA,E2411,24,,2-bed,2 Bed,2,2.5,1762,5527,5527,5577,available_on,2026-09-10,,
2026-09-03T01:11:44.115Z,circa-la,Circa LA,E2419,24,,1-bed,1 Bed,1,1,927,3460,3460,3510,available_on,2026-09-21,,
2026-09-03T01:11:44.115Z,circa-la,Circa LA,E2223,22,,2-bed,2 Bed,2,2,1463,4987,4987,5037,available_on,2026-09-02,,
2026-09-03T01:11:44.115Z,circa-la,Circa LA,E1909,19,,1-bed,1 Bed,1,1,685,2884,2884,2934,available_on,2026-09-11,,
2026-09-03T01:11:44.115Z,circa-la,Circa LA,E1421,14,,1-bed,1 Bed,1,1,871,3269,3269,3319,available_on,2026-09-07,,
2026-09-03T01:11:44.115Z,circa-la,Circa LA,E1115,11,,1-bed,1 Bed,1,1,868,3269,3269,3319,available_on,2026-10-04,,
2026-09-03T01:11:44.115Z,circa-la,Circa LA,E825,8,,2-bed,2 Bed,2,2,1285,4515,4515,4565,available_on,2026-09-02,,
2026-09-03T01:11:44.115Z,circa-la,Circa LA,E3301,33,,3-bed,3 Bed,3,4.5,3984,19648,19648,19698,available_on,2026-09-02,,
2026-09-03T01:11:44.115Z,circa-la,Circa LA,E3309,33,,2-bed,2 Bed,2,2.5,2087,8874,8874,8924,available_on,2026-09-29,,
2026-09-03T01:11:44.115Z,circa-la,Circa LA,W3302,33,,3-bed,3 Bed,3,4.5,3842,22738,22738,22788,available_on,2026-09-02,,
2026-09-03T01:11:44.115Z,circa-la,Circa LA,W3312,33,,3-bed,3 Bed,3,3.5,2900,17169,17169,17219,available_on,2026-09-02,,
2026-09-03T01:11:44.115Z,circa-la,Circa LA,E3411,34,,3-bed,3 Bed,3,3.5,2878,13222,13222,13272,available_on,2026-09-03,,
2026-09-03T01:11:44.115Z,circa-la,Circa LA,W3402,34,,3-bed,3 Bed,3,4.5,3842,22832,22832,22882,available_on,2026-09-02,,
2026-09-03T01:11:44.115Z,circa-la,Circa LA,W3406,34,,2-bed,2 Bed,2,2,1338,7299,7299,7349,available_on,2026-09-02,,
2026-09-03T01:11:44.115Z,circa-la,Circa LA,E3501,35,,3-bed,3 Bed,3,4.5,3984,22621,22621,22671,available_on,2026-09-02,,
2026-09-03T01:11:44.115Z,circa-la,Circa LA,E3505,35,,2-bed,2 Bed,2,2,1338,6174,6174,6224,available_on,2026-09-03,,
2026-09-03T01:11:44.115Z,circa-la,Circa LA,E3511,35,,3-bed,3 Bed,3,3.5,2878,14973,14973,15023,available_on,2026-09-02,,
2026-09-03T01:11:44.115Z,circa-la,Circa LA,W3502,35,,3-bed,3 Bed,3,4.5,3842,23554,23554,23604,available_on,2026-09-02,,
2026-09-03T01:11:44.115Z,circa-la,Circa LA,W3508,35,,2-bed,2 Bed,2,2,1524,8045,8045,8095,available_on,2026-10-31,,
2026-09-03T01:11:44.115Z,circa-la,Circa LA,W3512,35,,3-bed,3 Bed,3,3.5,2900,17543,17543,17593,available_on,2026-09-02,,
2026-09-03T17:52:27.006Z,825-south-hill,825 South Hill,201,2,A2,2-bed-den,2 Bed + Den,2,,1090,3949,5077,,available,,29417540,2413008
2026-09-03T17:52:27.006Z,825-south-hill,825 South Hill,301,3,A2,2-bed-den,2 Bed + Den,2,,1090,3949,5077,,available,,29417543,2413008
2026-09-03T17:52:27.006Z,825-south-hill,825 South Hill,302,3,B,2-bed,2 Bed,2,,993,3894,4994,,available,,29417544,2413011
2026-09-03T17:52:27.006Z,825-south-hill,825 South Hill,522,5,D,2-bed,2 Bed,2,,1030,3538,4571,,available_on,2026-10-08,29417553,2413016
2026-09-03T17:52:27.006Z,825-south-hill,825 South Hill,607,6,TH2,townhomes,Townhomes,,,1385,5564,7478,,available,,29417562,2413022
2026-09-03T17:52:27.006Z,825-south-hill,825 South Hill,4605,46,J,2-bed,2 Bed,2,,991,4597,5896,,available,,29417168,2413023
2026-09-03T17:52:27.006Z,825-south-hill,825 South Hill,3012,30,K,1-bed,1 Bed,1,,670,3499,4457,,available_on,2026-10-12,29417188,2413027
2026-09-03T17:52:27.006Z,825-south-hill,825 South Hill,3412,34,K,1-bed,1 Bed,1,,670,3514,4489,,available,,29417189,2413027
2026-09-03T17:52:27.006Z,825-south-hill,825 South Hill,2901,29,K1,1-bed,1 Bed,1,,716,3514,4489,,available_on,2026-09-07,29417218,2413028
2026-09-03T17:52:27.006Z,825-south-hill,825 South Hill,1703,17,M,2-bed-den,2 Bed + Den,2,,1099,4203,5353,,available_on,2026-11-04,29417237,2413032
2026-09-03T17:52:27.006Z,825-south-hill,825 South Hill,1504,15,N,jr-2-bed,Jr. 2 Bed,2,,792,3150,4047,,available,,29417296,2413034
2026-09-03T17:52:27.006Z,825-south-hill,825 South Hill,2204,22,N,jr-2-bed,Jr. 2 Bed,2,,792,3235,4156,,available_on,2026-09-28,29417302,2413034
2026-09-03T17:52:27.006Z,825-south-hill,825 South Hill,3704,37,N,jr-2-bed,Jr. 2 Bed,2,,792,3475,4465,,available_on,2026-09-14,29417313,2413034
2026-09-03T17:52:27.006Z,825-south-hill,825 South Hill,4204,42,N,jr-2-bed,Jr. 2 Bed,2,,792,3595,4619,,available,,29417317,2413034
2026-09-03T17:52:27.006Z,825-south-hill,825 South Hill,3610,36,N1,jr-2-bed,Jr. 2 Bed,2,,807,3360,4317,,available,,29417341,2413035
2026-09-03T17:52:27.006Z,825-south-hill,825 South Hill,3902,39,O,1-bed,1 Bed,1,,538,3247,4112,,available_on,2026-10-10,29417415,2413037
2026-09-03T17:52:27.006Z,825-south-hill,825 South Hill,4602,46,O,1-bed,1 Bed,1,,538,3392,4281,,available_on,2026-11-07,29417390,2413037
2026-09-03T17:52:27.006Z,825-south-hill,825 South Hill,1107,11,O1,1-bed,1 Bed,1,,560,2902,3688,,available_on,2026-09-28,29417419,2413039
2026-09-03T17:52:27.006Z,825-south-hill,825 South Hill,2406,24,O3,1-bed,1 Bed,1,,562,3037,3846,,available_on,2026-10-02,29417461,2522879
2026-09-03T17:52:27.006Z,825-south-hill,825 South Hill,4706,47,SKY3,skyhomes,Skyhomes,,,1365,5807,7456,,available_on,2026-10-14,38827826,2413047
2026-09-03T17:52:27.006Z,825-south-hill,825 South Hill,4906,49,SKY3,skyhomes,Skyhomes,,,1364,5564,7160,,available,,29417489,2413047
2026-09-03T17:52:27.006Z,atelier,Atelier,0608,6,,1-bed,1 Bed,1,1,778,3401,3401,3418,available_on,2026-10-07,,
2026-09-03T17:52:27.006Z,atelier,Atelier,0707,7,,1-bed,1 Bed,1,1,778,3441,3441,3458,available_on,2026-10-22,,
2026-09-03T17:52:27.006Z,atelier,Atelier,0913,9,,2-bed,2 Bed,2,2,1043,4259,4259,4276,available_on,2026-10-02,,
2026-09-03T17:52:27.006Z,atelier,Atelier,1402,14,,1-bed,1 Bed,1,1,622,3491,3491,3508,available_on,2026-11-07,,
2026-09-03T17:52:27.006Z,atelier,Atelier,1508,15,,1-bed,1 Bed,1,1,778,3606,3606,3623,available_on,2026-10-18,,
2026-09-03T17:52:27.006Z,atelier,Atelier,2102,21,,1-bed,1 Bed,1,1,622,3706,3706,3723,available_on,2026-11-28,,
2026-09-03T17:52:27.006Z,atelier,Atelier,2312,23,,1-bed,1 Bed,1,1,685,4016,4016,4033,available_on,2026-10-08,,
2026-09-03T17:52:27.006Z,atelier,Atelier,2404,24,,1-bed,1 Bed,1,1,829,4311,4311,4328,available_on,2026-09-03,,
2026-09-03T17:52:27.006Z,atelier,Atelier,2411,24,,2-bed,2 Bed,2,2,1043,4664,4664,4681,available_on,2026-11-05,,
2026-09-03T17:52:27.006Z,atelier,Atelier,2414,24,,2-bed,2 Bed,2,2,975,4714,4714,4731,available_on,2026-09-07,,
2026-09-03T17:52:27.006Z,atelier,Atelier,2501,25,,2-bed,2 Bed,2,2.5,1377,6481,6481,6498,available_on,2026-09-03,,
2026-09-03T17:52:27.006Z,atelier,Atelier,2502,25,,2-bed,2 Bed,2,2.5,1514,7526,7526,7543,available_on,2026-09-03,,
2026-09-03T17:52:27.006Z,atelier,Atelier,2504,25,,1-bed,1 Bed,1,1,829,4331,4331,4348,available_on,2026-10-28,,
2026-09-03T17:52:27.006Z,atelier,Atelier,2602,26,,2-bed,2 Bed,2,2.5,1514,7546,7546,7563,available_on,2026-09-03,,
2026-09-03T17:52:27.006Z,atelier,Atelier,3001,30,,2-bed,2 Bed,2,2.5,1377,6671,6671,6688,available_on,2026-09-21,,
2026-09-03T17:52:27.006Z,atelier,Atelier,3110,31,,1-bed,1 Bed,1,1,685,4441,4441,4458,available_on,2026-09-03,,
2026-09-03T17:52:27.006Z,atelier,Atelier,3202,32,,2-bed,2 Bed,2,2.5,1514,7806,7806,7823,available_on,2026-09-25,,
2026-09-03T17:52:27.006Z,atelier,Atelier,3208,32,,1-bed,1 Bed,1,1,685,4426,4426,4443,available_on,2026-09-03,,
2026-09-03T17:52:27.006Z,atelier,Atelier,3210,32,,1-bed,1 Bed,1,1,685,4511,4511,4528,available_on,2026-09-03,,
2026-09-03T17:52:27.006Z,atelier,Atelier,PH01,,,2-bed,2 Bed,2,2.5,1470,8953,8953,8970,available_on,2026-09-03,,
2026-09-03T17:52:27.006Z,atelier,Atelier,PH08,,,3-bed,3 Bed,3,3,1731,9229,9229,9246,available_on,2026-09-03,,
2026-09-03T17:52:27.006Z,eighth-and-grand,Eighth & Grand,0-2003,,,1-bed,1 Bed,1,1,762,2520,2520,2539,available_on,2026-10-09,,
2026-09-03T17:52:27.006Z,eighth-and-grand,Eighth & Grand,0-2017,,,1-bed,1 Bed,1,1,762,2385,2385,2404,available_on,2026-09-10,,
2026-09-03T17:52:27.006Z,eighth-and-grand,Eighth & Grand,0-2029,,,1-bed,1 Bed,1,1,762,2385,2385,2404,available_on,2026-09-04,,
2026-09-03T17:52:27.006Z,eighth-and-grand,Eighth & Grand,0-2034,,,2-bed,2 Bed,2,1,905,3057,3057,3076,available_on,2026-10-06,,
2026-09-03T17:52:27.006Z,eighth-and-grand,Eighth & Grand,0-2037,,,1-bed,1 Bed,1,1,762,2385,2385,2404,available_on,2026-09-15,,
2026-09-03T17:52:27.006Z,eighth-and-grand,Eighth & Grand,0-2041,,,1-bed,1 Bed,1,1,762,2385,2385,2404,available_on,2026-09-05,,
2026-09-03T17:52:27.006Z,eighth-and-grand,Eighth & Grand,0-2102,,,studio,Studio,0,1,527,2172,2172,2191,available_on,2026-10-17,,
2026-09-03T17:52:27.006Z,eighth-and-grand,Eighth & Grand,0-2110,,,studio,Studio,0,1,520,2117,2117,2136,available_on,2026-09-03,,
2026-09-03T17:52:27.006Z,eighth-and-grand,Eighth & Grand,0-2152,,,studio,Studio,0,1,540,2177,2177,2196,available_on,2026-10-16,,
2026-09-03T17:52:27.006Z,eighth-and-grand,Eighth & Grand,0-2161,,,2-bed,2 Bed,2,2,1109,3356,3356,3375,available_on,2026-10-10,,
2026-09-03T17:52:27.006Z,eighth-and-grand,Eighth & Grand,0-3016,,,1-bed,1 Bed,1,1,578,2411,2411,2430,available_on,2026-09-14,,
2026-09-03T17:52:27.006Z,eighth-and-grand,Eighth & Grand,0-3028,,,1-bed,1 Bed,1,1,779,2705,2705,2724,available_on,2026-09-03,,
2026-09-03T17:52:27.006Z,eighth-and-grand,Eighth & Grand,0-3104,,,1-bed,1 Bed,1,1,802,2570,2570,2589,available_on,2026-09-07,,
2026-09-03T17:52:27.006Z,eighth-and-grand,Eighth & Grand,0-3136,,,1-bed,1 Bed,1,1,777,2245,2245,2264,available_on,2026-10-12,,
2026-09-03T17:52:27.006Z,eighth-and-grand,Eighth & Grand,0-4028,,,1-bed,1 Bed,1,1,779,2725,2725,2744,available_on,2026-10-09,,
2026-09-03T17:52:27.006Z,eighth-and-grand,Eighth & Grand,0-4071,,,1-bed,1 Bed,1,1,840,2350,2350,2369,available_on,2026-10-23,,
2026-09-03T17:52:27.006Z,eighth-and-grand,Eighth & Grand,0-4108,,,studio,Studio,0,1,540,2302,2302,2321,available_on,2026-09-03,,
2026-09-03T17:52:27.006Z,eighth-and-grand,Eighth & Grand,0-4114,,,studio,Studio,0,1,520,2257,2257,2276,available_on,2026-10-15,,
2026-09-03T17:52:27.006Z,eighth-and-grand,Eighth & Grand,0-4131,,,1-bed,1 Bed,1,1,578,2441,2441,2460,available_on,2026-09-03,,
2026-09-03T17:52:27.006Z,eighth-and-grand,Eighth & Grand,0-4134,,,1-bed,1 Bed,1,1,777,2365,2365,2384,available_on,2026-10-04,,
2026-09-03T17:52:27.006Z,eighth-and-grand,Eighth & Grand,0-5005,,,1-bed,1 Bed,1,1,762,2795,2795,2814,available_on,2026-09-03,,
2026-09-03T17:52:27.006Z,eighth-and-grand,Eighth & Grand,0-5026,,,1-bed,1 Bed,1,1,779,2785,2785,2804,available_on,2026-09-03,,
2026-09-03T17:52:27.006Z,eighth-and-grand,Eighth & Grand,0-5032,,,1-bed,1 Bed,1,1,779,2785,2785,2804,available_on,2026-09-03,,
2026-09-03T17:52:27.006Z,eighth-and-grand,Eighth & Grand,0-5034,,,2-bed,2 Bed,2,2,1046,3366,3366,3385,available_on,2026-09-03,,
2026-09-03T17:52:27.006Z,eighth-and-grand,Eighth & Grand,0-5035,,,1-bed,1 Bed,1,1,880,2795,2795,2814,available_on,2026-09-03,,
2026-09-03T17:52:27.006Z,eighth-and-grand,Eighth & Grand,0-5039,,,1-bed,1 Bed,1,1,762,2760,2760,2779,available_on,2026-09-03,,
2026-09-03T17:52:27.006Z,eighth-and-grand,Eighth & Grand,0-5046,,,1-bed,1 Bed,1,1,578,2536,2536,2555,available_on,2026-09-20,,
2026-09-03T17:52:27.006Z,eighth-and-grand,Eighth & Grand,0-5049,,,2-bed,2 Bed,2,2,1016,3636,3636,3655,available_on,2026-09-03,,
2026-09-03T17:52:27.006Z,eighth-and-grand,Eighth & Grand,0-5086,,,1-bed,1 Bed,1,1,777,2385,2385,2404,available_on,2026-10-06,,
2026-09-03T17:52:27.006Z,eighth-and-grand,Eighth & Grand,0-5094,,,1-bed,1 Bed,1,1,715,2635,2635,2654,available_on,2026-09-03,,
2026-09-03T17:52:27.006Z,eighth-and-grand,Eighth & Grand,0-5096,,,1-bed,1 Bed,1,1,584,2470,2470,2489,available_on,2026-09-03,,
2026-09-03T17:52:27.006Z,eighth-and-grand,Eighth & Grand,0-5153,,,2-bed,2 Bed,2,2,1278,4011,4011,4030,available_on,2026-09-23,,
2026-09-03T17:52:27.006Z,eighth-and-grand,Eighth & Grand,0-5162,,,studio,Studio,0,1,520,2267,2267,2286,available_on,2026-10-30,,
2026-09-03T17:52:27.006Z,eighth-and-grand,Eighth & Grand,0-6002,,,1-bed,1 Bed,1,1,639,2435,2435,2454,available_on,2026-09-03,,
2026-09-03T17:52:27.006Z,eighth-and-grand,Eighth & Grand,0-6011,,,1-bed,1 Bed,1,1,880,2745,2745,2764,available_on,2026-09-03,,
2026-09-03T17:52:27.006Z,eighth-and-grand,Eighth & Grand,0-6017,,,1-bed,1 Bed,1,1,880,2795,2795,2814,available_on,2026-09-03,,
2026-09-03T17:52:27.006Z,eighth-and-grand,Eighth & Grand,0-6032,,,1-bed,1 Bed,1,1,779,2835,2835,2854,available_on,2026-11-04,,
2026-09-03T17:52:27.006Z,eighth-and-grand,Eighth & Grand,0-6035,,,1-bed,1 Bed,1,1,762,2721,2721,2740,available_on,2026-09-04,,
2026-09-03T17:52:27.006Z,eighth-and-grand,Eighth & Grand,0-6057,,,2-bed,2 Bed,2,2,1211,3686,3686,3705,available_on,2026-09-06,,
2026-09-03T17:52:27.006Z,eighth-and-grand,Eighth & Grand,0-6066,,,1-bed,1 Bed,1,1,762,2710,2710,2729,available_on,2026-09-03,,
2026-09-03T17:52:27.006Z,eighth-and-grand,Eighth & Grand,0-6085,,,1-bed,1 Bed,1,1,578,2591,2591,2610,available_on,2026-11-23,,
2026-09-03T17:52:27.006Z,eighth-and-grand,Eighth & Grand,0-6094,,,1-bed,1 Bed,1,1,715,2760,2760,2779,available_on,2026-09-03,,
2026-09-03T17:52:27.006Z,eighth-and-grand,Eighth & Grand,0-6124,,,1-bed,1 Bed,1,1,701,2285,2285,2304,available_on,2026-09-03,,
2026-09-03T17:52:27.006Z,eighth-and-grand,Eighth & Grand,0-6137,,,1-bed,1 Bed,1,1,578,2541,2541,2560,available_on,2026-09-13,,
2026-09-03T17:52:27.006Z,eighth-and-grand,Eighth & Grand,0-6149,,,studio,Studio,0,1,558,2397,2397,2416,available_on,2026-09-03,,
2026-09-03T17:52:27.006Z,eighth-and-grand,Eighth & Grand,0-6152,,,studio,Studio,0,1,540,2402,2402,2421,available_on,2026-11-01,,
2026-09-03T17:52:27.006Z,eighth-and-grand,Eighth & Grand,0-6154,,,studio,Studio,0,1,520,2317,2317,2336,available_on,2026-11-07,,
2026-09-03T17:52:27.006Z,eighth-and-grand,Eighth & Grand,0-6166,,,1-bed,1 Bed,1,1,822,2760,2760,2779,available_on,2026-09-28,,
2026-09-03T17:52:27.006Z,eighth-and-grand,Eighth & Grand,0-7024,,,1-bed,1 Bed,1,1,791,2615,2615,2634,available_on,2026-09-03,,
2026-09-03T17:52:27.006Z,eighth-and-grand,Eighth & Grand,0-7042,,,1-bed,1 Bed,1,1,578,2461,2461,2480,available_on,2026-09-03,,
2026-09-03T17:52:27.006Z,eighth-and-grand,Eighth & Grand,0-7066,,,1-bed,1 Bed,1,1,762,2760,2760,2779,available_on,2026-09-03,,
2026-09-03T17:52:27.006Z,eighth-and-grand,Eighth & Grand,0-7071,,,1-bed,1 Bed,1,1,840,2775,2775,2794,available_on,2026-09-09,,
2026-09-03T17:52:27.006Z,eighth-and-grand,Eighth & Grand,0-7075,,,1-bed,1 Bed,1,1,777,2485,2485,2504,available_on,2026-10-12,,
2026-09-03T17:52:27.006Z,eighth-and-grand,Eighth & Grand,0-7090,,,2-bed,2 Bed,2,1,976,3291,3291,3310,available_on,2026-09-03,,
2026-09-03T17:52:27.006Z,eighth-and-grand,Eighth & Grand,0-7096,,,1-bed,1 Bed,1,1,584,2545,2545,2564,available_on,2026-09-03,,
2026-09-03T17:52:27.006Z,eighth-and-grand,Eighth & Grand,0-7145,,,2-bed,2 Bed,2,2,1099,4131,4131,4150,available_on,2026-10-01,,
2026-09-03T17:52:27.006Z,eighth-and-grand,Eighth & Grand,0-7167,,,1-bed,1 Bed,1,1,578,2641,2641,2660,available_on,2026-10-07,,
2026-09-03T17:52:27.006Z,beaudry,Beaudry,B-0514,5,,1-bed,1 Bed,1,1,794,3915,3915,3931,available_on,2026-10-31,,
2026-09-03T17:52:27.006Z,beaudry,Beaudry,B-0701,7,,1-bed,1 Bed,1,1.5,818,4234,4234,4250,available_on,2026-11-07,,
2026-09-03T17:52:27.006Z,beaudry,Beaudry,B-0802,8,,studio,Studio,0,1,539,2480,2480,2496,available_on,2026-11-08,,
2026-09-03T17:52:27.006Z,beaudry,Beaudry,B-0814,8,,1-bed,1 Bed,1,1,802,3945,3945,3961,available_on,2026-11-06,,
2026-09-03T17:52:27.006Z,beaudry,Beaudry,B-1007,10,,studio,Studio,0,1,550,2660,2660,2676,available_on,2026-10-22,,
2026-09-03T17:52:27.006Z,beaudry,Beaudry,B-1014,10,,1-bed,1 Bed,1,1,802,3965,3965,3981,available_on,2026-09-12,,
2026-09-03T17:52:27.006Z,beaudry,Beaudry,B-1101,11,,1-bed,1 Bed,1,1.5,818,4424,4424,4440,available_on,2026-09-13,,
2026-09-03T17:52:27.006Z,beaudry,Beaudry,B-1104,11,,1-bed,1 Bed,1,1.5,875,3774,3774,3790,available_on,2026-10-27,,
2026-09-03T17:52:27.006Z,beaudry,Beaudry,B-1204,12,,1-bed,1 Bed,1,1.5,875,3839,3839,3855,available_on,2026-10-01,,
2026-09-03T17:52:27.006Z,beaudry,Beaudry,B-1401,14,,1-bed,1 Bed,1,1.5,818,4499,4499,4515,available_on,2026-09-29,,
2026-09-03T17:52:27.006Z,beaudry,Beaudry,B-1407,14,,studio,Studio,0,1,550,2755,2755,2771,available_on,2026-11-07,,
2026-09-03T17:52:27.006Z,beaudry,Beaudry,B-1416,14,,2-bed,2 Bed,2,2,1192,5961,5961,5977,available_on,2026-09-06,,
2026-09-03T17:52:27.006Z,beaudry,Beaudry,B-1502,15,,studio,Studio,0,1,539,2695,2695,2711,available_on,2026-10-07,,
2026-09-03T17:52:27.006Z,beaudry,Beaudry,B-1602,16,,studio,Studio,0,1,539,2705,2705,2721,available_on,2026-10-09,,
2026-09-03T17:52:27.006Z,beaudry,Beaudry,B-1714,17,,1-bed,1 Bed,1,1,802,3975,3975,3991,available_on,2026-09-16,,
2026-09-03T17:52:27.006Z,beaudry,Beaudry,B-1804,18,,1-bed,1 Bed,1,1.5,875,3889,3889,3905,available_on,2026-09-21,,
2026-09-03T17:52:27.006Z,beaudry,Beaudry,B-1806,18,,1-bed,1 Bed,1,1,868,4150,4150,4166,available_on,2026-10-10,,
2026-09-03T17:52:27.006Z,beaudry,Beaudry,B-1904,19,,1-bed,1 Bed,1,1.5,891,3864,3864,3880,available_on,2026-09-18,,
2026-09-03T17:52:27.006Z,beaudry,Beaudry,B-2004,20,,1-bed,1 Bed,1,1.5,891,3874,3874,3890,available_on,2026-10-04,,
2026-09-03T17:52:27.006Z,beaudry,Beaudry,B-2008,20,,2-bed,2 Bed,2,2,1200,6376,6376,6392,available_on,2026-09-03,,
2026-09-03T17:52:27.006Z,beaudry,Beaudry,B-2009,20,,1-bed,1 Bed,1,1,860,4830,4830,4846,available_on,2026-09-24,,
2026-09-03T17:52:27.006Z,beaudry,Beaudry,B-2013,20,,2-bed,2 Bed,2,2,1192,5696,5696,5712,available_on,2026-09-16,,
2026-09-03T17:52:27.006Z,beaudry,Beaudry,B-2014,20,,1-bed,1 Bed,1,1,817,4105,4105,4121,available_on,2026-10-23,,
2026-09-03T17:52:27.006Z,beaudry,Beaudry,B-2101,21,,1-bed,1 Bed,1,1.5,818,4569,4569,4585,available_on,2026-09-18,,
2026-09-03T17:52:27.006Z,beaudry,Beaudry,B-2114,21,,1-bed,1 Bed,1,1,817,4115,4115,4131,available_on,2026-09-21,,
2026-09-03T17:52:27.006Z,beaudry,Beaudry,B-2204,22,,1-bed,1 Bed,1,1.5,891,3894,3894,3910,available_on,2026-09-29,,
2026-09-03T17:52:27.006Z,beaudry,Beaudry,B-2208,22,,2-bed,2 Bed,2,2,1200,6396,6396,6412,available_on,2026-09-25,,
2026-09-03T17:52:27.006Z,beaudry,Beaudry,B-2313,23,,2-bed,2 Bed,2,2,1192,5726,5726,5742,available_on,2026-09-03,,
2026-09-03T17:52:27.006Z,beaudry,Beaudry,B-2401,24,,1-bed,1 Bed,1,1.5,818,4599,4599,4615,available_on,2026-09-03,,
2026-09-03T17:52:27.006Z,beaudry,Beaudry,B-2413,24,,2-bed,2 Bed,2,2,1192,5736,5736,5752,available_on,2026-09-12,,
2026-09-03T17:52:27.006Z,beaudry,Beaudry,B-2415,24,,1-bed,1 Bed,1,1,568,2955,2955,2971,available_on,2026-10-08,,
2026-09-03T17:52:27.006Z,beaudry,Beaudry,B-2501,25,,1-bed,1 Bed,1,1.5,818,4609,4609,4625,available_on,2026-11-05,,
2026-09-03T17:52:27.006Z,beaudry,Beaudry,B-2805,28,,1-bed,1 Bed,1,1,939,4390,4390,4406,available_on,2026-10-01,,
2026-09-03T17:52:27.006Z,beaudry,Beaudry,B-2906,29,,1-bed,1 Bed,1,1,882,4285,4285,4301,available_on,2026-09-30,,
2026-09-03T17:52:27.006Z,beaudry,Beaudry,B-2910,29,,1-bed,1 Bed,1,1,594,2940,2940,2956,available_on,2026-10-03,,
2026-09-03T17:52:27.006Z,beaudry,Beaudry,B-3005,30,,1-bed,1 Bed,1,1,939,4410,4410,4426,available_on,2026-09-27,,
2026-09-03T17:52:27.006Z,beaudry,Beaudry,B-3008,30,,2-bed,2 Bed,2,2,1200,6566,6566,6582,available_on,2026-09-03,,
2026-09-03T17:52:27.006Z,beaudry,Beaudry,B-3205,32,,1-bed,1 Bed,1,1,939,4430,4430,4446,available_on,2026-10-14,,
2026-09-03T17:52:27.006Z,beaudry,Beaudry,B-3310,33,,1-bed,1 Bed,1,1,594,2980,2980,2996,available_on,2026-10-08,,
2026-09-03T17:52:27.006Z,beaudry,Beaudry,B-3401,34,,1-bed,1 Bed,1,1.5,818,4699,4699,4715,available_on,2026-10-02,,
2026-09-03T17:52:27.006Z,beaudry,Beaudry,B-3406,34,,1-bed,1 Bed,1,1,882,4335,4335,4351,available_on,2026-10-16,,
2026-09-03T17:52:27.006Z,beaudry,Beaudry,B-3604,36,,1-bed,1 Bed,1,1.5,891,4059,4059,4075,available_on,2026-09-17,,
2026-09-03T17:52:27.006Z,beaudry,Beaudry,B-3709,37,,1-bed,1 Bed,1,1,860,5175,5175,5191,available_on,2026-10-24,,
2026-09-03T17:52:27.006Z,beaudry,Beaudry,B-3713,37,,2-bed,2 Bed,2,2,1192,5891,5891,5907,available_on,2026-09-03,,
2026-09-03T17:52:27.006Z,beaudry,Beaudry,B-3816,38,,2-bed,2 Bed,2,2,1192,6226,6226,6242,available_on,2026-11-12,,
2026-09-03T17:52:27.006Z,beaudry,Beaudry,B-4002,40,,studio,Studio,0,1,539,2970,2970,2986,available_on,2026-10-22,,
2026-09-03T17:52:27.006Z,beaudry,Beaudry,B-4103,41,,1-bed,1 Bed,1,1,627,3225,3225,3241,available_on,2026-11-07,,
2026-09-03T17:52:27.006Z,beaudry,Beaudry,B-4116,41,,2-bed,2 Bed,2,2,1192,6256,6256,6272,available_on,2026-09-03,,
2026-09-03T17:52:27.006Z,beaudry,Beaudry,B-4306,43,,1-bed,1 Bed,1,1,882,4450,4450,4466,available_on,2026-11-04,,
2026-09-03T17:52:27.006Z,beaudry,Beaudry,B-4413,44,,2-bed,2 Bed,2,2,1192,5961,5961,5977,available_on,2026-09-03,,
2026-09-03T17:52:27.006Z,beaudry,Beaudry,B-4504,45,,1-bed,1 Bed,1,1.5,1134,4764,4764,4780,available_on,2026-10-06,,
2026-09-03T17:52:27.006Z,beaudry,Beaudry,B-4507,45,,studio,Studio,0,1,550,3180,3180,3196,available_on,2026-10-08,,
2026-09-03T17:52:27.006Z,beaudry,Beaudry,B-4514,45,,1-bed,1 Bed,1,1,817,4380,4380,4396,available_on,2026-10-01,,
2026-09-03T17:52:27.006Z,beaudry,Beaudry,B-4615,46,,1-bed,1 Bed,1,1,568,3200,3200,3216,available_on,2026-11-15,,
2026-09-03T17:52:27.006Z,beaudry,Beaudry,B-4704,47,,1-bed,1 Bed,1,1.5,1134,4784,4784,4800,available_on,2026-09-24,,
2026-09-03T17:52:27.006Z,beaudry,Beaudry,B-4707,47,,studio,Studio,0,1,550,3200,3200,3216,available_on,2026-10-17,,
2026-09-03T17:52:27.006Z,beaudry,Beaudry,B-4713,47,,2-bed,2 Bed,2,2,1192,5991,5991,6007,available_on,2026-11-03,,
2026-09-03T17:52:27.006Z,beaudry,Beaudry,B-4714,47,,1-bed,1 Bed,1,1,817,4450,4450,4466,available_on,2026-09-17,,
2026-09-03T17:52:27.006Z,beaudry,Beaudry,B-4910,49,,1-bed,1 Bed,1,1.5,926,4355,4355,4371,available_on,2026-10-10,,
2026-09-03T17:52:27.006Z,beaudry,Beaudry,B-5002,50,,2-bed,2 Bed,2,2.5,1531,6580,6580,6596,available_on,2026-11-03,,
2026-09-03T17:52:27.006Z,beaudry,Beaudry,B-5209,52,,2-bed,2 Bed,2,2,1230,6295,6295,6311,available_on,2026-09-15,,
2026-09-03T17:52:27.006Z,beaudry,Beaudry,B-5405,54,,3-bed,3 Bed,3,2.5,1734,9047,9047,9063,available_on,2026-10-05,,
2026-09-03T17:52:27.006Z,beaudry,Beaudry,B-5607,56,,1-bed,1 Bed,1,1,1006,5610,5610,5626,available_on,2026-09-03,,
2026-09-03T17:52:27.006Z,circa-la,Circa LA,W3206,32,,1-bed,1 Bed,1,1,745,3332,3332,3382,available_on,2026-09-03,,
2026-09-03T17:52:27.006Z,circa-la,Circa LA,W3208,32,,1-bed,1 Bed,1,1,770,3617,3617,3667,available_on,2026-09-03,,
2026-09-03T17:52:27.006Z,circa-la,Circa LA,W2618,26,,1-bed,1 Bed,1,1,923,4069,4069,4119,available_on,2026-09-03,,
2026-09-03T17:52:27.006Z,circa-la,Circa LA,W2006,20,,1-bed,1 Bed,1,1,745,3377,3377,3427,available_on,2026-09-14,,
2026-09-03T17:52:27.006Z,circa-la,Circa LA,W1906,19,,1-bed,1 Bed,1,1,745,3257,3257,3307,available_on,2026-10-20,,
2026-09-03T17:52:27.006Z,circa-la,Circa LA,W1708,17,,1-bed,1 Bed,1,1,770,3302,3302,3352,available_on,2026-09-03,,
2026-09-03T17:52:27.006Z,circa-la,Circa LA,W1720,17,,1-bed,1 Bed,1,1,927,3440,3440,3490,available_on,2026-10-25,,
2026-09-03T17:52:27.006Z,circa-la,Circa LA,W1724,17,,2-bed,2 Bed,2,2,1463,4802,4802,4852,available_on,2026-10-28,,
2026-09-03T17:52:27.006Z,circa-la,Circa LA,W1412,14,,2-bed,2 Bed,2,2.5,1762,5527,5527,5577,available_on,2026-09-26,,
2026-09-03T17:52:27.006Z,circa-la,Circa LA,W1102,11,,1-bed,1 Bed,1,1,627,2779,2779,2829,available_on,2026-09-03,,
2026-09-03T17:52:27.006Z,circa-la,Circa LA,W1120,11,,1-bed,1 Bed,1,1,927,3265,3265,3315,available_on,2026-09-18,,
2026-09-03T17:52:27.006Z,circa-la,Circa LA,W924,9,,2-bed,2 Bed,2,2,1463,4638,4638,4688,available_on,2026-09-03,,
2026-09-03T17:52:27.006Z,circa-la,Circa LA,W926,9,,2-bed,2 Bed,2,2,1285,4330,4330,4380,available_on,2026-09-03,,
2026-09-03T17:52:27.006Z,circa-la,Circa LA,W820,8,,1-bed,1 Bed,1,1,927,3864,3864,3914,available_on,2026-09-03,,
2026-09-03T17:52:27.006Z,circa-la,Circa LA,E3201,32,,1-bed,1 Bed,1,1,627,3109,3109,3159,available_on,2026-09-03,,
2026-09-03T17:52:27.006Z,circa-la,Circa LA,E3221,32,,1-bed,1 Bed,1,1,871,3643,3643,3693,available_on,2026-09-03,,
2026-09-03T17:52:27.006Z,circa-la,Circa LA,E3001,30,,1-bed,1 Bed,1,1,627,2827,2827,2877,available_on,2026-09-03,,
2026-09-03T17:52:27.006Z,circa-la,Circa LA,E2911,29,,2-bed,2 Bed,2,2.5,1762,5677,5677,5727,available_on,2026-09-03,,
2026-09-03T17:52:27.006Z,circa-la,Circa LA,E2917,29,,1-bed,1 Bed,1,1,923,3872,3872,3922,available_on,2026-09-13,,
2026-09-03T17:52:27.006Z,circa-la,Circa LA,E2921,29,,1-bed,1 Bed,1,1,871,3644,3644,3694,available_on,2026-10-04,,
2026-09-03T17:52:27.006Z,circa-la,Circa LA,E2501,25,,1-bed,1 Bed,1,1,627,2876,2876,2926,available_on,2026-09-17,,
2026-09-03T17:52:27.006Z,circa-la,Circa LA,E2411,24,,2-bed,2 Bed,2,2.5,1762,5527,5527,5577,available_on,2026-09-17,,
2026-09-03T17:52:27.006Z,circa-la,Circa LA,E2419,24,,1-bed,1 Bed,1,1,927,3460,3460,3510,available_on,2026-09-21,,
2026-09-03T17:52:27.006Z,circa-la,Circa LA,E2223,22,,2-bed,2 Bed,2,2,1463,4976,4976,5026,available_on,2026-09-03,,
2026-09-03T17:52:27.006Z,circa-la,Circa LA,E1909,19,,1-bed,1 Bed,1,1,685,2884,2884,2934,available_on,2026-09-11,,
2026-09-03T17:52:27.006Z,circa-la,Circa LA,E1421,14,,1-bed,1 Bed,1,1,871,3269,3269,3319,available_on,2026-09-07,,
2026-09-03T17:52:27.006Z,circa-la,Circa LA,E1115,11,,1-bed,1 Bed,1,1,868,3269,3269,3319,available_on,2026-10-04,,
2026-09-03T17:52:27.006Z,circa-la,Circa LA,E825,8,,2-bed,2 Bed,2,2,1285,4504,4504,4554,available_on,2026-09-03,,
2026-09-03T17:52:27.006Z,circa-la,Circa LA,E3301,33,,3-bed,3 Bed,3,4.5,3984,19648,19648,19698,available_on,2026-09-03,,
2026-09-03T17:52:27.006Z,circa-la,Circa LA,E3309,33,,2-bed,2 Bed,2,2.5,2087,8874,8874,8924,available_on,2026-09-29,,
2026-09-03T17:52:27.006Z,circa-la,Circa LA,W3302,33,,3-bed,3 Bed,3,4.5,3842,22738,22738,22788,available_on,2026-09-03,,
2026-09-03T17:52:27.006Z,circa-la,Circa LA,W3312,33,,3-bed,3 Bed,3,3.5,2900,17169,17169,17219,available_on,2026-09-03,,
2026-09-03T17:52:27.006Z,circa-la,Circa LA,E3411,34,,3-bed,3 Bed,3,3.5,2878,13222,13222,13272,available_on,2026-09-03,,
2026-09-03T17:52:27.006Z,circa-la,Circa LA,W3402,34,,3-bed,3 Bed,3,4.5,3842,22832,22832,22882,available_on,2026-09-03,,
2026-09-03T17:52:27.006Z,circa-la,Circa LA,W3406,34,,2-bed,2 Bed,2,2,1338,7299,7299,7349,available_on,2026-09-03,,
2026-09-03T17:52:27.006Z,circa-la,Circa LA,E3501,35,,3-bed,3 Bed,3,4.5,3984,22621,22621,22671,available_on,2026-09-03,,
2026-09-03T17:52:27.006Z,circa-la,Circa LA,E3505,35,,2-bed,2 Bed,2,2,1338,6174,6174,6224,available_on,2026-09-03,,
2026-09-03T17:52:27.006Z,circa-la,Circa LA,E3511,35,,3-bed,3 Bed,3,3.5,2878,14973,14973,15023,available_on,2026-09-03,,
2026-09-03T17:52:27.006Z,circa-la,Circa LA,W3502,35,,3-bed,3 Bed,3,4.5,3842,23554,23554,23604,available_on,2026-09-03,,
2026-09-03T17:52:27.006Z,circa-la,Circa LA,W3508,35,,2-bed,2 Bed,2,2,1524,8045,8045,8095,available_on,2026-10-31,,
2026-09-03T17:52:27.006Z,circa-la,Circa LA,W3512,35,,3-bed,3 Bed,3,3.5,2900,17543,17543,17593,available_on,2026-09-03,,
2026-09-04T01:04:15.961Z,825-south-hill,825 South Hill,201,2,A2,2-bed-den,2 Bed + Den,2,,1090,3949,5077,,available,,29417540,2413008
2026-09-04T01:04:15.961Z,825-south-hill,825 South Hill,301,3,A2,2-bed-den,2 Bed + Den,2,,1090,3949,5077,,available,,29417543,2413008
2026-09-04T01:04:15.961Z,825-south-hill,825 South Hill,302,3,B,2-bed,2 Bed,2,,993,3894,4994,,available,,29417544,2413011
2026-09-04T01:04:15.961Z,825-south-hill,825 South Hill,522,5,D,2-bed,2 Bed,2,,1030,3538,4571,,available_on,2026-10-08,29417553,2413016
2026-09-04T01:04:15.961Z,825-south-hill,825 South Hill,607,6,TH2,townhomes,Townhomes,,,1385,5564,7478,,available,,29417562,2413022
2026-09-04T01:04:15.961Z,825-south-hill,825 South Hill,4605,46,J,2-bed,2 Bed,2,,991,4597,5896,,available,,29417168,2413023
2026-09-04T01:04:15.961Z,825-south-hill,825 South Hill,3012,30,K,1-bed,1 Bed,1,,670,3499,4457,,available_on,2026-10-12,29417188,2413027
2026-09-04T01:04:15.961Z,825-south-hill,825 South Hill,3412,34,K,1-bed,1 Bed,1,,670,3514,4489,,available,,29417189,2413027
2026-09-04T01:04:15.961Z,825-south-hill,825 South Hill,2901,29,K1,1-bed,1 Bed,1,,716,3514,4489,,available_on,2026-09-07,29417218,2413028
2026-09-04T01:04:15.961Z,825-south-hill,825 South Hill,1703,17,M,2-bed-den,2 Bed + Den,2,,1099,4203,5353,,available_on,2026-11-04,29417237,2413032
2026-09-04T01:04:15.961Z,825-south-hill,825 South Hill,1504,15,N,jr-2-bed,Jr. 2 Bed,2,,792,3150,4047,,available,,29417296,2413034
2026-09-04T01:04:15.961Z,825-south-hill,825 South Hill,2204,22,N,jr-2-bed,Jr. 2 Bed,2,,792,3235,4156,,available_on,2026-09-28,29417302,2413034
2026-09-04T01:04:15.961Z,825-south-hill,825 South Hill,3704,37,N,jr-2-bed,Jr. 2 Bed,2,,792,3475,4465,,available_on,2026-09-14,29417313,2413034
2026-09-04T01:04:15.961Z,825-south-hill,825 South Hill,4204,42,N,jr-2-bed,Jr. 2 Bed,2,,792,3595,4619,,available,,29417317,2413034
2026-09-04T01:04:15.961Z,825-south-hill,825 South Hill,3610,36,N1,jr-2-bed,Jr. 2 Bed,2,,807,3360,4317,,available,,29417341,2413035
2026-09-04T01:04:15.961Z,825-south-hill,825 South Hill,3902,39,O,1-bed,1 Bed,1,,538,3247,4112,,available_on,2026-10-10,29417415,2413037
2026-09-04T01:04:15.961Z,825-south-hill,825 South Hill,4602,46,O,1-bed,1 Bed,1,,538,3392,4281,,available_on,2026-11-07,29417390,2413037
2026-09-04T01:04:15.961Z,825-south-hill,825 South Hill,1107,11,O1,1-bed,1 Bed,1,,560,2902,3688,,available_on,2026-09-28,29417419,2413039
2026-09-04T01:04:15.961Z,825-south-hill,825 South Hill,2406,24,O3,1-bed,1 Bed,1,,562,3037,3846,,available_on,2026-10-02,29417461,2522879
2026-09-04T01:04:15.961Z,825-south-hill,825 South Hill,4706,47,SKY3,skyhomes,Skyhomes,,,1365,5807,7456,,available_on,2026-10-14,38827826,2413047
2026-09-04T01:04:15.961Z,825-south-hill,825 South Hill,4906,49,SKY3,skyhomes,Skyhomes,,,1364,5564,7160,,available,,29417489,2413047
2026-09-04T01:04:15.961Z,atelier,Atelier,0608,6,,1-bed,1 Bed,1,1,778,3401,3401,3418,available_on,2026-10-07,,
2026-09-04T01:04:15.961Z,atelier,Atelier,0707,7,,1-bed,1 Bed,1,1,778,3441,3441,3458,available_on,2026-10-22,,
2026-09-04T01:04:15.961Z,atelier,Atelier,0913,9,,2-bed,2 Bed,2,2,1043,4259,4259,4276,available_on,2026-10-02,,
2026-09-04T01:04:15.961Z,atelier,Atelier,1402,14,,1-bed,1 Bed,1,1,622,3491,3491,3508,available_on,2026-11-07,,
2026-09-04T01:04:15.961Z,atelier,Atelier,1508,15,,1-bed,1 Bed,1,1,778,3606,3606,3623,available_on,2026-10-18,,
2026-09-04T01:04:15.961Z,atelier,Atelier,2102,21,,1-bed,1 Bed,1,1,622,3706,3706,3723,available_on,2026-11-28,,
2026-09-04T01:04:15.961Z,atelier,Atelier,2312,23,,1-bed,1 Bed,1,1,685,4016,4016,4033,available_on,2026-10-08,,
2026-09-04T01:04:15.961Z,atelier,Atelier,2404,24,,1-bed,1 Bed,1,1,829,4311,4311,4328,available_on,2026-09-03,,
2026-09-04T01:04:15.961Z,atelier,Atelier,2411,24,,2-bed,2 Bed,2,2,1043,4664,4664,4681,available_on,2026-11-05,,
2026-09-04T01:04:15.961Z,atelier,Atelier,2501,25,,2-bed,2 Bed,2,2.5,1377,6481,6481,6498,available_on,2026-09-03,,
2026-09-04T01:04:15.961Z,atelier,Atelier,2502,25,,2-bed,2 Bed,2,2.5,1514,7526,7526,7543,available_on,2026-09-03,,
2026-09-04T01:04:15.961Z,atelier,Atelier,2504,25,,1-bed,1 Bed,1,1,829,4331,4331,4348,available_on,2026-10-28,,
2026-09-04T01:04:15.961Z,atelier,Atelier,2602,26,,2-bed,2 Bed,2,2.5,1514,7546,7546,7563,available_on,2026-09-03,,
2026-09-04T01:04:15.961Z,atelier,Atelier,3001,30,,2-bed,2 Bed,2,2.5,1377,6671,6671,6688,available_on,2026-09-21,,
2026-09-04T01:04:15.961Z,atelier,Atelier,3110,31,,1-bed,1 Bed,1,1,685,4441,4441,4458,available_on,2026-09-03,,
2026-09-04T01:04:15.961Z,atelier,Atelier,3202,32,,2-bed,2 Bed,2,2.5,1514,7806,7806,7823,available_on,2026-09-25,,
2026-09-04T01:04:15.961Z,atelier,Atelier,3208,32,,1-bed,1 Bed,1,1,685,4426,4426,4443,available_on,2026-09-03,,
2026-09-04T01:04:15.961Z,atelier,Atelier,3210,32,,1-bed,1 Bed,1,1,685,4511,4511,4528,available_on,2026-09-03,,
2026-09-04T01:04:15.961Z,atelier,Atelier,PH01,,,2-bed,2 Bed,2,2.5,1470,8953,8953,8970,available_on,2026-09-03,,
2026-09-04T01:04:15.961Z,atelier,Atelier,PH08,,,3-bed,3 Bed,3,3,1731,9229,9229,9246,available_on,2026-09-03,,
2026-09-04T01:04:15.961Z,eighth-and-grand,Eighth & Grand,0-2003,,,1-bed,1 Bed,1,1,762,2520,2520,2539,available_on,2026-10-09,,
2026-09-04T01:04:15.961Z,eighth-and-grand,Eighth & Grand,0-2017,,,1-bed,1 Bed,1,1,762,2385,2385,2404,available_on,2026-09-10,,
2026-09-04T01:04:15.961Z,eighth-and-grand,Eighth & Grand,0-2029,,,1-bed,1 Bed,1,1,762,2385,2385,2404,available_on,2026-09-04,,
2026-09-04T01:04:15.961Z,eighth-and-grand,Eighth & Grand,0-2034,,,2-bed,2 Bed,2,1,905,3057,3057,3076,available_on,2026-10-06,,
2026-09-04T01:04:15.961Z,eighth-and-grand,Eighth & Grand,0-2037,,,1-bed,1 Bed,1,1,762,2385,2385,2404,available_on,2026-09-15,,
2026-09-04T01:04:15.961Z,eighth-and-grand,Eighth & Grand,0-2041,,,1-bed,1 Bed,1,1,762,2385,2385,2404,available_on,2026-09-05,,
2026-09-04T01:04:15.961Z,eighth-and-grand,Eighth & Grand,0-2102,,,studio,Studio,0,1,527,2172,2172,2191,available_on,2026-10-17,,
2026-09-04T01:04:15.961Z,eighth-and-grand,Eighth & Grand,0-2110,,,studio,Studio,0,1,520,2117,2117,2136,available_on,2026-09-03,,
2026-09-04T01:04:15.961Z,eighth-and-grand,Eighth & Grand,0-2152,,,studio,Studio,0,1,540,2177,2177,2196,available_on,2026-10-16,,
2026-09-04T01:04:15.961Z,eighth-and-grand,Eighth & Grand,0-2161,,,2-bed,2 Bed,2,2,1109,3356,3356,3375,available_on,2026-10-10,,
2026-09-04T01:04:15.961Z,eighth-and-grand,Eighth & Grand,0-3016,,,1-bed,1 Bed,1,1,578,2411,2411,2430,available_on,2026-09-14,,
2026-09-04T01:04:15.961Z,eighth-and-grand,Eighth & Grand,0-3028,,,1-bed,1 Bed,1,1,779,2705,2705,2724,available_on,2026-09-03,,
2026-09-04T01:04:15.961Z,eighth-and-grand,Eighth & Grand,0-3104,,,1-bed,1 Bed,1,1,802,2570,2570,2589,available_on,2026-09-07,,
2026-09-04T01:04:15.961Z,eighth-and-grand,Eighth & Grand,0-3136,,,1-bed,1 Bed,1,1,777,2245,2245,2264,available_on,2026-10-12,,
2026-09-04T01:04:15.961Z,eighth-and-grand,Eighth & Grand,0-4028,,,1-bed,1 Bed,1,1,779,2725,2725,2744,available_on,2026-10-09,,
2026-09-04T01:04:15.961Z,eighth-and-grand,Eighth & Grand,0-4071,,,1-bed,1 Bed,1,1,840,2350,2350,2369,available_on,2026-10-23,,
2026-09-04T01:04:15.961Z,eighth-and-grand,Eighth & Grand,0-4108,,,studio,Studio,0,1,540,2302,2302,2321,available_on,2026-09-03,,
2026-09-04T01:04:15.961Z,eighth-and-grand,Eighth & Grand,0-4114,,,studio,Studio,0,1,520,2257,2257,2276,available_on,2026-10-15,,
2026-09-04T01:04:15.961Z,eighth-and-grand,Eighth & Grand,0-4134,,,1-bed,1 Bed,1,1,777,2365,2365,2384,available_on,2026-10-04,,
2026-09-04T01:04:15.961Z,eighth-and-grand,Eighth & Grand,0-5005,,,1-bed,1 Bed,1,1,762,2795,2795,2814,available_on,2026-09-03,,
2026-09-04T01:04:15.961Z,eighth-and-grand,Eighth & Grand,0-5026,,,1-bed,1 Bed,1,1,779,2785,2785,2804,available_on,2026-09-03,,
2026-09-04T01:04:15.961Z,eighth-and-grand,Eighth & Grand,0-5032,,,1-bed,1 Bed,1,1,779,2785,2785,2804,available_on,2026-09-03,,
2026-09-04T01:04:15.961Z,eighth-and-grand,Eighth & Grand,0-5034,,,2-bed,2 Bed,2,2,1046,3366,3366,3385,available_on,2026-09-03,,
2026-09-04T01:04:15.961Z,eighth-and-grand,Eighth & Grand,0-5035,,,1-bed,1 Bed,1,1,880,2795,2795,2814,available_on,2026-09-03,,
2026-09-04T01:04:15.961Z,eighth-and-grand,Eighth & Grand,0-5039,,,1-bed,1 Bed,1,1,762,2760,2760,2779,available_on,2026-09-03,,
2026-09-04T01:04:15.961Z,eighth-and-grand,Eighth & Grand,0-5046,,,1-bed,1 Bed,1,1,578,2536,2536,2555,available_on,2026-09-20,,
2026-09-04T01:04:15.961Z,eighth-and-grand,Eighth & Grand,0-5049,,,2-bed,2 Bed,2,2,1016,3636,3636,3655,available_on,2026-09-03,,
2026-09-04T01:04:15.961Z,eighth-and-grand,Eighth & Grand,0-5086,,,1-bed,1 Bed,1,1,777,2385,2385,2404,available_on,2026-10-06,,
2026-09-04T01:04:15.961Z,eighth-and-grand,Eighth & Grand,0-5094,,,1-bed,1 Bed,1,1,715,2635,2635,2654,available_on,2026-09-03,,
2026-09-04T01:04:15.961Z,eighth-and-grand,Eighth & Grand,0-5096,,,1-bed,1 Bed,1,1,584,2470,2470,2489,available_on,2026-09-03,,
2026-09-04T01:04:15.961Z,eighth-and-grand,Eighth & Grand,0-5153,,,2-bed,2 Bed,2,2,1278,4011,4011,4030,available_on,2026-09-23,,
2026-09-04T01:04:15.961Z,eighth-and-grand,Eighth & Grand,0-5162,,,studio,Studio,0,1,520,2267,2267,2286,available_on,2026-10-30,,
2026-09-04T01:04:15.961Z,eighth-and-grand,Eighth & Grand,0-6002,,,1-bed,1 Bed,1,1,639,2435,2435,2454,available_on,2026-09-03,,
2026-09-04T01:04:15.961Z,eighth-and-grand,Eighth & Grand,0-6011,,,1-bed,1 Bed,1,1,880,2745,2745,2764,available_on,2026-09-03,,
2026-09-04T01:04:15.961Z,eighth-and-grand,Eighth & Grand,0-6017,,,1-bed,1 Bed,1,1,880,2795,2795,2814,available_on,2026-09-03,,
2026-09-04T01:04:15.961Z,eighth-and-grand,Eighth & Grand,0-6032,,,1-bed,1 Bed,1,1,779,2835,2835,2854,available_on,2026-11-04,,
2026-09-04T01:04:15.961Z,eighth-and-grand,Eighth & Grand,0-6035,,,1-bed,1 Bed,1,1,762,2721,2721,2740,available_on,2026-09-04,,
2026-09-04T01:04:15.961Z,eighth-and-grand,Eighth & Grand,0-6057,,,2-bed,2 Bed,2,2,1211,3686,3686,3705,available_on,2026-09-06,,
2026-09-04T01:04:15.961Z,eighth-and-grand,Eighth & Grand,0-6066,,,1-bed,1 Bed,1,1,762,2710,2710,2729,available_on,2026-09-03,,
2026-09-04T01:04:15.961Z,eighth-and-grand,Eighth & Grand,0-6085,,,1-bed,1 Bed,1,1,578,2591,2591,2610,available_on,2026-11-23,,
2026-09-04T01:04:15.961Z,eighth-and-grand,Eighth & Grand,0-6094,,,1-bed,1 Bed,1,1,715,2760,2760,2779,available_on,2026-09-03,,
2026-09-04T01:04:15.961Z,eighth-and-grand,Eighth & Grand,0-6124,,,1-bed,1 Bed,1,1,701,2285,2285,2304,available_on,2026-09-03,,
2026-09-04T01:04:15.961Z,eighth-and-grand,Eighth & Grand,0-6137,,,1-bed,1 Bed,1,1,578,2541,2541,2560,available_on,2026-09-13,,
2026-09-04T01:04:15.961Z,eighth-and-grand,Eighth & Grand,0-6149,,,studio,Studio,0,1,558,2397,2397,2416,available_on,2026-09-03,,
2026-09-04T01:04:15.961Z,eighth-and-grand,Eighth & Grand,0-6152,,,studio,Studio,0,1,540,2402,2402,2421,available_on,2026-11-01,,
2026-09-04T01:04:15.961Z,eighth-and-grand,Eighth & Grand,0-6154,,,studio,Studio,0,1,520,2317,2317,2336,available_on,2026-11-07,,
2026-09-04T01:04:15.961Z,eighth-and-grand,Eighth & Grand,0-6166,,,1-bed,1 Bed,1,1,822,2760,2760,2779,available_on,2026-09-28,,
2026-09-04T01:04:15.961Z,eighth-and-grand,Eighth & Grand,0-7024,,,1-bed,1 Bed,1,1,791,2615,2615,2634,available_on,2026-09-03,,
2026-09-04T01:04:15.961Z,eighth-and-grand,Eighth & Grand,0-7042,,,1-bed,1 Bed,1,1,578,2461,2461,2480,available_on,2026-09-03,,
2026-09-04T01:04:15.961Z,eighth-and-grand,Eighth & Grand,0-7066,,,1-bed,1 Bed,1,1,762,2760,2760,2779,available_on,2026-09-03,,
2026-09-04T01:04:15.961Z,eighth-and-grand,Eighth & Grand,0-7071,,,1-bed,1 Bed,1,1,840,2775,2775,2794,available_on,2026-09-09,,
2026-09-04T01:04:15.961Z,eighth-and-grand,Eighth & Grand,0-7090,,,2-bed,2 Bed,2,1,976,3291,3291,3310,available_on,2026-09-03,,
2026-09-04T01:04:15.961Z,eighth-and-grand,Eighth & Grand,0-7096,,,1-bed,1 Bed,1,1,584,2545,2545,2564,available_on,2026-09-03,,
2026-09-04T01:04:15.961Z,eighth-and-grand,Eighth & Grand,0-7145,,,2-bed,2 Bed,2,2,1099,4131,4131,4150,available_on,2026-10-01,,
2026-09-04T01:04:15.961Z,eighth-and-grand,Eighth & Grand,0-7167,,,1-bed,1 Bed,1,1,578,2641,2641,2660,available_on,2026-10-07,,
2026-09-04T01:04:15.961Z,beaudry,Beaudry,B-0514,5,,1-bed,1 Bed,1,1,794,3915,3915,3931,available_on,2026-10-31,,
2026-09-04T01:04:15.961Z,beaudry,Beaudry,B-0701,7,,1-bed,1 Bed,1,1.5,818,4234,4234,4250,available_on,2026-11-07,,
2026-09-04T01:04:15.961Z,beaudry,Beaudry,B-0802,8,,studio,Studio,0,1,539,2480,2480,2496,available_on,2026-11-08,,
2026-09-04T01:04:15.961Z,beaudry,Beaudry,B-0814,8,,1-bed,1 Bed,1,1,802,3945,3945,3961,available_on,2026-11-06,,
2026-09-04T01:04:15.961Z,beaudry,Beaudry,B-1007,10,,studio,Studio,0,1,550,2660,2660,2676,available_on,2026-10-22,,
2026-09-04T01:04:15.961Z,beaudry,Beaudry,B-1101,11,,1-bed,1 Bed,1,1.5,818,4424,4424,4440,available_on,2026-09-13,,
2026-09-04T01:04:15.961Z,beaudry,Beaudry,B-1104,11,,1-bed,1 Bed,1,1.5,875,3774,3774,3790,available_on,2026-10-27,,
2026-09-04T01:04:15.961Z,beaudry,Beaudry,B-1204,12,,1-bed,1 Bed,1,1.5,875,3839,3839,3855,available_on,2026-10-01,,
2026-09-04T01:04:15.961Z,beaudry,Beaudry,B-1401,14,,1-bed,1 Bed,1,1.5,818,4499,4499,4515,available_on,2026-09-29,,
2026-09-04T01:04:15.961Z,beaudry,Beaudry,B-1407,14,,studio,Studio,0,1,550,2755,2755,2771,available_on,2026-11-07,,
2026-09-04T01:04:15.961Z,beaudry,Beaudry,B-1416,14,,2-bed,2 Bed,2,2,1192,5961,5961,5977,available_on,2026-09-06,,
2026-09-04T01:04:15.961Z,beaudry,Beaudry,B-1502,15,,studio,Studio,0,1,539,2695,2695,2711,available_on,2026-10-07,,
2026-09-04T01:04:15.961Z,beaudry,Beaudry,B-1602,16,,studio,Studio,0,1,539,2705,2705,2721,available_on,2026-10-09,,
2026-09-04T01:04:15.961Z,beaudry,Beaudry,B-1714,17,,1-bed,1 Bed,1,1,802,3975,3975,3991,available_on,2026-09-16,,
2026-09-04T01:04:15.961Z,beaudry,Beaudry,B-1804,18,,1-bed,1 Bed,1,1.5,875,3889,3889,3905,available_on,2026-09-21,,
2026-09-04T01:04:15.961Z,beaudry,Beaudry,B-1806,18,,1-bed,1 Bed,1,1,868,4150,4150,4166,available_on,2026-10-10,,
2026-09-04T01:04:15.961Z,beaudry,Beaudry,B-1904,19,,1-bed,1 Bed,1,1.5,891,3864,3864,3880,available_on,2026-09-18,,
2026-09-04T01:04:15.961Z,beaudry,Beaudry,B-2004,20,,1-bed,1 Bed,1,1.5,891,3874,3874,3890,available_on,2026-10-04,,
2026-09-04T01:04:15.961Z,beaudry,Beaudry,B-2008,20,,2-bed,2 Bed,2,2,1200,6376,6376,6392,available_on,2026-09-03,,
2026-09-04T01:04:15.961Z,beaudry,Beaudry,B-2009,20,,1-bed,1 Bed,1,1,860,4830,4830,4846,available_on,2026-09-24,,
2026-09-04T01:04:15.961Z,beaudry,Beaudry,B-2013,20,,2-bed,2 Bed,2,2,1192,5696,5696,5712,available_on,2026-09-16,,
2026-09-04T01:04:15.961Z,beaudry,Beaudry,B-2014,20,,1-bed,1 Bed,1,1,817,4105,4105,4121,available_on,2026-10-23,,
2026-09-04T01:04:15.961Z,beaudry,Beaudry,B-2101,21,,1-bed,1 Bed,1,1.5,818,4569,4569,4585,available_on,2026-09-18,,
2026-09-04T01:04:15.961Z,beaudry,Beaudry,B-2114,21,,1-bed,1 Bed,1,1,817,4115,4115,4131,available_on,2026-09-21,,
2026-09-04T01:04:15.961Z,beaudry,Beaudry,B-2204,22,,1-bed,1 Bed,1,1.5,891,3894,3894,3910,available_on,2026-09-29,,
2026-09-04T01:04:15.961Z,beaudry,Beaudry,B-2208,22,,2-bed,2 Bed,2,2,1200,6396,6396,6412,available_on,2026-09-25,,
2026-09-04T01:04:15.961Z,beaudry,Beaudry,B-2313,23,,2-bed,2 Bed,2,2,1192,5726,5726,5742,available_on,2026-09-03,,
2026-09-04T01:04:15.961Z,beaudry,Beaudry,B-2401,24,,1-bed,1 Bed,1,1.5,818,4599,4599,4615,available_on,2026-09-03,,
2026-09-04T01:04:15.961Z,beaudry,Beaudry,B-2413,24,,2-bed,2 Bed,2,2,1192,5736,5736,5752,available_on,2026-09-12,,
2026-09-04T01:04:15.961Z,beaudry,Beaudry,B-2415,24,,1-bed,1 Bed,1,1,568,2955,2955,2971,available_on,2026-10-08,,
2026-09-04T01:04:15.961Z,beaudry,Beaudry,B-2501,25,,1-bed,1 Bed,1,1.5,818,4609,4609,4625,available_on,2026-11-05,,
2026-09-04T01:04:15.961Z,beaudry,Beaudry,B-2805,28,,1-bed,1 Bed,1,1,939,4390,4390,4406,available_on,2026-10-01,,
2026-09-04T01:04:15.961Z,beaudry,Beaudry,B-2906,29,,1-bed,1 Bed,1,1,882,4285,4285,4301,available_on,2026-09-30,,
2026-09-04T01:04:15.961Z,beaudry,Beaudry,B-2910,29,,1-bed,1 Bed,1,1,594,2940,2940,2956,available_on,2026-10-03,,
2026-09-04T01:04:15.961Z,beaudry,Beaudry,B-3005,30,,1-bed,1 Bed,1,1,939,4410,4410,4426,available_on,2026-09-27,,
2026-09-04T01:04:15.961Z,beaudry,Beaudry,B-3008,30,,2-bed,2 Bed,2,2,1200,6566,6566,6582,available_on,2026-09-03,,
2026-09-04T01:04:15.961Z,beaudry,Beaudry,B-3205,32,,1-bed,1 Bed,1,1,939,4430,4430,4446,available_on,2026-10-14,,
2026-09-04T01:04:15.961Z,beaudry,Beaudry,B-3310,33,,1-bed,1 Bed,1,1,594,2980,2980,2996,available_on,2026-10-08,,
2026-09-04T01:04:15.961Z,beaudry,Beaudry,B-3401,34,,1-bed,1 Bed,1,1.5,818,4699,4699,4715,available_on,2026-10-02,,
2026-09-04T01:04:15.961Z,beaudry,Beaudry,B-3406,34,,1-bed,1 Bed,1,1,882,4335,4335,4351,available_on,2026-10-16,,
2026-09-04T01:04:15.961Z,beaudry,Beaudry,B-3604,36,,1-bed,1 Bed,1,1.5,891,4059,4059,4075,available_on,2026-09-17,,
2026-09-04T01:04:15.961Z,beaudry,Beaudry,B-3709,37,,1-bed,1 Bed,1,1,860,5175,5175,5191,available_on,2026-10-24,,
2026-09-04T01:04:15.961Z,beaudry,Beaudry,B-3713,37,,2-bed,2 Bed,2,2,1192,5891,5891,5907,available_on,2026-09-03,,
2026-09-04T01:04:15.961Z,beaudry,Beaudry,B-3816,38,,2-bed,2 Bed,2,2,1192,6226,6226,6242,available_on,2026-11-12,,
2026-09-04T01:04:15.961Z,beaudry,Beaudry,B-4002,40,,studio,Studio,0,1,539,2970,2970,2986,available_on,2026-10-22,,
2026-09-04T01:04:15.961Z,beaudry,Beaudry,B-4103,41,,1-bed,1 Bed,1,1,627,3225,3225,3241,available_on,2026-11-07,,
2026-09-04T01:04:15.961Z,beaudry,Beaudry,B-4116,41,,2-bed,2 Bed,2,2,1192,6256,6256,6272,available_on,2026-09-03,,
2026-09-04T01:04:15.961Z,beaudry,Beaudry,B-4306,43,,1-bed,1 Bed,1,1,882,4450,4450,4466,available_on,2026-11-04,,
2026-09-04T01:04:15.961Z,beaudry,Beaudry,B-4413,44,,2-bed,2 Bed,2,2,1192,5961,5961,5977,available_on,2026-09-03,,
2026-09-04T01:04:15.961Z,beaudry,Beaudry,B-4504,45,,1-bed,1 Bed,1,1.5,1134,4764,4764,4780,available_on,2026-10-06,,
2026-09-04T01:04:15.961Z,beaudry,Beaudry,B-4507,45,,studio,Studio,0,1,550,3180,3180,3196,available_on,2026-10-08,,
2026-09-04T01:04:15.961Z,beaudry,Beaudry,B-4514,45,,1-bed,1 Bed,1,1,817,4380,4380,4396,available_on,2026-10-01,,
2026-09-04T01:04:15.961Z,beaudry,Beaudry,B-4615,46,,1-bed,1 Bed,1,1,568,3200,3200,3216,available_on,2026-11-15,,
2026-09-04T01:04:15.961Z,beaudry,Beaudry,B-4704,47,,1-bed,1 Bed,1,1.5,1134,4784,4784,4800,available_on,2026-09-24,,
2026-09-04T01:04:15.961Z,beaudry,Beaudry,B-4707,47,,studio,Studio,0,1,550,3200,3200,3216,available_on,2026-10-17,,
2026-09-04T01:04:15.961Z,beaudry,Beaudry,B-4713,47,,2-bed,2 Bed,2,2,1192,5991,5991,6007,available_on,2026-11-03,,
2026-09-04T01:04:15.961Z,beaudry,Beaudry,B-4714,47,,1-bed,1 Bed,1,1,817,4450,4450,4466,available_on,2026-09-17,,
2026-09-04T01:04:15.961Z,beaudry,Beaudry,B-4910,49,,1-bed,1 Bed,1,1.5,926,4355,4355,4371,available_on,2026-10-10,,
2026-09-04T01:04:15.961Z,beaudry,Beaudry,B-5002,50,,2-bed,2 Bed,2,2.5,1531,6580,6580,6596,available_on,2026-11-03,,
2026-09-04T01:04:15.961Z,beaudry,Beaudry,B-5209,52,,2-bed,2 Bed,2,2,1230,6295,6295,6311,available_on,2026-09-15,,
2026-09-04T01:04:15.961Z,beaudry,Beaudry,B-5405,54,,3-bed,3 Bed,3,2.5,1734,9047,9047,9063,available_on,2026-10-05,,
2026-09-04T01:04:15.961Z,beaudry,Beaudry,B-5607,56,,1-bed,1 Bed,1,1,1006,5610,5610,5626,available_on,2026-09-03,,
2026-09-04T01:04:15.961Z,circa-la,Circa LA,W3206,32,,1-bed,1 Bed,1,1,745,3332,3332,3382,available_on,2026-09-03,,
2026-09-04T01:04:15.961Z,circa-la,Circa LA,W3208,32,,1-bed,1 Bed,1,1,770,3617,3617,3667,available_on,2026-09-03,,
2026-09-04T01:04:15.961Z,circa-la,Circa LA,W2618,26,,1-bed,1 Bed,1,1,923,4069,4069,4119,available_on,2026-09-03,,
2026-09-04T01:04:15.961Z,circa-la,Circa LA,W2006,20,,1-bed,1 Bed,1,1,745,3377,3377,3427,available_on,2026-09-14,,
2026-09-04T01:04:15.961Z,circa-la,Circa LA,W1906,19,,1-bed,1 Bed,1,1,745,3257,3257,3307,available_on,2026-10-20,,
2026-09-04T01:04:15.961Z,circa-la,Circa LA,W1720,17,,1-bed,1 Bed,1,1,927,3440,3440,3490,available_on,2026-10-25,,
2026-09-04T01:04:15.961Z,circa-la,Circa LA,W1724,17,,2-bed,2 Bed,2,2,1463,4802,4802,4852,available_on,2026-10-28,,
2026-09-04T01:04:15.961Z,circa-la,Circa LA,W1412,14,,2-bed,2 Bed,2,2.5,1762,5527,5527,5577,available_on,2026-09-26,,
2026-09-04T01:04:15.961Z,circa-la,Circa LA,W1102,11,,1-bed,1 Bed,1,1,627,2779,2779,2829,available_on,2026-09-03,,
2026-09-04T01:04:15.961Z,circa-la,Circa LA,W1120,11,,1-bed,1 Bed,1,1,927,3265,3265,3315,available_on,2026-09-18,,
2026-09-04T01:04:15.961Z,circa-la,Circa LA,W924,9,,2-bed,2 Bed,2,2,1463,4638,4638,4688,available_on,2026-09-03,,
2026-09-04T01:04:15.961Z,circa-la,Circa LA,W926,9,,2-bed,2 Bed,2,2,1285,4330,4330,4380,available_on,2026-09-03,,
2026-09-04T01:04:15.961Z,circa-la,Circa LA,W820,8,,1-bed,1 Bed,1,1,927,3864,3864,3914,available_on,2026-09-03,,
2026-09-04T01:04:15.961Z,circa-la,Circa LA,E3201,32,,1-bed,1 Bed,1,1,627,3109,3109,3159,available_on,2026-09-03,,
2026-09-04T01:04:15.961Z,circa-la,Circa LA,E3221,32,,1-bed,1 Bed,1,1,871,3643,3643,3693,available_on,2026-09-03,,
2026-09-04T01:04:15.961Z,circa-la,Circa LA,E3001,30,,1-bed,1 Bed,1,1,627,2827,2827,2877,available_on,2026-09-03,,
2026-09-04T01:04:15.961Z,circa-la,Circa LA,E2911,29,,2-bed,2 Bed,2,2.5,1762,5677,5677,5727,available_on,2026-09-04,,
2026-09-04T01:04:15.961Z,circa-la,Circa LA,E2917,29,,1-bed,1 Bed,1,1,923,3872,3872,3922,available_on,2026-09-13,,
2026-09-04T01:04:15.961Z,circa-la,Circa LA,E2921,29,,1-bed,1 Bed,1,1,871,3644,3644,3694,available_on,2026-10-04,,
2026-09-04T01:04:15.961Z,circa-la,Circa LA,E2501,25,,1-bed,1 Bed,1,1,627,2876,2876,2926,available_on,2026-09-17,,
2026-09-04T01:04:15.961Z,circa-la,Circa LA,E2411,24,,2-bed,2 Bed,2,2.5,1762,5527,5527,5577,available_on,2026-09-17,,
2026-09-04T01:04:15.961Z,circa-la,Circa LA,E2419,24,,1-bed,1 Bed,1,1,927,3460,3460,3510,available_on,2026-09-21,,
2026-09-04T01:04:15.961Z,circa-la,Circa LA,E2223,22,,2-bed,2 Bed,2,2,1463,4976,4976,5026,available_on,2026-09-03,,
2026-09-04T01:04:15.961Z,circa-la,Circa LA,E1909,19,,1-bed,1 Bed,1,1,685,2884,2884,2934,available_on,2026-09-11,,
2026-09-04T01:04:15.961Z,circa-la,Circa LA,E1405,14,,1-bed,1 Bed,1,1,745,2941,2941,2991,available_on,2026-09-24,,
2026-09-04T01:04:15.961Z,circa-la,Circa LA,E1421,14,,1-bed,1 Bed,1,1,871,3269,3269,3319,available_on,2026-09-07,,
2026-09-04T01:04:15.961Z,circa-la,Circa LA,E1115,11,,1-bed,1 Bed,1,1,868,3269,3269,3319,available_on,2026-10-04,,
2026-09-04T01:04:15.961Z,circa-la,Circa LA,E825,8,,2-bed,2 Bed,2,2,1285,4504,4504,4554,available_on,2026-09-03,,
2026-09-04T01:04:15.961Z,circa-la,Circa LA,E3301,33,,3-bed,3 Bed,3,4.5,3984,19648,19648,19698,available_on,2026-09-03,,
2026-09-04T01:04:15.961Z,circa-la,Circa LA,E3305,33,,2-bed,2 Bed,2,2,1338,5973,5973,6023,available_on,2026-09-03,,
2026-09-04T01:04:15.961Z,circa-la,Circa LA,E3309,33,,2-bed,2 Bed,2,2.5,2087,8874,8874,8924,available_on,2026-09-29,,
2026-09-04T01:04:15.961Z,circa-la,Circa LA,W3302,33,,3-bed,3 Bed,3,4.5,3842,22738,22738,22788,available_on,2026-09-03,,
2026-09-04T01:04:15.961Z,circa-la,Circa LA,W3312,33,,3-bed,3 Bed,3,3.5,2900,17169,17169,17219,available_on,2026-09-03,,
2026-09-04T01:04:15.961Z,circa-la,Circa LA,E3411,34,,3-bed,3 Bed,3,3.5,2878,13222,13222,13272,available_on,2026-09-03,,
2026-09-04T01:04:15.961Z,circa-la,Circa LA,W3402,34,,3-bed,3 Bed,3,4.5,3842,22832,22832,22882,available_on,2026-09-03,,
2026-09-04T01:04:15.961Z,circa-la,Circa LA,W3406,34,,2-bed,2 Bed,2,2,1338,7299,7299,7349,available_on,2026-09-03,,
2026-09-04T01:04:15.961Z,circa-la,Circa LA,E3501,35,,3-bed,3 Bed,3,4.5,3984,22621,22621,22671,available_on,2026-09-03,,
2026-09-04T01:04:15.961Z,circa-la,Circa LA,E3505,35,,2-bed,2 Bed,2,2,1338,6174,6174,6224,available_on,2026-09-03,,
2026-09-04T01:04:15.961Z,circa-la,Circa LA,E3511,35,,3-bed,3 Bed,3,3.5,2878,14973,14973,15023,available_on,2026-09-03,,
2026-09-04T01:04:15.961Z,circa-la,Circa LA,W3502,35,,3-bed,3 Bed,3,4.5,3842,23554,23554,23604,available_on,2026-09-03,,
2026-09-04T01:04:15.961Z,circa-la,Circa LA,W3508,35,,2-bed,2 Bed,2,2,1524,8045,8045,8095,available_on,2026-10-31,,
2026-09-04T01:04:15.961Z,circa-la,Circa LA,W3512,35,,3-bed,3 Bed,3,3.5,2900,17543,17543,17593,available_on,2026-09-03,,
